# theta1,theta2,theta1_dot,theta2_dot
-2.957059070467948914e-03,2.508547592163085938e+01,4.553678445518016815e-05,1.144409179687500000e-05
-2.911522286012768745e-03,2.508548736572265625e+01,-1.408027019351720810e-04,0.000000000000000000e+00
-3.052324987947940826e-03,2.508548736572265625e+01,3.477954305708408356e-05,-1.907348632812500000e-06
-3.017545444890856743e-03,2.508548545837402344e+01,7.433537393808364868e-05,1.335144042968750000e-05
-2.943210070952773094e-03,2.508549880981445312e+01,-5.918461829423904419e-05,7.629394531250000000e-06
-3.002394689247012138e-03,2.508550643920898438e+01,7.756752893328666687e-05,-6.866455078125000000e-05
-2.924827160313725471e-03,2.508543777465820312e+01,-6.241025403141975403e-05,1.144409179687500000e-05
-2.987237414345145226e-03,2.508544921875000000e+01,3.631692379713058472e-05,4.386901855468750000e-05
-2.950920490548014641e-03,2.508549308776855469e+01,-5.333893932402133942e-05,-4.386901855468750000e-05
-3.004259429872035980e-03,2.508544921875000000e+01,-1.341220922768115997e-05,3.051757812500000000e-05
-3.017671639099717140e-03,2.508547973632812500e+01,9.054550901055335999e-05,-1.087188720703125000e-04
-2.927126130089163780e-03,2.508537101745605469e+01,1.559499651193618774e-06,8.773803710937500000e-05
-2.925566630437970161e-03,2.508545875549316406e+01,-6.316229701042175293e-05,1.049041748046875000e-04
-2.988728927448391914e-03,2.508556365966796875e+01,-3.892765380442142487e-05,-2.670288085937500000e-05
-3.027656581252813339e-03,2.508553695678710938e+01,9.448174387216567993e-05,-9.918212890625000000e-05
-2.933174837380647659e-03,2.508543777465820312e+01,-9.943754412233829498e-05,6.484985351562500000e-05
-3.032612381502985954e-03,2.508550262451171875e+01,5.676760338246822357e-05,-6.866455078125000000e-05
-2.975844778120517731e-03,2.508543395996093750e+01,1.609674654901027679e-05,9.536743164062500000e-05
-2.959748031571507454e-03,2.508552932739257812e+01,1.011081039905548096e-04,-6.866455078125000000e-05
-2.858639927580952644e-03,2.508546066284179688e+01,-1.286047045141458511e-04,1.525878906250000000e-05
-2.987244632095098495e-03,2.508547592163085938e+01,6.955489516258239746e-05,4.196166992187500000e-05
-2.917689736932516098e-03,2.508551788330078125e+01,-1.150702591985464096e-04,-3.051757812500000000e-05
-3.032759996131062508e-03,2.508548736572265625e+01,1.096674241125583649e-04,1.125335693359375000e-04
-2.923092572018504143e-03,2.508559989929199219e+01,-9.374693036079406738e-06,-1.678466796875000000e-04
-2.932467265054583549e-03,2.508543205261230469e+01,-8.102250285446643829e-05,-5.722045898437500000e-06
-3.013489767909049988e-03,2.508542633056640625e+01,5.391333252191543579e-05,1.602172851562500000e-04
-2.959576435387134552e-03,2.508558654785156250e+01,-8.056708611547946930e-05,-1.163482666015625000e-04
-3.040143521502614021e-03,2.508547019958496094e+01,-2.582068555057048798e-05,1.525878906250000000e-05
-3.065964207053184509e-03,2.508548545837402344e+01,9.201583452522754669e-05,-2.098083496093750000e-05
-2.973948372527956963e-03,2.508546447753906250e+01,2.924981527030467987e-05,7.629394531250000000e-05
-2.944698557257652283e-03,2.508554077148437500e+01,-1.926720142364501953e-05,-9.536743164062500000e-05
-2.963965758681297302e-03,2.508544540405273438e+01,-1.242228318005800247e-04,1.716613769531250000e-05
-3.088188590481877327e-03,2.508546257019042969e+01,1.496430486440658569e-04,9.727478027343750000e-05
-2.938545541837811470e-03,2.508555984497070312e+01,-2.029724419116973877e-05,-8.773803710937500000e-05
-2.958842786028981209e-03,2.508547210693359375e+01,1.357728615403175354e-05,4.196166992187500000e-05
-2.945265499874949455e-03,2.508551406860351562e+01,7.749674841761589050e-05,-9.727478027343750000e-05
-2.867768751457333565e-03,2.508541679382324219e+01,-9.556068107485771179e-06,1.640319824218750000e-04
-2.877324819564819336e-03,2.508558082580566406e+01,-4.667975008487701416e-05,-9.727478027343750000e-05
-2.924004569649696350e-03,2.508548355102539062e+01,-6.474088877439498901e-05,-3.051757812500000000e-05
-2.988745458424091339e-03,2.508545303344726562e+01,-1.161661930382251740e-05,0.000000000000000000e+00
-3.000362077727913857e-03,2.508545303344726562e+01,1.666857860982418060e-05,-3.242492675781250000e-05
-2.983693499118089676e-03,2.508542060852050781e+01,3.834231756627559662e-05,-1.907348632812500000e-06
-2.945351181551814079e-03,2.508541870117187500e+01,3.532809205353260040e-05,-1.335144042968750000e-05
-2.910023089498281479e-03,2.508540534973144531e+01,2.667447552084922791e-05,7.820129394531250000e-05
-2.883348613977432251e-03,2.508548355102539062e+01,-1.064967364072799683e-06,1.068115234375000000e-04
-2.884413581341505051e-03,2.508559036254882812e+01,-7.376703433692455292e-05,-1.792907714843750000e-04
-2.958180615678429604e-03,2.508541107177734375e+01,-3.464752808213233948e-06,-1.907348632812500000e-05
-2.961645368486642838e-03,2.508539199829101562e+01,-7.704831659793853760e-06,6.484985351562500000e-05
-2.969350200146436691e-03,2.508545684814453125e+01,-1.360126771032810211e-05,9.536743164062500000e-05
-2.982951467856764793e-03,2.508555221557617188e+01,4.917383193969726562e-07,-1.144409179687500000e-05
-2.982459729537367821e-03,2.508554077148437500e+01,4.609837196767330170e-05,-4.386901855468750000e-05
-2.936361357569694519e-03,2.508549690246582031e+01,-1.192169729620218277e-04,-1.354217529296875000e-04
-3.055578330531716347e-03,2.508536148071289062e+01,6.524543277919292450e-05,2.670288085937500000e-05
-2.990332897752523422e-03,2.508538818359375000e+01,-7.588416337966918945e-06,6.866455078125000000e-05
-2.997921314090490341e-03,2.508545684814453125e+01,-5.350913852453231812e-06,-9.536743164062500000e-06
-3.003272227942943573e-03,2.508544731140136719e+01,1.290142536163330078e-04,-2.479553222656250000e-05
-2.874257974326610565e-03,2.508542251586914062e+01,-7.959362119436264038e-05,2.670288085937500000e-05
-2.953851595520973206e-03,2.508544921875000000e+01,-1.162372063845396042e-04,8.583068847656250000e-05
-3.070088801905512810e-03,2.508553504943847656e+01,1.428585965186357498e-04,-5.912780761718750000e-05
-2.927230205386877060e-03,2.508547592163085938e+01,-2.509215846657752991e-05,6.103515625000000000e-05
-2.952322363853454590e-03,2.508553695678710938e+01,-1.156167127192020416e-05,-1.182556152343750000e-04
-2.963884035125374794e-03,2.508541870117187500e+01,-6.463890895247459412e-05,5.722045898437500000e-05
-3.028522944077849388e-03,2.508547592163085938e+01,5.033449269831180573e-05,5.340576171875000000e-05
-2.978188451379537582e-03,2.508552932739257812e+01,2.255942672491073608e-05,-1.220703125000000000e-04
-2.955629024654626846e-03,2.508540725708007812e+01,-2.063601277768611908e-05,9.918212890625000000e-05
-2.976265037432312965e-03,2.508550643920898438e+01,-1.659826375544071198e-05,3.433227539062500000e-05
-2.992863301187753677e-03,2.508554077148437500e+01,9.468127973377704620e-05,-7.629394531250000000e-06
-2.898182021453976631e-03,2.508553314208984375e+01,-6.544869393110275269e-07,-1.525878906250000000e-05
-2.898836508393287659e-03,2.508551788330078125e+01,-1.122315879911184311e-04,-1.144409179687500000e-05
-3.011068096384406090e-03,2.508550643920898438e+01,4.019192419946193695e-05,-3.623962402343750000e-05
-2.970876172184944153e-03,2.508547019958496094e+01,-7.604062557220458984e-05,-4.005432128906250000e-05
-3.046916797757148743e-03,2.508543014526367188e+01,1.218223478645086288e-04,-1.525878906250000000e-05
-2.925094449892640114e-03,2.508541488647460938e+01,1.092313323169946671e-04,2.670288085937500000e-05
-2.815863117575645447e-03,2.508544158935546875e+01,-1.633439678698778152e-04,7.629394531250000000e-05
-2.979207085445523262e-03,2.508551788330078125e+01,1.680874265730381012e-05,-5.722045898437500000e-05
-2.962398342788219452e-03,2.508546066284179688e+01,-7.694470696151256561e-05,3.433227539062500000e-05
-3.039343049749732018e-03,2.508549499511718750e+01,7.955427281558513641e-05,-3.814697265625000000e-06
-2.959788776934146881e-03,2.508549118041992188e+01,1.601781696081161499e-05,-7.247924804687500000e-05
-2.943770959973335266e-03,2.508541870117187500e+01,1.923460513353347778e-05,4.959106445312500000e-05
-2.924536354839801788e-03,2.508546829223632812e+01,-8.642557077109813690e-05,4.386901855468750000e-05
-3.010961925610899925e-03,2.508551216125488281e+01,6.217742338776588440e-05,-1.029968261718750000e-04
-2.948784502223134041e-03,2.508540916442871094e+01,-9.335414506494998932e-05,8.201599121093750000e-05
-3.042138647288084030e-03,2.508549118041992188e+01,4.398194141685962677e-05,1.525878906250000000e-05
-2.998156705871224403e-03,2.508550643920898438e+01,-8.231401443481445312e-05,-5.149841308593750000e-05
-3.080470720306038857e-03,2.508545494079589844e+01,1.444271765649318695e-04,3.623962402343750000e-05
-2.936043543741106987e-03,2.508549118041992188e+01,-5.645211786031723022e-05,-6.484985351562500000e-05
-2.992495661601424217e-03,2.508542633056640625e+01,1.669302582740783691e-05,2.670288085937500000e-05
-2.975802635774016380e-03,2.508545303344726562e+01,-5.721021443605422974e-05,2.670288085937500000e-05
-3.033012850210070610e-03,2.508547973632812500e+01,3.912602551281452179e-05,5.722045898437500000e-05
-2.993886824697256088e-03,2.508553695678710938e+01,5.296338349580764771e-05,-5.722045898437500000e-05
-2.940923441201448441e-03,2.508547973632812500e+01,-1.021570060402154922e-04,3.433227539062500000e-05
-3.043080447241663933e-03,2.508551406860351562e+01,5.315360613167285919e-05,-4.196166992187500000e-05
-2.989926841109991074e-03,2.508547210693359375e+01,-3.337603993713855743e-05,0.000000000000000000e+00
-3.023302881047129631e-03,2.508547210693359375e+01,1.057044137269258499e-04,-2.288818359375000000e-05
-2.917598467320203781e-03,2.508544921875000000e+01,-6.081513129174709320e-05,-1.144409179687500000e-05
-2.978413598611950874e-03,2.508543777465820312e+01,7.122452370822429657e-05,3.433227539062500000e-05
-2.907189074903726578e-03,2.508547210693359375e+01,-5.345977842807769775e-05,5.722045898437500000e-06
-2.960648853331804276e-03,2.508547782897949219e+01,-3.448221832513809204e-06,1.144409179687500000e-05
-2.964097075164318085e-03,2.508548927307128906e+01,-4.387716762721538544e-05,-8.964538574218750000e-05
-3.007974242791533470e-03,2.508539962768554688e+01,-2.724654041230678558e-05,1.182556152343750000e-04
-3.035220783203840256e-03,2.508551788330078125e+01,3.448780626058578491e-05,-5.722045898437500000e-05
-3.000732976943254471e-03,2.508546066284179688e+01,6.140652112662792206e-05,-1.144409179687500000e-05
-2.939326455816626549e-03,2.508544921875000000e+01,-4.178564995527267456e-05,-6.484985351562500000e-05
-2.981112105771899223e-03,2.508538436889648438e+01,2.401228994131088257e-05,8.201599121093750000e-05
-2.957099815830588341e-03,2.508546638488769531e+01,-6.290222518146038055e-05,1.277923583984375000e-04
-3.020002041012048721e-03,2.508559417724609375e+01,4.350696690380573273e-05,-1.564025878906250000e-04
-2.976495074108242989e-03,2.508543777465820312e+01,-7.099169306457042694e-05,-6.294250488281250000e-05
-3.047486767172813416e-03,2.508537483215332031e+01,7.440731860697269440e-05,8.392333984375000000e-05
-2.973079448565840721e-03,2.508545875549316406e+01,-1.331581734120845795e-05,5.149841308593750000e-05
-2.986395265907049179e-03,2.508551025390625000e+01,-4.596658982336521149e-05,-3.814697265625000000e-06
-3.032361855730414391e-03,2.508550643920898438e+01,1.081582158803939819e-04,-1.106262207031250000e-04
-2.924203639850020409e-03,2.508539581298828125e+01,-1.986045390367507935e-06,1.068115234375000000e-04
-2.926189685240387917e-03,2.508550262451171875e+01,-7.632980123162269592e-05,-6.484985351562500000e-05
-3.002519486472010612e-03,2.508543777465820312e+01,3.798701800405979156e-05,-3.814697265625000000e-05
-2.964532468467950821e-03,2.508539962768554688e+01,-6.203236989676952362e-05,9.918212890625000000e-05
-3.026564838364720345e-03,2.508549880981445312e+01,5.829380825161933899e-06,-2.288818359375000000e-05
-3.020735457539558411e-03,2.508547592163085938e+01,-4.621897824108600616e-05,6.484985351562500000e-05
-3.066954435780644417e-03,2.508554077148437500e+01,1.398492604494094849e-04,-6.484985351562500000e-05
-2.927105175331234932e-03,2.508547592163085938e+01,-7.530045695602893829e-05,7.057189941406250000e-05
-3.002405632287263870e-03,2.508554649353027344e+01,4.048692062497138977e-06,-8.773803710937500000e-05
-2.998356940224766731e-03,2.508545875549316406e+01,7.279240526258945465e-05,5.531311035156250000e-05
-2.925564534962177277e-03,2.508551406860351562e+01,-1.198705285787582397e-05,-9.536743164062500000e-06
-2.937551587820053101e-03,2.508550453186035156e+01,-6.757047958672046661e-05,-1.716613769531250000e-05
-3.005122067406773567e-03,2.508548736572265625e+01,5.102320574223995209e-05,-5.912780761718750000e-05
-2.954098861664533615e-03,2.508542823791503906e+01,-4.841410554945468903e-05,4.386901855468750000e-05
-3.002512967213988304e-03,2.508547210693359375e+01,3.065355122089385986e-05,-1.659393310546875000e-04
-2.971859415993094444e-03,2.508530616760253906e+01,9.151641279458999634e-06,7.438659667968750000e-05
-2.962707774713635445e-03,2.508538055419921875e+01,7.658475078642368317e-05,1.640319824218750000e-04
-2.886123023927211761e-03,2.508554458618164062e+01,-1.051428262144327164e-04,-7.629394531250000000e-05
-2.991265850141644478e-03,2.508546829223632812e+01,-2.372218295931816101e-05,-4.768371582031250000e-05
-3.014988033100962639e-03,2.508542060852050781e+01,6.406963802874088287e-05,1.544952392578125000e-04
-2.950918395072221756e-03,2.508557510375976562e+01,-3.348290920257568359e-05,-7.820129394531250000e-05
-2.984401304274797440e-03,2.508549690246582031e+01,9.457813575863838196e-06,-4.768371582031250000e-05
-2.974943490698933601e-03,2.508544921875000000e+01,5.056476220488548279e-05,4.577636718750000000e-05
-2.924378728494048119e-03,2.508549499511718750e+01,-8.691172115504741669e-05,2.670288085937500000e-05
-3.011290449649095535e-03,2.508552169799804688e+01,7.650069892406463623e-05,-6.484985351562500000e-05
-2.934789750725030899e-03,2.508545684814453125e+01,-3.699841909110546112e-05,1.335144042968750000e-05
-2.971788169816136360e-03,2.508547019958496094e+01,-1.197603996843099594e-04,3.623962402343750000e-05
-3.091548569500446320e-03,2.508550643920898438e+01,2.294052392244338989e-04,7.629394531250000000e-06
-2.862143330276012421e-03,2.508551406860351562e+01,-1.170982141047716141e-04,-8.392333984375000000e-05
-2.979241544380784035e-03,2.508543014526367188e+01,-1.647812314331531525e-05,1.525878906250000000e-04
-2.995719667524099350e-03,2.508558273315429688e+01,-2.861325629055500031e-05,-3.814697265625000000e-05
-3.024332923814654350e-03,2.508554458618164062e+01,-2.324371598660945892e-05,-7.247924804687500000e-05
-3.047576639801263809e-03,2.508547210693359375e+01,3.448291681706905365e-05,8.392333984375000000e-05
-3.013093722984194756e-03,2.508555603027343750e+01,2.387282438576221466e-05,-3.814697265625000000e-06
-2.989220898598432541e-03,2.508555221557617188e+01,4.269275814294815063e-05,-4.959106445312500000e-05
-2.946528140455484390e-03,2.508550262451171875e+01,-3.477092832326889038e-06,-5.340576171875000000e-05
-2.950005233287811279e-03,2.508544921875000000e+01,-4.031835123896598816e-05,-1.716613769531250000e-05
-2.990323584526777267e-03,2.508543205261230469e+01,1.347253564745187759e-04,4.386901855468750000e-05
-2.855598228052258492e-03,2.508547592163085938e+01,-1.444343943148851395e-04,-2.288818359375000000e-05
-3.000032622367143631e-03,2.508545303344726562e+01,1.785741187632083893e-05,-3.433227539062500000e-05
-2.982175210490822792e-03,2.508541870117187500e+01,-9.484821930527687073e-06,1.163482666015625000e-04
-2.991660032421350479e-03,2.508553504943847656e+01,1.925532706081867218e-05,-7.820129394531250000e-05
-2.972404705360531807e-03,2.508545684814453125e+01,-4.939804784953594208e-05,7.247924804687500000e-05
-3.021802753210067749e-03,2.508552932739257812e+01,-2.645328640937805176e-05,-9.727478027343750000e-05
-3.048256039619445801e-03,2.508543205261230469e+01,1.385305076837539673e-04,-1.907348632812500000e-06
-2.909725531935691833e-03,2.508543014526367188e+01,-6.181932985782623291e-05,7.629394531250000000e-05
-2.971544861793518066e-03,2.508550643920898438e+01,3.014528192579746246e-05,-3.814697265625000000e-06
-2.941399579867720604e-03,2.508550262451171875e+01,-7.852097041904926300e-05,2.670288085937500000e-05
-3.019920550286769867e-03,2.508552932739257812e+01,1.119854860007762909e-04,-8.392333984375000000e-05
-2.907935064285993576e-03,2.508544540405273438e+01,-1.338259316980838776e-04,8.392333984375000000e-05
-3.041760995984077454e-03,2.508552932739257812e+01,-2.473639324307441711e-05,-4.577636718750000000e-05
-3.066497389227151871e-03,2.508548355102539062e+01,1.366236247122287750e-04,-1.144409179687500000e-05
-2.929873764514923096e-03,2.508547210693359375e+01,-9.262235835194587708e-05,6.294250488281250000e-05
-3.022496122866868973e-03,2.508553504943847656e+01,2.585607580840587616e-05,-5.149841308593750000e-05
-2.996640047058463097e-03,2.508548355102539062e+01,1.652655191719532013e-05,-1.716613769531250000e-05
-2.980113495141267776e-03,2.508546638488769531e+01,-1.792353577911853790e-05,-6.675720214843750000e-05
-2.998037030920386314e-03,2.508539962768554688e+01,7.519009523093700409e-05,1.182556152343750000e-04
-2.922846935689449310e-03,2.508551788330078125e+01,-1.089358702301979065e-04,1.907348632812500000e-05
-3.031782805919647217e-03,2.508553695678710938e+01,1.231590285897254944e-04,-1.029968261718750000e-04
-2.908623777329921722e-03,2.508543395996093750e+01,-2.902257256209850311e-05,8.392333984375000000e-05
-2.937646349892020226e-03,2.508551788330078125e+01,-1.341563183814287186e-04,-2.098083496093750000e-05
-3.071802668273448944e-03,2.508549690246582031e+01,8.284114301204681396e-07,6.675720214843750000e-05
-3.070974256843328476e-03,2.508556365966796875e+01,1.228267792612314224e-04,5.722045898437500000e-06
-2.948147477582097054e-03,2.508556938171386719e+01,-2.584978938102722168e-05,-9.727478027343750000e-05
-2.973997266963124275e-03,2.508547210693359375e+01,3.803987056016921997e-06,7.629394531250000000e-05
-2.970193279907107353e-03,2.508554840087890625e+01,3.000674769282341003e-05,5.722045898437500000e-05
-2.940186532214283943e-03,2.508560562133789062e+01,-9.975628927350044250e-06,-7.629394531250000000e-05
-2.950162161141633987e-03,2.508552932739257812e+01,5.443813279271125793e-05,-9.155273437500000000e-05
-2.895724028348922729e-03,2.508543777465820312e+01,-9.968806989490985870e-05,7.247924804687500000e-05
-2.995412098243832588e-03,2.508551025390625000e+01,8.014962077140808105e-05,3.814697265625000000e-05
-2.915262477472424507e-03,2.508554840087890625e+01,-1.697679981589317322e-04,-9.536743164062500000e-05
-3.085030475631356239e-03,2.508545303344726562e+01,1.420632470399141312e-04,8.010864257812500000e-05
-2.942967228591442108e-03,2.508553314208984375e+01,-3.299349918961524963e-05,-4.196166992187500000e-05
-2.975960727781057358e-03,2.508549118041992188e+01,-3.632367588579654694e-05,2.670288085937500000e-05
-3.012284403666853905e-03,2.508551788330078125e+01,5.295407027006149292e-05,-1.907348632812500000e-05
-2.959330333396792412e-03,2.508549880981445312e+01,7.117539644241333008e-05,3.814697265625000000e-06
-2.888154936954379082e-03,2.508550262451171875e+01,-7.333909161388874054e-05,-4.768371582031250000e-05
-2.961494028568267822e-03,2.508545494079589844e+01,1.525762490928173065e-05,1.907348632812500000e-06
-2.946236403658986092e-03,2.508545684814453125e+01,-2.343836240470409393e-05,-9.536743164062500000e-06
-2.969674766063690186e-03,2.508544731140136719e+01,-1.901085488498210907e-05,8.201599121093750000e-05
-2.988685620948672295e-03,2.508552932739257812e+01,9.149080142378807068e-06,-8.010864257812500000e-05
-2.979536540806293488e-03,2.508544921875000000e+01,5.213636904954910278e-05,-9.727478027343750000e-05
-2.927400171756744385e-03,2.508535194396972656e+01,-1.440504565834999084e-04,1.964569091796875000e-04
-3.071450628340244293e-03,2.508554840087890625e+01,7.079890929162502289e-05,-1.182556152343750000e-04
-3.000651719048619270e-03,2.508543014526367188e+01,-3.132317215204238892e-05,8.773803710937500000e-05
-3.031974891200661659e-03,2.508551788330078125e+01,-7.809838280081748962e-06,7.629394531250000000e-06
-3.039784729480743408e-03,2.508552551269531250e+01,7.364293560385704041e-05,3.814697265625000000e-05
-2.966141793876886368e-03,2.508556365966796875e+01,1.577520743012428284e-05,-1.220703125000000000e-04
-2.950366586446762085e-03,2.508544158935546875e+01,-3.249617293477058411e-05,1.144409179687500000e-05
-2.982862759381532669e-03,2.508545303344726562e+01,-3.042304888367652893e-05,9.536743164062500000e-05
-3.013285808265209198e-03,2.508554840087890625e+01,8.218153379857540131e-05,-1.182556152343750000e-04
-2.931104274466633797e-03,2.508543014526367188e+01,1.435005106031894684e-05,5.722045898437500000e-05
-2.916754223406314850e-03,2.508548736572265625e+01,-9.132153354585170746e-05,1.907348632812500000e-05
-3.008075756952166557e-03,2.508550643920898438e+01,4.671351052820682526e-05,9.536743164062500000e-05
-2.961362246423959732e-03,2.508560180664062500e+01,-1.138076186180114746e-05,-1.049041748046875000e-04
-2.972743008285760880e-03,2.508549690246582031e+01,1.177769154310226440e-04,1.144409179687500000e-05
-2.854966092854738235e-03,2.508550834655761719e+01,-1.823350321501493454e-04,-2.479553222656250000e-05
-3.037301125004887581e-03,2.508548355102539062e+01,3.121304325759410858e-05,3.051757812500000000e-05
-3.006088081747293472e-03,2.508551406860351562e+01,1.351395621895790100e-05,-4.196166992187500000e-05
-2.992574125528335571e-03,2.508547210693359375e+01,-7.312768138945102692e-05,-9.536743164062500000e-06
-3.065701806917786598e-03,2.508546257019042969e+01,2.578296698629856110e-05,7.057189941406250000e-05
-3.039918839931488037e-03,2.508553314208984375e+01,6.526708602905273438e-05,-1.907348632812500000e-05
-2.974651753902435303e-03,2.508551406860351562e+01,1.255224924534559250e-04,-3.051757812500000000e-05
-2.849129261448979378e-03,2.508548355102539062e+01,-8.324859663844108582e-05,-3.051757812500000000e-05
-2.932377858087420464e-03,2.508545303344726562e+01,-3.001582808792591095e-05,2.861022949218750000e-05
-2.962393686175346375e-03,2.508548164367675781e+01,1.100334338843822479e-05,-1.335144042968750000e-05
-2.951390342786908150e-03,2.508546829223632812e+01,-4.695518873631954193e-05,7.247924804687500000e-05
-2.998345531523227692e-03,2.508554077148437500e+01,7.413537241518497467e-05,-1.335144042968750000e-05
-2.924210159108042717e-03,2.508552742004394531e+01,-1.126911956816911697e-04,-8.964538574218750000e-05
-3.036901354789733887e-03,2.508543777465820312e+01,1.700813882052898407e-04,4.959106445312500000e-05
-2.866819966584444046e-03,2.508548736572265625e+01,-1.768432557582855225e-04,-7.629394531250000000e-06
-3.043663222342729568e-03,2.508547973632812500e+01,7.478613406419754028e-05,-6.675720214843750000e-05
-2.968877088278532028e-03,2.508541297912597656e+01,-2.014427445828914642e-05,1.316070556640625000e-04
-2.989021362736821175e-03,2.508554458618164062e+01,4.314165562391281128e-05,-4.196166992187500000e-05
-2.945879707112908363e-03,2.508550262451171875e+01,-7.034721784293651581e-05,2.670288085937500000e-05
-3.016226924955844879e-03,2.508552932739257812e+01,3.418000414967536926e-05,-9.155273437500000000e-05
-2.982046920806169510e-03,2.508543777465820312e+01,3.584916703402996063e-05,-1.525878906250000000e-05
-2.946197753772139549e-03,2.508542251586914062e+01,2.071936614811420441e-05,6.484985351562500000e-05
-2.925478387624025345e-03,2.508548736572265625e+01,-5.381926894187927246e-05,-7.820129394531250000e-05
-2.979297656565904617e-03,2.508540916442871094e+01,-4.989397712051868439e-05,1.163482666015625000e-04
-3.029191633686423302e-03,2.508552551269531250e+01,3.302865661680698395e-05,-3.051757812500000000e-05
-2.996162977069616318e-03,2.508549499511718750e+01,2.922001294791698456e-05,1.525878906250000000e-04
-2.966942964121699333e-03,2.508564758300781250e+01,-2.657249569892883301e-05,7.228851318359375000e-04
-2.993515459820628166e-03,2.508637046813964844e+01,1.007854007184505463e-04,9.574890136718750000e-04
-2.892730059102177620e-03,2.508732795715332031e+01,2.178386785089969635e-05,1.298904418945312500e-03
-2.870946191251277924e-03,2.508862686157226562e+01,1.547259744256734848e-04,9.250640869140625000e-04
-2.716220216825604439e-03,2.508955192565917969e+01,2.002236433327198029e-04,1.016616821289062500e-03
-2.515996573492884636e-03,2.509056854248046875e+01,2.339393831789493561e-04,6.904602050781250000e-04
-2.282057190313935280e-03,2.509125900268554688e+01,2.250166144222021103e-04,7.476806640625000000e-04
-2.057040575891733170e-03,2.509200668334960938e+01,2.261102199554443359e-04,7.095336914062500000e-04
-1.830930355936288834e-03,2.509271621704101562e+01,3.038995200768113136e-04,4.138946533203125000e-04
-1.527030835859477520e-03,2.509313011169433594e+01,2.996193943545222282e-04,1.869201660156250000e-04
-1.227411441504955292e-03,2.509331703186035156e+01,2.173165557906031609e-04,1.640319824218750000e-04
-1.010094885714352131e-03,2.509348106384277344e+01,2.017490332946181297e-04,1.792907714843750000e-04
-8.083458524197340012e-04,2.509366035461425781e+01,1.566865830682218075e-04,2.632141113281250000e-04
-6.516592693515121937e-04,2.509392356872558594e+01,3.196406178176403046e-04,1.583099365234375000e-04
-3.320186515338718891e-04,2.509408187866210938e+01,-6.584916263818740845e-05,7.629394531250000000e-05
-3.978678141720592976e-04,2.509415817260742188e+01,1.291054068133234978e-04,-7.438659667968750000e-05
-2.687624073587357998e-04,2.509408378601074219e+01,3.223355452064424753e-05,1.335144042968750000e-05
-2.365288528380915523e-04,2.509409713745117188e+01,1.636086381040513515e-06,-4.577636718750000000e-05
-2.348927664570510387e-04,2.509405136108398438e+01,-2.969408524222671986e-05,-7.629394531250000000e-06
-2.645868516992777586e-04,2.509404373168945312e+01,-2.998553100042045116e-05,8.010864257812500000e-05
-2.945723826996982098e-04,2.509412384033203125e+01,-5.873382906429469585e-05,-7.057189941406250000e-05
-3.533062117639929056e-04,2.509405326843261719e+01,1.501152291893959045e-05,5.531311035156250000e-05
-3.382946888450533152e-04,2.509410858154296875e+01,-2.188155485782772303e-04,4.577636718750000000e-05
-5.571102374233305454e-04,2.509415435791015625e+01,-1.687816693447530270e-04,2.288818359375000000e-05
-7.258919067680835724e-04,2.509417724609375000e+01,-1.480302307754755020e-04,-1.144409179687500000e-05
-8.739221375435590744e-04,2.509416580200195312e+01,-1.333839027211070061e-04,3.051757812500000000e-05
-1.007306040264666080e-03,2.509419631958007812e+01,-3.070672973990440369e-04,-1.525878906250000000e-04
-1.314373337663710117e-03,2.509404373168945312e+01,-3.193033626303076744e-04,8.583068847656250000e-05
-1.633676700294017792e-03,2.509412956237792969e+01,-2.298082690685987473e-04,2.479553222656250000e-05
-1.863484969362616539e-03,2.509415435791015625e+01,-2.994057722389698029e-04,1.983642578125000000e-04
-2.162890741601586342e-03,2.509435272216796875e+01,-8.989078924059867859e-05,1.792907714843750000e-04
-2.252781530842185020e-03,2.509453201293945312e+01,-5.083694122731685638e-05,-5.912780761718750000e-05
-2.303618472069501877e-03,2.509447288513183594e+01,6.912252865731716156e-05,6.294250488281250000e-05
-2.234495943412184715e-03,2.509453582763671875e+01,1.044613309204578400e-04,5.722045898437500000e-05
-2.130034612491726875e-03,2.509459304809570312e+01,7.552513852715492249e-05,8.392333984375000000e-05
-2.054509473964571953e-03,2.509467697143554688e+01,2.838578075170516968e-05,1.735687255859375000e-04
-2.026123693212866783e-03,2.509485054016113281e+01,1.208824105560779572e-04,8.583068847656250000e-05
-1.905241282656788826e-03,2.509493637084960938e+01,6.942660547792911530e-06,-2.288818359375000000e-05
-1.898298622108995914e-03,2.509491348266601562e+01,2.102031139656901360e-04,-4.005432128906250000e-05
-1.688095508143305779e-03,2.509487342834472656e+01,1.648056786507368088e-05,1.544952392578125000e-04
-1.671614940278232098e-03,2.509502792358398438e+01,6.436323747038841248e-05,3.623962402343750000e-04
-1.607251702807843685e-03,2.509539031982421875e+01,6.504263728857040405e-05,3.757476806640625000e-04
-1.542209065519273281e-03,2.509576606750488281e+01,-5.825085099786520004e-05,5.321502685546875000e-04
-1.600459916517138481e-03,2.509629821777343750e+01,6.042257882654666901e-05,6.542205810546875000e-04
-1.540037337690591812e-03,2.509695243835449219e+01,6.338965613394975662e-05,7.495880126953125000e-04
-1.476647681556642056e-03,2.509770202636718750e+01,2.934156218543648720e-04,5.493164062500000000e-04
-1.183232059702277184e-03,2.509825134277343750e+01,1.744657056406140327e-04,1.529693603515625000e-03
-1.008766354061663151e-03,2.509978103637695312e+01,2.153078094124794006e-05,2.752304077148437500e-03
-9.872355731204152107e-04,2.510253334045410156e+01,-1.147813163697719574e-04,3.498077392578125000e-03
-1.102016889490187168e-03,2.510603141784667969e+01,6.525777280330657959e-05,3.084182739257812500e-03
-1.036759116686880589e-03,2.510911560058593750e+01,1.775706186890602112e-05,3.116607666015625000e-03
-1.019002054817974567e-03,2.511223220825195312e+01,-1.877290196716785431e-05,3.971099853515625000e-03
-1.037774956785142422e-03,2.511620330810546875e+01,5.223136395215988159e-05,3.440856933593750000e-03
-9.855435928329825401e-04,2.511964416503906250e+01,4.074000753462314606e-05,4.135131835937500000e-03
-9.448035852983593941e-04,2.512377929687500000e+01,-2.986326580867171288e-05,4.859924316406250000e-03
-9.746668511070311069e-04,2.512863922119140625e+01,5.029019666835665703e-05,4.390716552734375000e-03
-9.243766544386744499e-04,2.513302993774414062e+01,5.732750287279486656e-05,4.261016845703125000e-03
-8.670491515658795834e-04,2.513729095458984375e+01,6.103230407461524010e-05,4.917144775390625000e-03
-8.060168474912643433e-04,2.514220809936523438e+01,1.679625711403787136e-04,4.405975341796875000e-03
-6.380542763508856297e-04,2.514661407470703125e+01,3.138498868793249130e-06,5.737304687500000000e-03
-6.349157774820923805e-04,2.515235137939453125e+01,1.282994635403156281e-04,5.496978759765625000e-03
-5.066163139417767525e-04,2.515784835815429688e+01,2.259533212054520845e-04,5.086898803710937500e-03
-2.806629927363246679e-04,2.516293525695800781e+01,1.310699008172377944e-04,5.491256713867187500e-03
-1.495930919190868735e-04,2.516842651367187500e+01,7.470829586964100599e-05,6.134033203125000000e-03
-7.488479604944586754e-05,2.517456054687500000e+01,1.095110055757686496e-04,6.479263305664062500e-03
3.462620952632278204e-05,2.518103981018066406e+01,9.982121991924941540e-05,5.958557128906250000e-03
1.344474294455721974e-04,2.518699836730957031e+01,2.472976193530485034e-04,6.181716918945312500e-03
3.817450487986207008e-04,2.519318008422851562e+01,2.460661926306784153e-05,7.061004638671875000e-03
4.063516680616885424e-04,2.520024108886718750e+01,9.876224794425070286e-05,7.518768310546875000e-03
5.051139160059392452e-04,2.520775985717773438e+01,2.357224002480506897e-04,6.401062011718750000e-03
7.408363162539899349e-04,2.521416091918945312e+01,1.921186922118067741e-04,8.121490478515625000e-03
9.329550084657967091e-04,2.522228240966796875e+01,1.459724153392016888e-04,9.616851806640625000e-03
1.078927423804998398e-03,2.523189926147460938e+01,2.952431095764040947e-04,7.863998413085937500e-03
1.374170533381402493e-03,2.523976325988769531e+01,1.788387307897210121e-04,9.696960449218750000e-03
1.553009264171123505e-03,2.524946022033691406e+01,3.489756491035223007e-04,1.112174987792968750e-02
1.901984913274645805e-03,2.526058197021484375e+01,4.215408116579055786e-04,1.024246215820312500e-02
2.323525724932551384e-03,2.527082443237304688e+01,2.949056215584278107e-04,9.597778320312500000e-03
2.618431346490979195e-03,2.528042221069335938e+01,4.718878772109746933e-04,1.063919067382812500e-02
3.090319223701953888e-03,2.529106140136718750e+01,5.508197937160730362e-04,1.346588134765625000e-02
3.641139017418026924e-03,2.530452728271484375e+01,4.848607350140810013e-04,1.151657104492187500e-02
4.125999752432107925e-03,2.531604385375976562e+01,3.065722994506359100e-04,1.052474975585937500e-02
4.432572051882743835e-03,2.532656860351562500e+01,6.233407184481620789e-04,1.167488098144531250e-02
5.055912770330905914e-03,2.533824348449707031e+01,3.806645981967449188e-04,1.224708557128906250e-02
5.436577368527650833e-03,2.535049057006835938e+01,3.762142732739448547e-04,1.110267639160156250e-02
5.812791641801595688e-03,2.536159324645996094e+01,3.211628645658493042e-04,1.403236389160156250e-02
6.133954506367444992e-03,2.537562561035156250e+01,2.490920014679431915e-04,1.305007934570312500e-02
6.383046507835388184e-03,2.538867568969726562e+01,2.356977201998233795e-04,1.353263854980468750e-02
6.618744228035211563e-03,2.540220832824707031e+01,1.452756114304065704e-04,1.354217529296875000e-02
6.764019839465618134e-03,2.541575050354003906e+01,2.728761173784732819e-04,1.198387145996093750e-02
7.036895956844091415e-03,2.542773437500000000e+01,2.477075904607772827e-04,1.321601867675781250e-02
7.284603547304868698e-03,2.544095039367675781e+01,2.303784713149070740e-04,1.473426818847656250e-02
7.514982018619775772e-03,2.545568466186523438e+01,3.189002163708209991e-04,1.322364807128906250e-02
7.833882234990596771e-03,2.546890830993652344e+01,2.630297094583511353e-04,1.453590393066406250e-02
8.096911944448947906e-03,2.548344421386718750e+01,9.186193346977233887e-05,1.213073730468750000e-02
8.188773877918720245e-03,2.549557495117187500e+01,3.629671409726142883e-04,1.321029663085937500e-02
8.551741018891334534e-03,2.550878524780273438e+01,9.350758045911788940e-05,1.274871826171875000e-02
8.645248599350452423e-03,2.552153396606445312e+01,2.523092553019523621e-04,1.150131225585937500e-02
8.897557854652404785e-03,2.553303527832031250e+01,9.668525308370590210e-05,1.418495178222656250e-02
8.994243107736110687e-03,2.554722023010253906e+01,-2.278946340084075928e-05,1.442909240722656250e-02
8.971453644335269928e-03,2.556164932250976562e+01,1.850910484790802002e-05,1.154708862304687500e-02
8.989962749183177948e-03,2.557319641113281250e+01,-2.977903932332992554e-05,1.275253295898437500e-02
8.960183709859848022e-03,2.558594894409179688e+01,-8.860696107149124146e-05,1.131057739257812500e-02
8.871576748788356781e-03,2.559725952148437500e+01,8.125510066747665405e-05,1.256179809570312500e-02
8.952831849455833435e-03,2.560982131958007812e+01,-1.187520101666450500e-04,1.319122314453125000e-02
8.834079839289188385e-03,2.562301254272460938e+01,5.193706601858139038e-05,1.310348510742187500e-02
8.886016905307769775e-03,2.563611602783203125e+01,3.064237534999847412e-05,1.202392578125000000e-02
8.916659280657768250e-03,2.564813995361328125e+01,-4.735961556434631348e-05,1.085662841796875000e-02
8.869299665093421936e-03,2.565899658203125000e+01,1.450441777706146240e-05,1.178359985351562500e-02
8.883804082870483398e-03,2.567078018188476562e+01,3.850180655717849731e-05,1.071166992187500000e-02
8.922305889427661896e-03,2.568149185180664062e+01,4.762969911098480225e-05,1.356124877929687500e-02
8.969935588538646698e-03,2.569505310058593750e+01,-8.529145270586013794e-05,1.254653930664062500e-02
8.884644135832786560e-03,2.570759963989257812e+01,-7.712841033935546875e-05,1.231002807617187500e-02
8.807515725493431091e-03,2.571990966796875000e+01,1.173643395304679871e-04,1.159095764160156250e-02
8.924880065023899078e-03,2.573150062561035156e+01,-1.529427245259284973e-04,1.445960998535156250e-02
8.771937340497970581e-03,2.574596023559570312e+01,-1.524202525615692139e-05,1.275253295898437500e-02
8.756695315241813660e-03,2.575871276855468750e+01,-1.076851040124893188e-04,1.285362243652343750e-02
8.649010211229324341e-03,2.577156639099121094e+01,1.095244660973548889e-04,1.238059997558593750e-02
8.758534677326679230e-03,2.578394699096679688e+01,-7.743947207927703857e-05,1.096916198730468750e-02
8.681095205247402191e-03,2.579491615295410156e+01,2.312799915671348572e-04,1.429176330566406250e-02
8.912375196814537048e-03,2.580920791625976562e+01,-1.002242788672447205e-04,1.208877563476562500e-02
8.812150917947292328e-03,2.582129669189453125e+01,9.661540389060974121e-05,1.098632812500000000e-02
8.908766321837902069e-03,2.583228302001953125e+01,-5.822628736495971680e-06,1.198959350585937500e-02
8.902943693101406097e-03,2.584427261352539062e+01,1.510204747319221497e-04,1.045608520507812500e-02
9.053964167833328247e-03,2.585472869873046875e+01,2.937205135822296143e-05,1.279067993164062500e-02
9.083336219191551208e-03,2.586751937866210938e+01,1.647677272558212280e-04,1.123809814453125000e-02
9.248103946447372437e-03,2.587875747680664062e+01,1.797005534172058105e-04,1.126098632812500000e-02
9.427804499864578247e-03,2.589001846313476562e+01,2.465769648551940918e-05,1.133155822753906250e-02
9.452462196350097656e-03,2.590135002136230469e+01,6.065145134925842285e-05,1.241302490234375000e-02
9.513113647699356079e-03,2.591376304626464844e+01,-5.252845585346221924e-05,8.821487426757812500e-03
9.460585191845893860e-03,2.592258453369140625e+01,8.819252252578735352e-05,1.243591308593750000e-02
9.548777714371681213e-03,2.593502044677734375e+01,1.177601516246795654e-04,1.097106933593750000e-02
9.666537865996360779e-03,2.594599151611328125e+01,5.943048745393753052e-05,1.217269897460937500e-02
9.725968353450298309e-03,2.595816421508789062e+01,1.318249851465225220e-04,9.857177734375000000e-03
9.857793338596820831e-03,2.596802139282226562e+01,8.299667388200759888e-05,1.109695434570312500e-02
9.940790012478828430e-03,2.597911834716796875e+01,5.806796252727508545e-06,1.000976562500000000e-02
9.946596808731555939e-03,2.598912811279296875e+01,4.246365278959274292e-05,1.202392578125000000e-02
9.989060461521148682e-03,2.600115203857421875e+01,1.672254875302314758e-04,1.056671142578125000e-02
1.015628594905138016e-02,2.601171875000000000e+01,9.817443788051605225e-05,1.175689697265625000e-02
1.025446038693189621e-02,2.602347564697265625e+01,2.037305384874343872e-04,8.537292480468750000e-03
1.045819092541933060e-02,2.603201293945312500e+01,2.625742927193641663e-04,1.264572143554687500e-02
1.072076521813869476e-02,2.604465866088867188e+01,1.614810898900032043e-04,9.338378906250000000e-03
1.088224630802869797e-02,2.605399703979492188e+01,1.863138750195503235e-04,1.058006286621093750e-02
1.106856018304824829e-02,2.606457710266113281e+01,1.861872151494026184e-04,1.034736633300781250e-02
1.125474739819765091e-02,2.607492446899414062e+01,1.185638830065727234e-04,9.256362915039062500e-03
1.137331128120422363e-02,2.608418083190917969e+01,1.218197867274284363e-04,1.078033447265625000e-02
1.149513106793165207e-02,2.609496116638183594e+01,1.757061108946800232e-04,9.809494018554687500e-03
1.167083717882633209e-02,2.610477066040039062e+01,1.151002943515777588e-04,1.090431213378906250e-02
1.178593747317790985e-02,2.611567497253417969e+01,1.300321891903877258e-04,8.760452270507812500e-03
1.191596966236829758e-02,2.612443542480468750e+01,-1.518614590167999268e-05,8.735656738281250000e-03
1.190078351646661758e-02,2.613317108154296875e+01,6.843451410531997681e-05,1.050186157226562500e-02
1.196921803057193756e-02,2.614367294311523438e+01,1.950524747371673584e-04,9.567260742187500000e-03
1.216427050530910492e-02,2.615324020385742188e+01,5.938299000263214111e-05,9.616851806640625000e-03
1.222365349531173706e-02,2.616285705566406250e+01,1.231320202350616455e-04,9.666442871093750000e-03
1.234678551554679871e-02,2.617252349853515625e+01,1.689950004220008850e-04,9.790420532226562500e-03
1.251578051596879959e-02,2.618231391906738281e+01,2.030702307820320129e-04,1.057815551757812500e-02
1.271885074675083160e-02,2.619289207458496094e+01,-4.617497324943542480e-06,8.728027343750000000e-03
1.271423324942588806e-02,2.620162010192871094e+01,8.281320333480834961e-05,8.798599243164062500e-03
1.279704645276069641e-02,2.621041870117187500e+01,2.118349075317382812e-04,1.074028015136718750e-02
1.300888136029243469e-02,2.622115898132324219e+01,2.020774409174919128e-04,9.828567504882812500e-03
1.321095880120992661e-02,2.623098754882812500e+01,7.543712854385375977e-05,1.056480407714843750e-02
1.328639592975378036e-02,2.624155235290527344e+01,2.734344452619552612e-04,8.905410766601562500e-03
1.355983037501573563e-02,2.625045776367187500e+01,1.452844589948654175e-04,9.639739990234375000e-03
1.370511483401060104e-02,2.626009750366210938e+01,2.248538658022880554e-04,9.769439697265625000e-03
1.392996869981288910e-02,2.626986694335937500e+01,2.201478928327560425e-04,8.724212646484375000e-03
1.415011659264564514e-02,2.627859115600585938e+01,2.162428572773933411e-04,1.059341430664062500e-02
1.436635944992303848e-02,2.628918457031250000e+01,1.380145549774169922e-04,9.654998779296875000e-03
1.450437400490045547e-02,2.629883956909179688e+01,8.988380432128906250e-05,9.902954101562500000e-03
1.459425780922174454e-02,2.630874252319335938e+01,1.781042665243148804e-04,1.007461547851562500e-02
1.477236207574605942e-02,2.631881713867187500e+01,-9.869318455457687378e-05,9.811401367187500000e-03
1.467366889119148254e-02,2.632862854003906250e+01,1.608021557331085205e-04,9.971618652343750000e-03
1.483447104692459106e-02,2.633860015869140625e+01,1.483689993619918823e-05,9.777069091796875000e-03
1.484930794686079025e-02,2.634837722778320312e+01,1.342557370662689209e-04,9.735107421875000000e-03
1.498356368392705917e-02,2.635811233520507812e+01,-1.091174781322479248e-04,9.605407714843750000e-03
1.487444620579481125e-02,2.636771774291992188e+01,1.948513090610504150e-05,9.506225585937500000e-03
1.489393133670091629e-02,2.637722396850585938e+01,6.828457117080688477e-06,9.910583496093750000e-03
1.490075979381799698e-02,2.638713455200195312e+01,7.154885679483413696e-05,9.138107299804687500e-03
1.497230865061283112e-02,2.639627265930175781e+01,-1.170272007584571838e-04,1.030158996582031250e-02
1.485528144985437393e-02,2.640657424926757812e+01,9.211525321006774902e-05,1.141357421875000000e-02
1.494739670306444168e-02,2.641798782348632812e+01,-1.060236245393753052e-04,1.066970825195312500e-02
1.484137307852506638e-02,2.642865753173828125e+01,7.863622158765792847e-05,1.057815551757812500e-02
1.492000930011272430e-02,2.643923568725585938e+01,4.138890653848648071e-05,9.677886962890625000e-03
1.496139820665121078e-02,2.644891357421875000e+01,-9.798072278499603271e-05,1.083755493164062500e-02
1.486341748386621475e-02,2.645975112915039062e+01,-5.042180418968200684e-05,1.206588745117187500e-02
1.481299567967653275e-02,2.647181701660156250e+01,-9.829923510551452637e-05,1.103782653808593750e-02
1.471469644457101822e-02,2.648285484313964844e+01,-1.013847067952156067e-04,9.744644165039062500e-03
1.461331173777580261e-02,2.649259948730468750e+01,-9.062699973583221436e-06,1.211929321289062500e-02
1.460424903780221939e-02,2.650471878051757812e+01,-6.305985152721405029e-06,1.068496704101562500e-02
1.459794305264949799e-02,2.651540374755859375e+01,-8.257571607828140259e-05,1.152038574218750000e-02
1.451536733657121658e-02,2.652692413330078125e+01,1.972913742065429688e-05,9.372711181640625000e-03
1.453509647399187088e-02,2.653629684448242188e+01,-8.539017289876937866e-05,1.051712036132812500e-02
1.444970630109310150e-02,2.654681396484375000e+01,3.008451312780380249e-05,9.414672851562500000e-03
1.447979081422090530e-02,2.655622863769531250e+01,-1.299716532230377197e-04,1.146697998046875000e-02
1.434981916099786758e-02,2.656769561767578125e+01,-1.519452780485153198e-05,9.607315063476562500e-03
1.433462463319301605e-02,2.657730293273925781e+01,-3.234762698411941528e-05,1.188850402832031250e-02
1.430227700620889664e-02,2.658919143676757812e+01,3.067683428525924683e-05,1.075172424316406250e-02
1.433295384049415588e-02,2.659994316101074219e+01,-6.812810897827148438e-05,1.084327697753906250e-02
1.426482573151588440e-02,2.661078643798828125e+01,-9.238068014383316040e-05,1.101684570312500000e-02
1.417244505137205124e-02,2.662180328369140625e+01,-5.913339555263519287e-05,1.131057739257812500e-02
1.411331165581941605e-02,2.663311386108398438e+01,2.020038664340972900e-05,1.033973693847656250e-02
1.413351204246282578e-02,2.664345359802246094e+01,3.569014370441436768e-05,1.280212402343750000e-02
1.416920218616724014e-02,2.665625572204589844e+01,8.080620318651199341e-05,1.328849792480468750e-02
1.425000838935375214e-02,2.666954421997070312e+01,-1.676939427852630615e-04,1.099777221679687500e-02
1.408231444656848907e-02,2.668054199218750000e+01,1.369612291455268860e-04,1.236534118652343750e-02
1.421927567571401596e-02,2.669290733337402344e+01,3.093387931585311890e-05,1.230430603027343750e-02
1.425020955502986908e-02,2.670521163940429688e+01,-7.278285920619964600e-06,1.119804382324218750e-02
1.424293126910924911e-02,2.671640968322753906e+01,1.393323764204978943e-04,1.263999938964843750e-02
1.438226364552974701e-02,2.672904968261718750e+01,3.103259950876235962e-05,1.303100585937500000e-02
1.441329624503850937e-02,2.674208068847656250e+01,-6.105285137891769409e-05,1.339912414550781250e-02
1.435224339365959167e-02,2.675547981262207031e+01,6.492529064416885376e-05,1.337623596191406250e-02
1.441716868430376053e-02,2.676885604858398438e+01,3.328174352645874023e-05,1.358413696289062500e-02
1.445045042783021927e-02,2.678244018554687500e+01,-4.172325134277343750e-06,1.509475708007812500e-02
1.444627810269594193e-02,2.679753494262695312e+01,1.705717295408248901e-05,1.242637634277343750e-02
1.446333527565002441e-02,2.680996131896972656e+01,-1.842621713876724243e-05,1.411628723144531250e-02
1.444490905851125717e-02,2.682407760620117188e+01,-3.699306398630142212e-05,1.720428466796875000e-02
1.440791599452495575e-02,2.684128189086914062e+01,3.164634108543395996e-06,1.464462280273437500e-02
1.441108062863349915e-02,2.685592651367187500e+01,-1.484556123614311218e-04,1.321792602539062500e-02
1.426262501627206802e-02,2.686914443969726562e+01,1.844298094511032104e-05,1.632308959960937500e-02
1.428106799721717834e-02,2.688546752929687500e+01,-1.128483563661575317e-04,1.358795166015625000e-02
1.416821964085102081e-02,2.689905548095703125e+01,7.378868758678436279e-06,1.690292358398437500e-02
1.417559850960969925e-02,2.691595840454101562e+01,-4.885718226432800293e-05,1.397705078125000000e-02
1.412674132734537125e-02,2.692993545532226562e+01,-1.430939882993698120e-04,1.581192016601562500e-02
1.398364733904600143e-02,2.694574737548828125e+01,3.115180879831314087e-05,1.736831665039062500e-02
1.401479914784431458e-02,2.696311569213867188e+01,-1.646913588047027588e-04,1.608276367187500000e-02
1.385010778903961182e-02,2.697919845581054688e+01,-7.616728544235229492e-05,1.456642150878906250e-02
1.377394050359725952e-02,2.699376487731933594e+01,-1.043556258082389832e-04,1.647377014160156250e-02
1.366958487778902054e-02,2.701023864746093750e+01,-8.266605436801910400e-05,1.646995544433593750e-02
1.358691882342100143e-02,2.702670860290527344e+01,-7.679220288991928101e-05,1.646232604980468750e-02
1.351012662053108215e-02,2.704317092895507812e+01,-8.534919470548629761e-05,1.639938354492187500e-02
1.342477742582559586e-02,2.705957031250000000e+01,-4.819687455892562866e-05,1.859092712402343750e-02
1.337658055126667023e-02,2.707816123962402344e+01,7.865205407142639160e-05,1.518058776855468750e-02
1.345523260533809662e-02,2.709334182739257812e+01,1.413952559232711792e-04,1.670837402343750000e-02
1.359662786126136780e-02,2.711005020141601562e+01,1.129042357206344604e-05,1.684188842773437500e-02
1.360791828483343124e-02,2.712689208984375000e+01,1.365663483738899231e-04,1.691055297851562500e-02
1.374448463320732117e-02,2.714380264282226562e+01,6.662588566541671753e-05,1.868247985839843750e-02
1.381111051887273788e-02,2.716248512268066406e+01,1.163873821496963501e-04,1.728439331054687500e-02
1.392749790102243423e-02,2.717976951599121094e+01,1.212432980537414551e-04,1.526451110839843750e-02
1.404874119907617569e-02,2.719503402709960938e+01,9.478908032178878784e-05,1.534271240234375000e-02
1.414353027939796448e-02,2.721037673950195312e+01,1.787925139069557190e-04,1.919937133789062500e-02
1.432232279330492020e-02,2.722957611083984375e+01,2.744793891906738281e-04,1.763916015625000000e-02
1.459680218249559402e-02,2.724721527099609375e+01,3.642737865447998047e-04,1.589965820312500000e-02
1.496107596904039383e-02,2.726311492919921875e+01,3.462564200162887573e-04,1.973724365234375000e-02
1.530733238905668259e-02,2.728285217285156250e+01,4.006261005997657776e-04,1.759719848632812500e-02
1.570795848965644836e-02,2.730044937133789062e+01,5.593560636043548584e-04,1.770019531250000000e-02
1.626731455326080322e-02,2.731814956665039062e+01,4.718769341707229614e-04,1.745986938476562500e-02
1.673919148743152618e-02,2.733560943603515625e+01,5.687996745109558105e-04,1.952362060546875000e-02
1.730799116194248199e-02,2.735513305664062500e+01,4.843287169933319092e-04,1.564216613769531250e-02
1.779231987893581390e-02,2.737077522277832031e+01,5.838703364133834839e-04,1.697731018066406250e-02
1.837619021534919739e-02,2.738775253295898438e+01,4.910435527563095093e-04,1.672744750976562500e-02
1.886723376810550690e-02,2.740447998046875000e+01,4.826355725526809692e-04,1.688194274902343750e-02
1.934986934065818787e-02,2.742136192321777344e+01,5.391351878643035889e-04,1.634407043457031250e-02
1.988900452852249146e-02,2.743770599365234375e+01,4.535373300313949585e-04,1.582527160644531250e-02
2.034254185855388641e-02,2.745353126525878906e+01,3.436915576457977295e-04,1.566314697265625000e-02
2.068623341619968414e-02,2.746919441223144531e+01,4.894621670246124268e-04,1.517295837402343750e-02
2.117569558322429657e-02,2.748436737060546875e+01,3.228764981031417847e-04,1.547241210937500000e-02
2.149857208132743835e-02,2.749983978271484375e+01,3.049317747354507446e-04,1.528549194335937500e-02
2.180350385606288910e-02,2.751512527465820312e+01,1.813471317291259766e-04,1.478195190429687500e-02
2.198485098779201508e-02,2.752990722656250000e+01,1.439545303583145142e-04,1.446914672851562500e-02
2.212880551815032959e-02,2.754437637329101562e+01,7.266923785209655762e-05,1.446533203125000000e-02
2.220147475600242615e-02,2.755884170532226562e+01,6.895139813423156738e-05,1.418685913085937500e-02
2.227042615413665771e-02,2.757302856445312500e+01,-1.561436802148818970e-04,1.392173767089843750e-02
2.211428247392177582e-02,2.758695030212402344e+01,-4.027783870697021484e-05,1.256561279296875000e-02
2.207400463521480560e-02,2.759951591491699219e+01,6.152316927909851074e-05,1.487541198730468750e-02
2.213552780449390411e-02,2.761439132690429688e+01,-1.862253993749618530e-04,1.148986816406250000e-02
2.194930240511894226e-02,2.762588119506835938e+01,-2.334583550691604614e-04,1.413726806640625000e-02
2.171584405004978180e-02,2.764001846313476562e+01,-3.089755773544311523e-05,1.254272460937500000e-02
2.168494649231433868e-02,2.765256118774414062e+01,-1.771077513694763184e-04,1.386451721191406250e-02
2.150783874094486237e-02,2.766642570495605469e+01,-1.320429146289825439e-04,1.125717163085937500e-02
2.137579582631587982e-02,2.767768287658691406e+01,-2.768877893686294556e-04,1.260948181152343750e-02
2.109890803694725037e-02,2.769029235839843750e+01,-3.894045948982238770e-04,1.281547546386718750e-02
2.070950344204902649e-02,2.770310783386230469e+01,-2.252794802188873291e-04,1.283836364746093750e-02
2.048422396183013916e-02,2.771594619750976562e+01,-4.176758229732513428e-04,1.385116577148437500e-02
2.006654813885688782e-02,2.772979736328125000e+01,-2.618320286273956299e-04,1.182937622070312500e-02
1.980471611022949219e-02,2.774162673950195312e+01,-3.711879253387451172e-04,1.433944702148437500e-02
1.943352818489074707e-02,2.775596618652343750e+01,-2.093520015478134155e-04,1.158523559570312500e-02
1.922417618334293365e-02,2.776755142211914062e+01,-2.384670078754425049e-04,1.142883300781250000e-02
1.898570917546749115e-02,2.777898025512695312e+01,-3.463327884674072266e-04,1.407241821289062500e-02
1.863937638700008392e-02,2.779305267333984375e+01,-1.795608550310134888e-04,1.247215270996093750e-02
1.845981553196907043e-02,2.780552482604980469e+01,-1.962091773748397827e-04,1.249885559082031250e-02
1.826360635459423065e-02,2.781802368164062500e+01,-1.602452248334884644e-04,1.261520385742187500e-02
1.810336112976074219e-02,2.783063888549804688e+01,-1.097545027732849121e-04,1.131820678710937500e-02
1.799360662698745728e-02,2.784195709228515625e+01,-9.801611304283142090e-05,1.208496093750000000e-02
1.789559051394462585e-02,2.785404205322265625e+01,-1.077167689800262451e-04,1.180267333984375000e-02
1.778787374496459961e-02,2.786584472656250000e+01,-7.082894444465637207e-05,1.148986816406250000e-02
1.771704480051994324e-02,2.787733459472656250e+01,-4.410557448863983154e-05,1.270866394042968750e-02
1.767293922603130341e-02,2.789004325866699219e+01,-1.202225685119628906e-04,1.255416870117187500e-02
1.755271665751934052e-02,2.790259742736816406e+01,9.816326200962066650e-05,1.029777526855468750e-02
1.765087991952896118e-02,2.791289520263671875e+01,-6.697513163089752197e-05,1.161575317382812500e-02
1.758390478789806366e-02,2.792451095581054688e+01,-2.595037221908569336e-05,1.283264160156250000e-02
1.755795441567897797e-02,2.793734359741210938e+01,-2.785585820674896240e-05,9.429931640625000000e-03
1.753009855747222900e-02,2.794677352905273438e+01,1.499056816101074219e-05,1.396369934082031250e-02
1.754508912563323975e-02,2.796073722839355469e+01,1.553446054458618164e-05,1.051521301269531250e-02
1.756062358617782593e-02,2.797125244140625000e+01,-9.161978960037231445e-05,1.202964782714843750e-02
1.746900379657745361e-02,2.798328208923339844e+01,-3.588013350963592529e-05,1.223754882812500000e-02
1.743312366306781769e-02,2.799551963806152344e+01,6.880611181259155273e-05,1.187705993652343750e-02
1.750192977488040924e-02,2.800739669799804688e+01,6.660819053649902344e-05,1.180267333984375000e-02
1.756853796541690826e-02,2.801919937133789062e+01,5.623698234558105469e-05,1.192474365234375000e-02
1.762477494776248932e-02,2.803112411499023438e+01,-1.160986721515655518e-05,1.295852661132812500e-02
1.761316508054733276e-02,2.804408264160156250e+01,4.585646092891693115e-05,1.033592224121093750e-02
1.765902154147624969e-02,2.805441856384277344e+01,3.048218786716461182e-05,1.180839538574218750e-02
1.768950372934341431e-02,2.806622695922851562e+01,1.601502299308776855e-05,1.324081420898437500e-02
1.770551875233650208e-02,2.807946777343750000e+01,1.037493348121643066e-05,1.084518432617187500e-02
1.771589368581771851e-02,2.809031295776367188e+01,-5.869939923286437988e-05,1.199722290039062500e-02
1.765719428658485413e-02,2.810231018066406250e+01,2.494826912879943848e-05,1.208114624023437500e-02
1.768214255571365356e-02,2.811439132690429688e+01,1.957081258296966553e-05,1.225280761718750000e-02
1.770171336829662323e-02,2.812664413452148438e+01,3.547035157680511475e-05,1.344680786132812500e-02
1.773718371987342834e-02,2.814009094238281250e+01,1.801364123821258545e-05,1.093673706054687500e-02
1.775519736111164093e-02,2.815102767944335938e+01,-7.967278361320495605e-05,1.346778869628906250e-02
1.767552457749843597e-02,2.816449546813964844e+01,8.276477456092834473e-05,1.123619079589843750e-02
1.775828935205936432e-02,2.817573165893554688e+01,9.150244295597076416e-05,1.254653930664062500e-02
1.784979179501533508e-02,2.818827819824218750e+01,9.428709745407104492e-06,1.233291625976562500e-02
1.785922050476074219e-02,2.820061111450195312e+01,1.360885798931121826e-04,1.241111755371093750e-02
1.799530908465385437e-02,2.821302223205566406e+01,-1.700036227703094482e-05,1.253128051757812500e-02
1.797830872237682343e-02,2.822555351257324219e+01,4.967488348484039307e-05,1.275825500488281250e-02
1.802798360586166382e-02,2.823831176757812500e+01,6.131827831268310547e-06,1.422309875488281250e-02
1.803411543369293213e-02,2.825253486633300781e+01,2.276208251714706421e-04,1.187133789062500000e-02
1.826173625886440277e-02,2.826440620422363281e+01,5.518458783626556396e-05,1.199150085449218750e-02
1.831692084670066833e-02,2.827639770507812500e+01,5.101785063743591309e-05,1.313018798828125000e-02
1.836793869733810425e-02,2.828952789306640625e+01,6.836466491222381592e-05,1.461029052734375000e-02
1.843630336225032806e-02,2.830413818359375000e+01,-6.452575325965881348e-05,1.327514648437500000e-02
1.837177760899066925e-02,2.831741333007812500e+01,2.447478473186492920e-04,1.462936401367187500e-02
1.861652545630931854e-02,2.833204269409179688e+01,-7.906928658485412598e-05,1.192474365234375000e-02
1.853745616972446442e-02,2.834396743774414062e+01,2.658795565366744995e-04,1.186752319335937500e-02
1.880333572626113892e-02,2.835583496093750000e+01,-2.526678144931793213e-05,1.464080810546875000e-02
1.877806894481182098e-02,2.837047576904296875e+01,2.546980977058410645e-04,1.459121704101562500e-02
1.903276704251766205e-02,2.838506698608398438e+01,-5.167350172996520996e-05,1.193237304687500000e-02
1.898109354078769684e-02,2.839699935913085938e+01,1.878794282674789429e-04,1.230430603027343750e-02
1.916897296905517578e-02,2.840930366516113281e+01,1.703724265098571777e-04,1.369285583496093750e-02
1.933934539556503296e-02,2.842299652099609375e+01,4.987232387065887451e-05,1.478576660156250000e-02
1.938921771943569183e-02,2.843778228759765625e+01,1.173615455627441406e-04,1.199340820312500000e-02
1.950657926499843597e-02,2.844977569580078125e+01,2.957880496978759766e-06,1.480865478515625000e-02
1.950953714549541473e-02,2.846458435058593750e+01,1.936461776494979858e-04,1.312255859375000000e-02
1.970318332314491272e-02,2.847770690917968750e+01,-9.113922715187072754e-06,1.309204101562500000e-02
1.969406940042972565e-02,2.849079895019531250e+01,7.241778075695037842e-05,1.355743408203125000e-02
1.976648718118667603e-02,2.850435638427734375e+01,1.348629593849182129e-04,1.204681396484375000e-02
1.990135014057159424e-02,2.851640319824218750e+01,1.407582312822341919e-04,1.579284667968750000e-02
2.004210837185382843e-02,2.853219604492187500e+01,1.036971807479858398e-04,1.342201232910156250e-02
2.014580555260181427e-02,2.854561805725097656e+01,1.565031707286834717e-04,1.356887817382812500e-02
2.030230872333049774e-02,2.855918693542480469e+01,1.032873988151550293e-04,1.233863830566406250e-02
2.040559612214565277e-02,2.857152557373046875e+01,-5.280040204524993896e-05,1.353263854980468750e-02
2.035279572010040283e-02,2.858505821228027344e+01,-3.154389560222625732e-05,1.409149169921875000e-02
2.032125182449817657e-02,2.859914970397949219e+01,7.229670882225036621e-05,1.283454895019531250e-02
2.039354853332042694e-02,2.861198425292968750e+01,8.974596858024597168e-05,1.563262939453125000e-02
2.048329450190067291e-02,2.862761688232421875e+01,-6.525963544845581055e-05,1.590347290039062500e-02
2.041803486645221710e-02,2.864352035522460938e+01,-6.207451224327087402e-05,1.344871520996093750e-02
2.035596035420894623e-02,2.865696907043457031e+01,1.858528703451156616e-04,1.516723632812500000e-02
2.054181322455406189e-02,2.867213630676269531e+01,6.220303475856781006e-05,1.457977294921875000e-02
2.060401625931262970e-02,2.868671607971191406e+01,2.960562705993652344e-04,1.502990722656250000e-02
2.090007252991199493e-02,2.870174598693847656e+01,2.818256616592407227e-04,1.559829711914062500e-02
2.118189819157123566e-02,2.871734428405761719e+01,2.246145159006118774e-04,1.195335388183593750e-02
2.140651270747184753e-02,2.872929763793945312e+01,1.802593469619750977e-04,1.219367980957031250e-02
2.158677205443382263e-02,2.874149131774902344e+01,3.671608865261077881e-04,1.468467712402343750e-02
2.195393294095993042e-02,2.875617599487304688e+01,1.230519264936447144e-04,1.250839233398437500e-02
2.207698486745357513e-02,2.876868438720703125e+01,3.938730806112289429e-04,1.353836059570312500e-02
2.247085794806480408e-02,2.878222274780273438e+01,1.102890819311141968e-04,1.256561279296875000e-02
2.258114702999591827e-02,2.879478836059570312e+01,4.352200776338577271e-04,1.111030578613281250e-02
2.301636710762977600e-02,2.880589866638183594e+01,4.815682768821716309e-05,1.204299926757812500e-02
2.306452393531799316e-02,2.881794166564941406e+01,2.478547394275665283e-04,1.235198974609375000e-02
2.331237867474555969e-02,2.883029365539550781e+01,1.713316887617111206e-04,1.264381408691406250e-02
2.348371036350727081e-02,2.884293746948242188e+01,2.616066485643386841e-04,1.217079162597656250e-02
2.374531701207160950e-02,2.885510826110839844e+01,3.696754574775695801e-04,1.195144653320312500e-02
2.411499246954917908e-02,2.886705970764160156e+01,2.244841307401657104e-04,1.190185546875000000e-02
2.433947660028934479e-02,2.887896156311035156e+01,3.191493451595306396e-04,1.082611083984375000e-02
2.465862594544887543e-02,2.888978767395019531e+01,3.596097230911254883e-04,1.279449462890625000e-02
2.501823566854000092e-02,2.890258216857910156e+01,2.427548170089721680e-04,1.121330261230468750e-02
2.526099048554897308e-02,2.891379547119140625e+01,4.280544817447662354e-04,1.154327392578125000e-02
2.568904496729373932e-02,2.892533874511718750e+01,4.123449325561523438e-04,1.168632507324218750e-02
2.610138989984989166e-02,2.893702507019042969e+01,4.949513822793960571e-04,1.142883300781250000e-02
2.659634128212928772e-02,2.894845390319824219e+01,5.703791975975036621e-04,1.231765747070312500e-02
2.716672047972679138e-02,2.896077156066894531e+01,5.011577159166336060e-04,1.114845275878906250e-02
2.766787819564342499e-02,2.897192001342773438e+01,5.047656595706939697e-04,9.204864501953125000e-03
2.817264385521411896e-02,2.898112487792968750e+01,7.432997226715087891e-04,1.279258728027343750e-02
2.891594357788562775e-02,2.899391746520996094e+01,4.364009946584701538e-04,1.085090637207031250e-02
2.935234457254409790e-02,2.900476837158203125e+01,1.581646502017974854e-04,1.005935668945312500e-02
2.951050922274589539e-02,2.901482772827148438e+01,-1.156013458967208862e-04,1.132392883300781250e-02
2.939490787684917450e-02,2.902615165710449219e+01,-8.336827158927917480e-05,9.984970092773437500e-03
2.931153960525989532e-02,2.903613662719726562e+01,-1.877937465906143188e-04,7.261276245117187500e-03
2.912374585866928101e-02,2.904339790344238281e+01,-1.032948493957519531e-04,1.054000854492187500e-02
2.902045100927352905e-02,2.905393791198730469e+01,1.138597726821899414e-04,9.845733642578125000e-03
2.913431078195571899e-02,2.906378364562988281e+01,3.408268094062805176e-05,1.416206359863281250e-02
2.916839346289634705e-02,2.907794570922851562e+01,2.999976277351379395e-04,1.397323608398437500e-02
2.946839109063148499e-02,2.909191894531250000e+01,4.057306796312332153e-04,1.453208923339843750e-02
2.987412177026271820e-02,2.910645103454589844e+01,5.445666611194610596e-04,1.558876037597656250e-02
3.041868843138217926e-02,2.912203979492187500e+01,4.712976515293121338e-04,1.637649536132812500e-02
3.088998608291149139e-02,2.913841629028320312e+01,4.038605839014053345e-04,1.444816589355468750e-02
3.129384666681289673e-02,2.915286445617675781e+01,1.600123941898345947e-04,2.022171020507812500e-02
3.145385906100273132e-02,2.917308616638183594e+01,2.529956400394439697e-04,1.540374755859375000e-02
3.170685470104217529e-02,2.918848991394042969e+01,2.415031194686889648e-04,1.650619506835937500e-02
3.194835782051086426e-02,2.920499610900878906e+01,9.143352508544921875e-05,1.902198791503906250e-02
3.203979134559631348e-02,2.922401809692382812e+01,1.536160707473754883e-04,1.509094238281250000e-02
3.219340741634368896e-02,2.923910903930664062e+01,1.819394528865814209e-04,1.673126220703125000e-02
3.237534686923027039e-02,2.925584030151367188e+01,7.171556353569030762e-05,1.756095886230468750e-02
3.244706243276596069e-02,2.927340126037597656e+01,1.513324677944183350e-04,1.677513122558593750e-02
3.259839490056037903e-02,2.929017639160156250e+01,9.412690997123718262e-05,1.829719543457031250e-02
3.269252181053161621e-02,2.930847358703613281e+01,2.573803067207336426e-05,1.584625244140625000e-02
3.271825984120368958e-02,2.932431983947753906e+01,3.055036067962646484e-04,1.546478271484375000e-02
3.302376344799995422e-02,2.933978462219238281e+01,4.440546035766601562e-05,2.128028869628906250e-02
3.306816890835762024e-02,2.936106491088867188e+01,6.648153066635131836e-05,1.764488220214843750e-02
3.313465043902397156e-02,2.937870979309082031e+01,7.228553295135498047e-05,1.625823974609375000e-02
3.320693597197532654e-02,2.939496803283691406e+01,3.669038414955139160e-05,1.555252075195312500e-02
3.324362635612487793e-02,2.941052055358886719e+01,-5.332380533218383789e-05,1.683616638183593750e-02
3.319030255079269409e-02,2.942735671997070312e+01,6.872415542602539062e-05,1.614761352539062500e-02
3.325902670621871948e-02,2.944350433349609375e+01,-8.790567517280578613e-05,1.692581176757812500e-02
3.317112103104591370e-02,2.946043014526367188e+01,5.785375833511352539e-05,1.604461669921875000e-02
3.322897478938102722e-02,2.947647476196289062e+01,1.203864812850952148e-04,1.565933227539062500e-02
3.334936127066612244e-02,2.949213409423828125e+01,6.999820470809936523e-05,1.642799377441406250e-02
3.341935947537422180e-02,2.950856208801269531e+01,1.779459416866302490e-04,1.569557189941406250e-02
3.359730541706085205e-02,2.952425765991210938e+01,6.623193621635437012e-05,1.528358459472656250e-02
3.366353735327720642e-02,2.953954124450683594e+01,6.395578384399414062e-05,1.536750793457031250e-02
3.372749313712120056e-02,2.955490875244140625e+01,2.265982329845428467e-04,1.370048522949218750e-02
3.395409137010574341e-02,2.956860923767089844e+01,3.551319241523742676e-05,1.574516296386718750e-02
3.398960456252098083e-02,2.958435440063476562e+01,2.481825649738311768e-04,1.506423950195312500e-02
3.423778712749481201e-02,2.959941864013671875e+01,1.882985234260559082e-04,1.463699340820312500e-02
3.442608565092086792e-02,2.961405563354492188e+01,5.966424942016601562e-05,1.545524597167968750e-02
3.448574990034103394e-02,2.962951087951660156e+01,2.573803067207336426e-05,1.326751708984375000e-02
3.451148793101310730e-02,2.964277839660644531e+01,1.565553247928619385e-04,1.461219787597656250e-02
3.466804325580596924e-02,2.965739059448242188e+01,-3.363564610481262207e-05,1.400566101074218750e-02
3.463440760970115662e-02,2.967139625549316406e+01,-5.452707409858703613e-05,1.432609558105468750e-02
3.457988053560256958e-02,2.968572235107421875e+01,7.189065217971801758e-05,1.439094543457031250e-02
3.465177118778228760e-02,2.970011329650878906e+01,-7.757917046546936035e-05,1.403617858886718750e-02
3.457419201731681824e-02,2.971414947509765625e+01,5.219131708145141602e-06,1.388168334960937500e-02
3.457941114902496338e-02,2.972803115844726562e+01,-1.563504338264465332e-04,1.427841186523437500e-02
3.442306071519851685e-02,2.974230957031250000e+01,3.880262374877929688e-05,1.439476013183593750e-02
3.446186333894729614e-02,2.975670433044433594e+01,-1.491233706474304199e-05,1.411628723144531250e-02
3.444695100188255310e-02,2.977082061767578125e+01,-8.207559585571289062e-05,1.433753967285156250e-02
3.436487540602684021e-02,2.978515815734863281e+01,1.132823526859283447e-04,1.454734802246093750e-02
3.447815775871276855e-02,2.979970550537109375e+01,1.131929457187652588e-04,1.543617248535156250e-02
3.459135070443153381e-02,2.981514167785644531e+01,-1.191422343254089355e-04,1.285362243652343750e-02
3.447220847010612488e-02,2.982799530029296875e+01,9.435042738914489746e-05,1.494789123535156250e-02
3.456655889749526978e-02,2.984294319152832031e+01,1.259446144104003906e-04,1.454734802246093750e-02
3.469250351190567017e-02,2.985749053955078125e+01,1.045614480972290039e-04,1.303291320800781250e-02
3.479706496000289917e-02,2.987052345275878906e+01,5.860254168510437012e-05,1.657867431640625000e-02
3.485566750168800354e-02,2.988710212707519531e+01,4.902482032775878906e-06,1.507568359375000000e-02
3.486056998372077942e-02,2.990217781066894531e+01,2.293214201927185059e-04,1.496315002441406250e-02
3.508989140391349792e-02,2.991714096069335938e+01,3.870576620101928711e-05,1.554107666015625000e-02
3.512859717011451721e-02,2.993268203735351562e+01,1.801177859306335449e-05,1.552391052246093750e-02
3.514660894870758057e-02,2.994820594787597656e+01,1.580789685249328613e-04,1.487731933593750000e-02
3.530468791723251343e-02,2.996308326721191406e+01,6.289035081863403320e-05,1.545333862304687500e-02
3.536757826805114746e-02,2.997853660583496094e+01,1.369789242744445801e-04,1.692581176757812500e-02
3.550455719232559204e-02,2.999546241760253906e+01,1.001842319965362549e-04,1.359558105468750000e-02
3.560474142432212830e-02,3.000905799865722656e+01,1.644045114517211914e-04,1.584053039550781250e-02
3.576914593577384949e-02,3.002489852905273438e+01,2.267770469188690186e-04,1.618385314941406250e-02
3.599592298269271851e-02,3.004108238220214844e+01,1.133196055889129639e-04,1.592826843261718750e-02
3.610924258828163147e-02,3.005701065063476562e+01,3.536827862262725830e-04,1.513862609863281250e-02
3.646292537450790405e-02,3.007214927673339844e+01,2.964250743389129639e-04,1.882743835449218750e-02
3.675935044884681702e-02,3.009097671508789062e+01,3.593005239963531494e-04,1.832389831542968750e-02
3.711865097284317017e-02,3.010930061340332031e+01,2.891160547733306885e-04,1.562309265136718750e-02
3.740776702761650085e-02,3.012492370605468750e+01,3.078170120716094971e-04,1.704025268554687500e-02
3.771558403968811035e-02,3.014196395874023438e+01,5.007609724998474121e-04,1.687812805175781250e-02
3.821634501218795776e-02,3.015884208679199219e+01,3.558099269866943359e-04,1.765251159667968750e-02
3.857215493917465210e-02,3.017649459838867188e+01,2.866759896278381348e-04,1.725959777832031250e-02
3.885883092880249023e-02,3.019375419616699219e+01,3.545209765434265137e-04,1.746177673339843750e-02
3.921335190534591675e-02,3.021121597290039062e+01,2.673231065273284912e-04,1.807212829589843750e-02
3.948067501187324524e-02,3.022928810119628906e+01,8.830428123474121094e-05,1.546669006347656250e-02
3.956897929310798645e-02,3.024475479125976562e+01,2.136416733264923096e-04,1.984214782714843750e-02
3.978262096643447876e-02,3.026459693908691406e+01,6.447732448577880859e-05,1.817321777343750000e-02
3.984709829092025757e-02,3.028277015686035156e+01,2.102404832839965820e-04,1.742744445800781250e-02
4.005733877420425415e-02,3.030019760131835938e+01,-1.025013625621795654e-04,1.825523376464843750e-02
3.995483741164207458e-02,3.031845283508300781e+01,1.574605703353881836e-04,1.758766174316406250e-02
4.011229798197746277e-02,3.033604049682617188e+01,1.558400690555572510e-04,1.782417297363281250e-02
4.026813805103302002e-02,3.035386466979980469e+01,1.604743301868438721e-04,1.815605163574218750e-02
4.042861238121986389e-02,3.037202072143554688e+01,1.337341964244842529e-04,1.528167724609375000e-02
4.056234657764434814e-02,3.038730239868164062e+01,2.430044114589691162e-04,2.132225036621093750e-02
4.080535098910331726e-02,3.040862464904785156e+01,9.940192103385925293e-05,1.419067382812500000e-02
4.090475291013717651e-02,3.042281532287597656e+01,2.189725637435913086e-05,2.068710327148437500e-02
4.092665016651153564e-02,3.044350242614746094e+01,3.021620213985443115e-04,1.412200927734375000e-02
4.122881218791007996e-02,3.045762443542480469e+01,1.912191510200500488e-04,2.028465270996093750e-02
4.142003133893013000e-02,3.047790908813476562e+01,2.375543117523193359e-04,1.525306701660156250e-02
4.165758565068244934e-02,3.049316215515136719e+01,1.016817986965179443e-04,1.773071289062500000e-02
4.175926744937896729e-02,3.051089286804199219e+01,8.873268961906433105e-05,1.713180541992187500e-02
4.184800013899803162e-02,3.052802467346191406e+01,6.169453263282775879e-05,1.772308349609375000e-02
4.190969467163085938e-02,3.054574775695800781e+01,-4.388391971588134766e-06,1.979637145996093750e-02
4.190530627965927124e-02,3.056554412841796875e+01,2.740919589996337891e-04,1.534461975097656250e-02
4.217939823865890503e-02,3.058088874816894531e+01,-9.534880518913269043e-05,2.009010314941406250e-02
4.208404943346977234e-02,3.060097885131835938e+01,1.015178859233856201e-04,1.626777648925781250e-02
4.218556731939315796e-02,3.061724662780761719e+01,-8.196756243705749512e-05,1.782989501953125000e-02
4.210359975695610046e-02,3.063507652282714844e+01,-3.054738044738769531e-05,1.848793029785156250e-02
4.207305237650871277e-02,3.065356445312500000e+01,1.582242548465728760e-04,1.772499084472656250e-02
4.223127663135528564e-02,3.067128944396972656e+01,-1.235119998455047607e-04,1.805877685546875000e-02
4.210776463150978088e-02,3.068934822082519531e+01,6.441399455070495605e-05,1.816940307617187500e-02
4.217217862606048584e-02,3.070751762390136719e+01,-9.361654520034790039e-05,1.759147644042968750e-02
4.207856208086013794e-02,3.072510910034179688e+01,-2.115182578563690186e-04,1.987457275390625000e-02
4.186704382300376892e-02,3.074498367309570312e+01,3.235042095184326172e-05,1.917266845703125000e-02
4.189939424395561218e-02,3.076415634155273438e+01,-9.103491902351379395e-05,1.414299011230468750e-02
4.180835932493209839e-02,3.077829933166503906e+01,-5.342066287994384766e-06,1.774406433105468750e-02
4.180301725864410400e-02,3.079604339599609375e+01,6.418675184249877930e-05,1.663398742675781250e-02
4.186720401048660278e-02,3.081267738342285156e+01,-7.880106568336486816e-05,1.688385009765625000e-02
4.178840294480323792e-02,3.082956123352050781e+01,-7.121264934539794922e-05,1.735115051269531250e-02
4.171719029545783997e-02,3.084691238403320312e+01,-3.073364496231079102e-06,1.649856567382812500e-02
4.171411693096160889e-02,3.086341094970703125e+01,1.164525747299194336e-04,1.727104187011718750e-02
4.183056950569152832e-02,3.088068199157714844e+01,-4.037097096443176270e-05,1.742553710937500000e-02
4.179019853472709656e-02,3.089810752868652344e+01,-9.539723396301269531e-05,1.622581481933593750e-02
4.169480130076408386e-02,3.091433334350585938e+01,1.544579863548278809e-04,2.056121826171875000e-02
4.184925928711891174e-02,3.093489456176757812e+01,-3.026798367500305176e-05,1.357078552246093750e-02
4.181899130344390869e-02,3.094846534729003906e+01,4.884600639343261719e-05,1.666450500488281250e-02
4.186783730983734131e-02,3.096512985229492188e+01,3.148242831230163574e-05,1.889228820800781250e-02
4.189931973814964294e-02,3.098402214050292969e+01,4.811957478523254395e-05,1.465415954589843750e-02
4.194743931293487549e-02,3.099867630004882812e+01,7.561594247817993164e-05,1.475524902343750000e-02
4.202305525541305542e-02,3.101343154907226562e+01,-6.682798266410827637e-05,1.686096191406250000e-02
4.195622727274894714e-02,3.103029251098632812e+01,7.638707756996154785e-05,1.749992370605468750e-02
4.203261435031890869e-02,3.104779243469238281e+01,4.395097494125366211e-05,1.430892944335937500e-02
4.207656532526016235e-02,3.106210136413574219e+01,-1.607835292816162109e-05,1.751518249511718750e-02
4.206048697233200073e-02,3.107961654663085938e+01,1.038946211338043213e-04,1.531410217285156250e-02
4.216438159346580505e-02,3.109493064880371094e+01,2.095103263854980469e-05,1.567840576171875000e-02
4.218533262610435486e-02,3.111060905456542969e+01,1.234598457813262939e-04,1.561164855957031250e-02
4.230879247188568115e-02,3.112622070312500000e+01,1.941733062267303467e-04,1.457023620605468750e-02
4.250296577811241150e-02,3.114079093933105469e+01,1.649037003517150879e-04,1.431083679199218750e-02
4.266786947846412659e-02,3.115510177612304688e+01,2.141296863555908203e-05,1.437950134277343750e-02
4.268928244709968567e-02,3.116948127746582031e+01,1.580603420734405518e-04,1.393127441406250000e-02
4.284734278917312622e-02,3.118341255187988281e+01,3.763288259506225586e-05,1.350021362304687500e-02
4.288497567176818848e-02,3.119691276550292969e+01,1.230463385581970215e-05,1.484298706054687500e-02
4.289728030562400818e-02,3.121175575256347656e+01,2.644956111907958984e-07,1.189804077148437500e-02
4.289754480123519897e-02,3.122365379333496094e+01,8.226558566093444824e-05,1.264762878417968750e-02
4.297981038689613342e-02,3.123630142211914062e+01,8.833035826683044434e-05,1.242065429687500000e-02
4.306814074516296387e-02,3.124872207641601562e+01,-5.462020635604858398e-05,1.216125488281250000e-02
4.301352053880691528e-02,3.126088333129882812e+01,3.240257501602172852e-05,1.276206970214843750e-02
4.304592311382293701e-02,3.127364540100097656e+01,-1.014769077301025391e-05,1.099395751953125000e-02
4.303577542304992676e-02,3.128463935852050781e+01,1.796297729015350342e-04,9.372711181640625000e-03
4.321540519595146179e-02,3.129401206970214844e+01,-9.186938405036926270e-05,1.027297973632812500e-02
4.312353581190109253e-02,3.130428504943847656e+01,1.394301652908325195e-04,1.058578491210937500e-02
4.326296597719192505e-02,3.131487083435058594e+01,9.045004844665527344e-05,8.108139038085937500e-03
4.335341602563858032e-02,3.132297897338867188e+01,1.348629593849182129e-04,8.621215820312500000e-03
4.348827898502349854e-02,3.133160018920898438e+01,2.202764153480529785e-05,8.449554443359375000e-03
4.351030662655830383e-02,3.134004974365234375e+01,3.813952207565307617e-05,8.436203002929687500e-03
4.354844614863395691e-02,3.134848594665527344e+01,1.639500260353088379e-05,7.780075073242187500e-03
4.356484115123748779e-02,3.135626602172851562e+01,1.441277563571929932e-04,7.511138916015625000e-03
4.370896890759468079e-02,3.136377716064453125e+01,-3.079324960708618164e-05,7.347106933593750000e-03
4.367817565798759460e-02,3.137112426757812500e+01,4.912540316581726074e-05,6.467819213867187500e-03
4.372730106115341187e-02,3.137759208679199219e+01,9.890273213386535645e-05,7.089614868164062500e-03
4.382620379328727722e-02,3.138468170166015625e+01,-1.141540706157684326e-04,5.962371826171875000e-03
4.371204972267150879e-02,3.139064407348632812e+01,-3.619119524955749512e-05,6.450653076171875000e-03
4.367585852742195129e-02,3.139709472656250000e+01,1.668930053710937500e-05,5.657196044921875000e-03
4.369254782795906067e-02,3.140275192260742188e+01,1.199543476104736328e-06,5.468368530273437500e-03
4.369374737143516541e-02,3.140822029113769531e+01,-1.140236854553222656e-04,5.619049072265625000e-03
4.357972368597984314e-02,3.141383934020996094e+01,1.489631831645965576e-04,5.022048950195312500e-03
4.372868686914443970e-02,3.141886138916015625e+01,-1.435279846191406250e-04,4.924774169921875000e-03
4.358515888452529907e-02,3.142378616333007812e+01,-1.367628574371337891e-04,5.294799804687500000e-03
4.344839602708816528e-02,3.142908096313476562e+01,-1.032277941703796387e-04,4.903793334960937500e-03
4.334516823291778564e-02,3.143398475646972656e+01,2.403557300567626953e-05,4.192352294921875000e-03
4.336920380592346191e-02,3.143817710876464844e+01,4.001334309577941895e-05,3.889083862304687500e-03
4.340921714901924133e-02,3.144206619262695312e+01,-2.111122012138366699e-05,4.306793212890625000e-03
4.338810592889785767e-02,3.144637298583984375e+01,-6.546080112457275391e-05,3.273010253906250000e-03
4.332264512777328491e-02,3.144964599609375000e+01,-1.067295670509338379e-04,4.249572753906250000e-03
4.321591556072235107e-02,3.145389556884765625e+01,-4.344433546066284180e-05,3.059387207031250000e-03
4.317247122526168823e-02,3.145695495605468750e+01,6.910786032676696777e-05,2.685546875000000000e-03
4.324157908558845520e-02,3.145964050292968750e+01,-2.090707421302795410e-04,1.977920532226562500e-03
4.303250834345817566e-02,3.146161842346191406e+01,-7.105991244316101074e-05,1.819610595703125000e-03
4.296144843101501465e-02,3.146343803405761719e+01,-2.675503492355346680e-05,1.581192016601562500e-03
4.293469339609146118e-02,3.146501922607421875e+01,-1.793392002582550049e-04,1.146316528320312500e-03
4.275535419583320618e-02,3.146616554260253906e+01,-2.763681113719940186e-04,1.317977905273437500e-03
4.247898608446121216e-02,3.146748352050781250e+01,-4.180409014225006104e-04,1.194000244140625000e-03
4.206094518303871155e-02,3.146867752075195312e+01,-2.129152417182922363e-04,8.335113525390625000e-04
4.184802994132041931e-02,3.146951103210449219e+01,-2.641677856445312500e-04,5.340576171875000000e-04
4.158386215567588806e-02,3.147004508972167969e+01,-2.462491393089294434e-04,1.430511474609375000e-04
4.133761301636695862e-02,3.147018814086914062e+01,-1.143179833889007568e-04,-1.373291015625000000e-04
4.122329503297805786e-02,3.147005081176757812e+01,-1.958087086677551270e-04,-1.640319824218750000e-04
4.102748632431030273e-02,3.146988677978515625e+01,-6.466731429100036621e-05,-9.918212890625000000e-05
4.096281901001930237e-02,3.146978759765625000e+01,-2.261810004711151123e-04,-5.531311035156250000e-05
4.073663800954818726e-02,3.146973228454589844e+01,-3.452971577644348145e-05,-2.861022949218750000e-05
4.070210829377174377e-02,3.146970367431640625e+01,5.479902029037475586e-06,5.912780761718750000e-05
4.070758819580078125e-02,3.146976280212402344e+01,-2.177059650421142578e-05,-3.433227539062500000e-05
4.068581759929656982e-02,3.146972846984863281e+01,-1.034475862979888916e-04,-9.536743164062500000e-06
4.058237001299858093e-02,3.146971893310546875e+01,9.498372673988342285e-05,6.675720214843750000e-05
4.067735373973846436e-02,3.146978569030761719e+01,5.087256431579589844e-05,-5.531311035156250000e-05
4.072822630405426025e-02,3.146973037719726562e+01,8.085742592811584473e-05,6.866455078125000000e-05
4.080908372998237610e-02,3.146979904174804688e+01,1.298412680625915527e-04,-1.010894775390625000e-04
4.093892499804496765e-02,3.146969795227050781e+01,-2.955272793769836426e-05,5.912780761718750000e-05
4.090937227010726929e-02,3.146975708007812500e+01,8.036568760871887207e-05,1.335144042968750000e-05
4.098973795771598816e-02,3.146977043151855469e+01,3.070384263992309570e-05,1.220703125000000000e-04
4.102044180035591125e-02,3.146989250183105469e+01,1.044198870658874512e-05,1.907348632812500000e-06
4.103088378906250000e-02,3.146989440917968750e+01,-2.565607428550720215e-05,-4.005432128906250000e-05
4.100522771477699280e-02,3.146985435485839844e+01,6.884709000587463379e-05,-1.525878906250000000e-05
4.107407480478286743e-02,3.146983909606933594e+01,-4.332512617111206055e-06,-8.010864257812500000e-05
4.106974229216575623e-02,3.146975898742675781e+01,-3.390759229660034180e-05,3.433227539062500000e-05
4.103583469986915588e-02,3.146979331970214844e+01,4.567205905914306641e-05,-1.335144042968750000e-05
4.108150675892829895e-02,3.146977996826171875e+01,-6.450340151786804199e-05,-7.820129394531250000e-05
4.101700335741043091e-02,3.146970176696777344e+01,1.031421124935150146e-04,-6.103515625000000000e-05
4.112014546990394592e-02,3.146964073181152344e+01,-8.051842451095581055e-05,-1.449584960937500000e-04
4.103962704539299011e-02,3.146949577331542969e+01,-1.787804067134857178e-04,-2.098083496093750000e-05
4.086084663867950439e-02,3.146947479248046875e+01,8.065253496170043945e-06,-1.201629638671875000e-04
4.086891189217567444e-02,3.146935462951660156e+01,8.158385753631591797e-05,-1.277923583984375000e-04
4.095049574971199036e-02,3.146922683715820312e+01,-1.191124320030212402e-04,-1.106262207031250000e-04
4.083138331770896912e-02,3.146911621093750000e+01,1.064799726009368896e-04,-3.662109375000000000e-04
4.093786329030990601e-02,3.146875000000000000e+01,4.518777132034301758e-05,-3.051757812500000000e-04
4.098305106163024902e-02,3.146844482421875000e+01,1.498311758041381836e-04,-3.471374511718750000e-04
4.113288223743438721e-02,3.146809768676757812e+01,5.796551704406738281e-05,-5.474090576171875000e-04
4.119084775447845459e-02,3.146755027770996094e+01,2.066045999526977539e-04,-3.967285156250000000e-04
4.139745235443115234e-02,3.146715354919433594e+01,2.482347190380096436e-04,-9.231567382812500000e-04
4.164568707346916199e-02,3.146623039245605469e+01,4.201307892799377441e-04,-9.803771972656250000e-04
4.206581786274909973e-02,3.146525001525878906e+01,3.296546638011932373e-04,-9.860992431640625000e-04
4.239547252655029297e-02,3.146426391601562500e+01,3.931969404220581055e-04,-1.043319702148437500e-03
4.278866946697235107e-02,3.146322059631347656e+01,4.164241254329681396e-04,-8.411407470703125000e-04
4.320509359240531921e-02,3.146237945556640625e+01,4.506148397922515869e-04,-6.961822509765625000e-04
4.365570843219757080e-02,3.146168327331542969e+01,2.936758100986480713e-04,-5.950927734375000000e-04
4.394938424229621887e-02,3.146108818054199219e+01,3.483630716800689697e-04,-5.569458007812500000e-04
4.429774731397628784e-02,3.146053123474121094e+01,5.370266735553741455e-04,-6.523132324218750000e-04
4.483477398753166199e-02,3.145987892150878906e+01,4.718080163002014160e-04,-5.321502685546875000e-04
4.530658200383186340e-02,3.145934677124023438e+01,6.127767264842987061e-04,-7.381439208984375000e-04
4.591935873031616211e-02,3.145860862731933594e+01,5.978494882583618164e-04,-7.705688476562500000e-04
4.651720821857452393e-02,3.145783805847167969e+01,7.323510944843292236e-04,-8.964538574218750000e-04
4.724955931305885315e-02,3.145694160461425781e+01,8.265003561973571777e-04,-1.132965087890625000e-03
4.807605966925621033e-02,3.145580863952636719e+01,1.006726175546646118e-03,-1.178741455078125000e-03
4.908278584480285645e-02,3.145462989807128906e+01,8.766315877437591553e-04,-5.645751953125000000e-04
4.995941743254661560e-02,3.145406532287597656e+01,8.215121924877166748e-04,-4.634857177734375000e-04
5.078092962503433228e-02,3.145360183715820312e+01,1.069769263267517090e-03,-2.079010009765625000e-04
5.185069888830184937e-02,3.145339393615722656e+01,8.449219167232513428e-04,8.964538574218750000e-05
5.269562080502510071e-02,3.145348358154296875e+01,1.160446554422378540e-03,8.583068847656250000e-05
5.385606735944747925e-02,3.145356941223144531e+01,1.005854457616806030e-03,7.057189941406250000e-05
5.486192181706428528e-02,3.145363998413085938e+01,1.166578382253646851e-03,-4.768371582031250000e-05
5.602850019931793213e-02,3.145359230041503906e+01,1.374576240777969360e-03,-4.577636718750000000e-05
5.740307644009590149e-02,3.145354652404785156e+01,1.171793788671493530e-03,2.098083496093750000e-05
5.857487022876739502e-02,3.145356750488281250e+01,1.277688890695571899e-03,6.103515625000000000e-05
5.985255911946296692e-02,3.145362854003906250e+01,1.625075936317443848e-03,-6.484985351562500000e-05
6.147763505578041077e-02,3.145356369018554688e+01,1.359391957521438599e-03,2.288818359375000000e-05
6.283702701330184937e-02,3.145358657836914062e+01,1.508764922618865967e-03,-4.196166992187500000e-05
6.434579193592071533e-02,3.145354461669921875e+01,1.993298530578613281e-03,0.000000000000000000e+00
6.633909046649932861e-02,3.145354461669921875e+01,1.542195677757263184e-03,1.335144042968750000e-05
6.788128614425659180e-02,3.145355796813964844e+01,1.612037420272827148e-03,1.907348632812500000e-06
6.949332356452941895e-02,3.145355987548828125e+01,1.815035939216613770e-03,-4.386901855468750000e-05
7.130835950374603271e-02,3.145351600646972656e+01,2.296879887580871582e-03,-2.098083496093750000e-05
7.360523939132690430e-02,3.145349502563476562e+01,1.866430044174194336e-03,4.959106445312500000e-05
7.547166943550109863e-02,3.145354461669921875e+01,2.026610076427459717e-03,-1.907348632812500000e-05
7.749827951192855835e-02,3.145352554321289062e+01,2.226643264293670654e-03,-5.912780761718750000e-05
7.972492277622222900e-02,3.145346641540527344e+01,2.578079700469970703e-03,-7.057189941406250000e-05
8.230300247669219971e-02,3.145339584350585938e+01,2.223327755928039551e-03,-9.918212890625000000e-05
8.452633023262023926e-02,3.145329666137695312e+01,2.291455864906311035e-03,-6.103515625000000000e-05
8.681778609752655029e-02,3.145323562622070312e+01,2.656325697898864746e-03,-2.670288085937500000e-05
8.947411179542541504e-02,3.145320892333984375e+01,2.640351653099060059e-03,-4.196166992187500000e-05
9.211446344852447510e-02,3.145316696166992188e+01,3.129392862319946289e-03,1.907348632812500000e-05
9.524385631084442139e-02,3.145318603515625000e+01,2.636753022670745850e-03,3.242492675781250000e-05
9.788060933351516724e-02,3.145321846008300781e+01,3.061816096305847168e-03,-1.945495605468750000e-04
1.009424254298210144e-01,3.145302391052246094e+01,3.151088953018188477e-03,-8.392333984375000000e-05
1.040935143828392029e-01,3.145293998718261719e+01,3.466457128524780273e-03,-3.814697265625000000e-05
1.075599715113639832e-01,3.145290184020996094e+01,3.488175570964813232e-03,5.340576171875000000e-05
1.110481470823287964e-01,3.145295524597167969e+01,3.515228629112243652e-03,-1.144409179687500000e-04
1.145633757114410400e-01,3.145284080505371094e+01,3.851689398288726807e-03,3.433227539062500000e-05
1.184150651097297668e-01,3.145287513732910156e+01,4.079751670360565186e-03,-4.196166992187500000e-05
1.224948167800903320e-01,3.145283317565917969e+01,5.031406879425048828e-03,-3.814697265625000000e-05
1.275262236595153809e-01,3.145279502868652344e+01,3.526091575622558594e-03,1.239776611328125000e-04
1.310523152351379395e-01,3.145291900634765625e+01,4.399389028549194336e-03,-7.247924804687500000e-05
1.354517042636871338e-01,3.145284652709960938e+01,4.600495100021362305e-03,2.861022949218750000e-05
1.400521993637084961e-01,3.145287513732910156e+01,4.704445600509643555e-03,1.907348632812500000e-06
1.447566449642181396e-01,3.145287704467773438e+01,4.781663417816162109e-03,6.866455078125000000e-05
1.495383083820343018e-01,3.145294570922851562e+01,4.750996828079223633e-03,5.531311035156250000e-05
1.542893052101135254e-01,3.145300102233886719e+01,4.989549517631530762e-03,6.866455078125000000e-05
1.592788547277450562e-01,3.145306968688964844e+01,6.021067500114440918e-03,-3.623962402343750000e-05
1.652999222278594971e-01,3.145303344726562500e+01,4.780620336532592773e-03,-1.087188720703125000e-04
1.700805425643920898e-01,3.145292472839355469e+01,6.165191531181335449e-03,-1.449584960937500000e-04
1.762457340955734253e-01,3.145277976989746094e+01,4.370555281639099121e-03,0.000000000000000000e+00
1.806162893772125244e-01,3.145277976989746094e+01,5.542710423469543457e-03,1.220703125000000000e-04
1.861589998006820679e-01,3.145290184020996094e+01,5.701035261154174805e-03,7.629394531250000000e-06
1.918600350618362427e-01,3.145290946960449219e+01,5.610048770904541016e-03,8.392333984375000000e-05
1.974700838327407837e-01,3.145299339294433594e+01,6.378084421157836914e-03,9.536743164062500000e-05
2.038481682538986206e-01,3.145308876037597656e+01,5.826160311698913574e-03,7.247924804687500000e-05
2.096743285655975342e-01,3.145316123962402344e+01,5.037441849708557129e-03,9.536743164062500000e-05
2.147117704153060913e-01,3.145325660705566406e+01,5.766719579696655273e-03,2.136230468750000000e-04
2.204784899950027466e-01,3.145347023010253906e+01,6.139621138572692871e-03,5.130767822265625000e-04
2.266181111335754395e-01,3.145398330688476562e+01,4.935115575790405273e-03,4.386901855468750000e-04
2.315532267093658447e-01,3.145442199707031250e+01,5.316108465194702148e-03,6.008148193359375000e-04
2.368693351745605469e-01,3.145502281188964844e+01,5.087375640869140625e-03,8.049011230468750000e-04
2.419567108154296875e-01,3.145582771301269531e+01,5.075871944427490234e-03,1.911163330078125000e-03
2.470325827598571777e-01,3.145773887634277344e+01,4.725426435470581055e-03,2.058029174804687500e-03
2.517580091953277588e-01,3.145979690551757812e+01,5.380392074584960938e-03,2.351760864257812500e-03
2.571384012699127197e-01,3.146214866638183594e+01,4.355609416961669922e-03,1.668930053710937500e-03
2.614940106868743896e-01,3.146381759643554688e+01,4.974603652954101562e-03,1.655578613281250000e-03
2.664686143398284912e-01,3.146547317504882812e+01,5.544811487197875977e-03,1.173019409179687500e-03
2.720134258270263672e-01,3.146664619445800781e+01,5.113184452056884766e-03,7.743835449218750000e-04
2.771266102790832520e-01,3.146742057800292969e+01,5.495756864547729492e-03,-1.716613769531250000e-05
2.826223671436309814e-01,3.146740341186523438e+01,5.323827266693115234e-03,-2.365112304687500000e-04
2.879461944103240967e-01,3.146716690063476562e+01,5.498647689819335938e-03,-4.749298095703125000e-04
2.934448421001434326e-01,3.146669197082519531e+01,4.991888999938964844e-03,-5.302429199218750000e-04
2.984367311000823975e-01,3.146616172790527344e+01,6.391972303390502930e-03,-5.855560302734375000e-04
3.048287034034729004e-01,3.146557617187500000e+01,5.240142345428466797e-03,-6.847381591796875000e-04
3.100688457489013672e-01,3.146489143371582031e+01,5.856394767761230469e-03,-7.133483886718750000e-04
3.159252405166625977e-01,3.146417808532714844e+01,5.845785140991210938e-03,-1.285552978515625000e-03
3.217710256576538086e-01,3.146289253234863281e+01,5.683839321136474609e-03,-9.880065917968750000e-04
3.274548649787902832e-01,3.146190452575683594e+01,5.595564842224121094e-03,-6.980895996093750000e-04
3.330504298210144043e-01,3.146120643615722656e+01,5.603283643722534180e-03,-5.016326904296875000e-04
3.386537134647369385e-01,3.146070480346679688e+01,5.361855030059814453e-03,-4.196166992187500000e-04
3.440155684947967529e-01,3.146028518676757812e+01,5.246728658676147461e-03,-2.899169921875000000e-04
3.492622971534729004e-01,3.145999526977539062e+01,5.636990070343017578e-03,-2.155303955078125000e-04
3.548992872238159180e-01,3.145977973937988281e+01,6.337463855743408203e-03,-5.779266357421875000e-04
3.612367510795593262e-01,3.145920181274414062e+01,5.179047584533691406e-03,-7.152557373046875000e-04
3.664157986640930176e-01,3.145848655700683594e+01,5.846351385116577148e-03,-1.081466674804687500e-03
3.722621500492095947e-01,3.145740509033203125e+01,6.165951490402221680e-03,-1.296997070312500000e-03
3.784281015396118164e-01,3.145610809326171875e+01,5.980908870697021484e-03,-1.602172851562500000e-03
3.844090104103088379e-01,3.145450592041015625e+01,6.197154521942138672e-03,-1.722335815429687500e-03
3.906061649322509766e-01,3.145278358459472656e+01,6.103396415710449219e-03,-9.326934814453125000e-04
3.967095613479614258e-01,3.145185089111328125e+01,5.846053361892700195e-03,2.040863037109375000e-04
4.025556147098541260e-01,3.145205497741699219e+01,5.944013595581054688e-03,6.275177001953125000e-04
4.084996283054351807e-01,3.145268249511718750e+01,6.283760070800781250e-03,5.931854248046875000e-04
4.147833883762359619e-01,3.145327568054199219e+01,5.336761474609375000e-03,4.024505615234375000e-04
4.201201498508453369e-01,3.145367813110351562e+01,6.495565176010131836e-03,3.967285156250000000e-04
4.266157150268554688e-01,3.145407485961914062e+01,5.331486463546752930e-03,1.449584960937500000e-04
4.319472014904022217e-01,3.145421981811523438e+01,6.022065877914428711e-03,-1.678466796875000000e-04
4.379692673683166504e-01,3.145405197143554688e+01,6.192296743392944336e-03,-2.861022949218750000e-05
4.441615641117095947e-01,3.145402336120605469e+01,6.455153226852416992e-03,-5.073547363281250000e-04
4.506167173385620117e-01,3.145351600646972656e+01,7.689476013183593750e-03,-5.645751953125000000e-04
4.583061933517456055e-01,3.145295143127441406e+01,5.388379096984863281e-03,-3.929138183593750000e-04
4.636945724487304688e-01,3.145255851745605469e+01,6.428748369216918945e-03,-3.471374511718750000e-04
4.701233208179473877e-01,3.145221138000488281e+01,6.123304367065429688e-03,8.010864257812500000e-05
4.762466251850128174e-01,3.145229148864746094e+01,6.695866584777832031e-03,3.089904785156250000e-04
4.829424917697906494e-01,3.145260047912597656e+01,6.169319152832031250e-03,3.986358642578125000e-04
4.891118109226226807e-01,3.145299911499023438e+01,5.720078945159912109e-03,3.433227539062500000e-05
4.948318898677825928e-01,3.145303344726562500e+01,6.442993879318237305e-03,1.354217529296875000e-04
5.012748837471008301e-01,3.145316886901855469e+01,7.089674472808837891e-03,1.010894775390625000e-04
5.083645582199096680e-01,3.145326995849609375e+01,5.516111850738525391e-03,1.296997070312500000e-04
5.138806700706481934e-01,3.145339965820312500e+01,6.742656230926513672e-03,1.716613769531250000e-04
5.206233263015747070e-01,3.145357131958007812e+01,6.143391132354736328e-03,7.247924804687500000e-05
5.267667174339294434e-01,3.145364379882812500e+01,6.157934665679931641e-03,1.201629638671875000e-04
5.329246520996093750e-01,3.145376396179199219e+01,5.287289619445800781e-03,6.484985351562500000e-05
5.382119417190551758e-01,3.145382881164550781e+01,6.161630153656005859e-03,-1.964569091796875000e-04
5.443735718727111816e-01,3.145363235473632812e+01,6.279349327087402344e-03,-5.722045898437500000e-06
5.506529211997985840e-01,3.145362663269042969e+01,6.750106811523437500e-03,-3.814697265625000000e-05
5.574030280113220215e-01,3.145358848571777344e+01,5.616128444671630859e-03,2.861022949218750000e-05
5.630191564559936523e-01,3.145361709594726562e+01,6.685853004455566406e-03,-2.098083496093750000e-05
5.697050094604492188e-01,3.145359611511230469e+01,5.908250808715820312e-03,9.155273437500000000e-05
5.756132602691650391e-01,3.145368766784667969e+01,5.759656429290771484e-03,2.155303955078125000e-04
5.813729166984558105e-01,3.145390319824218750e+01,5.139648914337158203e-03,5.321502685546875000e-04
5.865125656127929688e-01,3.145443534851074219e+01,6.119370460510253906e-03,6.923675537109375000e-04
5.926319360733032227e-01,3.145512771606445312e+01,4.761338233947753906e-03,1.697540283203125000e-03
5.973932743072509766e-01,3.145682525634765625e+01,6.103932857513427734e-03,2.786636352539062500e-03
6.034972071647644043e-01,3.145961189270019531e+01,3.974974155426025391e-03,2.052307128906250000e-03
6.074721813201904297e-01,3.146166419982910156e+01,5.776464939117431641e-03,3.147125244140625000e-03
6.132486462593078613e-01,3.146481132507324219e+01,3.753125667572021484e-03,1.932144165039062500e-03
6.170017719268798828e-01,3.146674346923828125e+01,5.131721496582031250e-03,2.162933349609375000e-03
6.221334934234619141e-01,3.146890640258789062e+01,4.431366920471191406e-03,9.326934814453125000e-04
6.265648603439331055e-01,3.146983909606933594e+01,5.161643028259277344e-03,-3.929138183593750000e-04
6.317265033721923828e-01,3.146944618225097656e+01,5.984187126159667969e-03,-5.760192871093750000e-04
6.377106904983520508e-01,3.146887016296386719e+01,4.879117012023925781e-03,-5.455017089843750000e-04
6.425898075103759766e-01,3.146832466125488281e+01,5.698800086975097656e-03,-4.024505615234375000e-04
6.482886075973510742e-01,3.146792221069335938e+01,4.576921463012695312e-03,-1.716613769531250000e-04
6.528655290603637695e-01,3.146775054931640625e+01,4.843711853027343750e-03,-3.623962402343750000e-05
6.577092409133911133e-01,3.146771430969238281e+01,4.795730113983154297e-03,1.716613769531250000e-05
6.625049710273742676e-01,3.146773147583007812e+01,4.590570926666259766e-03,3.261566162109375000e-04
6.670955419540405273e-01,3.146805763244628906e+01,4.481017589569091797e-03,1.792907714843750000e-04
6.715765595436096191e-01,3.146823692321777344e+01,4.417240619659423828e-03,3.681182861328125000e-04
6.759938001632690430e-01,3.146860504150390625e+01,4.728198051452636719e-03,2.613067626953125000e-04
6.807219982147216797e-01,3.146886634826660156e+01,4.472136497497558594e-03,1.163482666015625000e-04
6.851941347122192383e-01,3.146898269653320312e+01,4.192233085632324219e-03,9.918212890625000000e-05
6.893863677978515625e-01,3.146908187866210938e+01,4.545271396636962891e-03,-8.583068847656250000e-05
6.939316391944885254e-01,3.146899604797363281e+01,5.550682544708251953e-03,-3.242492675781250000e-05
6.994823217391967773e-01,3.146896362304687500e+01,4.087150096893310547e-03,-8.201599121093750000e-05
7.035694718360900879e-01,3.146888160705566406e+01,3.965258598327636719e-03,6.484985351562500000e-05
7.075347304344177246e-01,3.146894645690917969e+01,4.299879074096679688e-03,6.484985351562500000e-05
7.118346095085144043e-01,3.146901130676269531e+01,4.371225833892822266e-03,4.959106445312500000e-05
7.162058353424072266e-01,3.146906089782714844e+01,4.193544387817382812e-03,6.103515625000000000e-05
7.203993797302246094e-01,3.146912193298339844e+01,4.233300685882568359e-03,-1.945495605468750000e-04
7.246326804161071777e-01,3.146892738342285156e+01,4.673540592193603516e-03,-3.433227539062500000e-05
7.293062210083007812e-01,3.146889305114746094e+01,3.641307353973388672e-03,5.912780761718750000e-05
7.329475283622741699e-01,3.146895217895507812e+01,4.171788692474365234e-03,-7.438659667968750000e-05
7.371193170547485352e-01,3.146887779235839844e+01,4.666984081268310547e-03,6.866455078125000000e-05
7.417863011360168457e-01,3.146894645690917969e+01,4.658937454223632812e-03,-7.247924804687500000e-05
7.464452385902404785e-01,3.146887397766113281e+01,3.855943679809570312e-03,-2.098083496093750000e-04
7.503011822700500488e-01,3.146866416931152344e+01,3.896057605743408203e-03,-1.945495605468750000e-04
7.541972398757934570e-01,3.146846961975097656e+01,4.776000976562500000e-03,-2.918243408203125000e-04
7.589732408523559570e-01,3.146817779541015625e+01,4.342555999755859375e-03,-3.795623779296875000e-04
7.633157968521118164e-01,3.146779823303222656e+01,4.480183124542236328e-03,-5.779266357421875000e-04
7.677959799766540527e-01,3.146722030639648438e+01,4.027426242828369141e-03,-7.743835449218750000e-04
7.718234062194824219e-01,3.146644592285156250e+01,4.654586315155029297e-03,-1.768112182617187500e-03
7.764779925346374512e-01,3.146467781066894531e+01,5.600988864898681641e-03,-2.517700195312500000e-03
7.820789813995361328e-01,3.146216011047363281e+01,5.191147327423095703e-03,-2.569198608398437500e-03
7.872701287269592285e-01,3.145959091186523438e+01,4.801869392395019531e-03,-2.611160278320312500e-03
7.920719981193542480e-01,3.145697975158691406e+01,5.897462368011474609e-03,-3.095626831054687500e-03
7.979694604873657227e-01,3.145388412475585938e+01,4.812419414520263672e-03,-2.323150634765625000e-03
8.027818799018859863e-01,3.145156097412109375e+01,4.958629608154296875e-03,-9.078979492187500000e-04
8.077405095100402832e-01,3.145065307617187500e+01,4.780530929565429688e-03,3.814697265625000000e-06
8.125210404396057129e-01,3.145065689086914062e+01,5.411803722381591797e-03,-6.675720214843750000e-05
8.179328441619873047e-01,3.145059013366699219e+01,5.005896091461181641e-03,-2.460479736328125000e-04
8.229387402534484863e-01,3.145034408569335938e+01,4.543960094451904297e-03,1.144409179687500000e-05
8.274827003479003906e-01,3.145035552978515625e+01,5.055785179138183594e-03,1.926422119140625000e-04
8.325384855270385742e-01,3.145054817199707031e+01,5.534708499908447266e-03,1.049041748046875000e-04
8.380731940269470215e-01,3.145065307617187500e+01,4.479646682739257812e-03,2.117156982421875000e-04
8.425528407096862793e-01,3.145086479187011719e+01,5.626440048217773438e-03,5.722045898437500000e-05
8.481792807579040527e-01,3.145092201232910156e+01,4.962682723999023438e-03,5.340576171875000000e-05
8.531419634819030762e-01,3.145097541809082031e+01,5.435109138488769531e-03,-1.277923583984375000e-04
8.585770726203918457e-01,3.145084762573242188e+01,4.054069519042968750e-03,-1.564025878906250000e-04
8.626311421394348145e-01,3.145069122314453125e+01,5.526959896087646484e-03,-6.618499755859375000e-04
8.681581020355224609e-01,3.145002937316894531e+01,4.585564136505126953e-03,-4.024505615234375000e-04
8.727436661720275879e-01,3.144962692260742188e+01,5.244970321655273438e-03,1.583099365234375000e-04
8.779886364936828613e-01,3.144978523254394531e+01,5.340337753295898438e-03,1.087188720703125000e-04
8.833289742469787598e-01,3.144989395141601562e+01,6.142020225524902344e-03,2.403259277343750000e-04
8.894709944725036621e-01,3.145013427734375000e+01,5.374670028686523438e-03,1.068115234375000000e-04
8.948456645011901855e-01,3.145024108886718750e+01,4.764139652252197266e-03,2.098083496093750000e-05
8.996098041534423828e-01,3.145026206970214844e+01,6.013274192810058594e-03,-1.907348632812500000e-05
9.056230783462524414e-01,3.145024299621582031e+01,4.641115665435791016e-03,1.068115234375000000e-04
9.102641940116882324e-01,3.145034980773925781e+01,5.075156688690185547e-03,-3.623962402343750000e-05
9.153393507003784180e-01,3.145031356811523438e+01,5.138695240020751953e-03,6.484985351562500000e-05
9.204780459403991699e-01,3.145037841796875000e+01,5.730926990509033203e-03,1.907348632812500000e-06
9.262089729309082031e-01,3.145038032531738281e+01,5.442798137664794922e-03,-4.959106445312500000e-05
9.316517710685729980e-01,3.145033073425292969e+01,4.853487014770507812e-03,0.000000000000000000e+00
9.365052580833435059e-01,3.145033073425292969e+01,5.941450595855712891e-03,-5.149841308593750000e-05
9.424467086791992188e-01,3.145027923583984375e+01,4.531383514404296875e-03,-4.386901855468750000e-05
9.469780921936035156e-01,3.145023536682128906e+01,5.114614963531494141e-03,1.850128173828125000e-04
9.520927071571350098e-01,3.145042037963867188e+01,5.259752273559570312e-03,1.926422119140625000e-04
9.573524594306945801e-01,3.145061302185058594e+01,5.185246467590332031e-03,2.098083496093750000e-04
9.625377058982849121e-01,3.145082283020019531e+01,4.244863986968994141e-03,3.032684326171875000e-04
9.667825698852539062e-01,3.145112609863281250e+01,4.298746585845947266e-03,4.577636718750000000e-04
9.710813164710998535e-01,3.145158386230468750e+01,4.673659801483154297e-03,3.528594970703125000e-04
9.757549762725830078e-01,3.145193672180175781e+01,4.851043224334716797e-03,1.869201660156250000e-04
9.806060194969177246e-01,3.145212364196777344e+01,5.489170551300048828e-03,1.029968261718750000e-04
9.860951900482177734e-01,3.145222663879394531e+01,4.965722560882568359e-03,-4.577636718750000000e-05
9.910609126091003418e-01,3.145218086242675781e+01,4.137992858886718750e-03,-1.029968261718750000e-04
9.951989054679870605e-01,3.145207786560058594e+01,4.681050777435302734e-03,-2.059936523437500000e-04
9.998799562454223633e-01,3.145187187194824219e+01,4.481315612792968750e-03,8.583068847656250000e-05
1.004361271858215332e+00,3.145195770263671875e+01,5.173563957214355469e-03,-1.163482666015625000e-04
1.009534835815429688e+00,3.145184135437011719e+01,4.418611526489257812e-03,-8.392333984375000000e-05
1.013953447341918945e+00,3.145175743103027344e+01,4.152417182922363281e-03,-1.525878906250000000e-04
1.018105864524841309e+00,3.145160484313964844e+01,4.903912544250488281e-03,-5.149841308593750000e-05
1.023009777069091797e+00,3.145155334472656250e+01,4.834890365600585938e-03,-2.212524414062500000e-04
1.027844667434692383e+00,3.145133209228515625e+01,5.412101745605468750e-03,-9.918212890625000000e-05
1.033256769180297852e+00,3.145123291015625000e+01,5.251288414001464844e-03,-1.659393310546875000e-04
1.038508057594299316e+00,3.145106697082519531e+01,4.207968711853027344e-03,-2.613067626953125000e-04
1.042716026306152344e+00,3.145080566406250000e+01,4.160165786743164062e-03,-2.288818359375000000e-04
1.046876192092895508e+00,3.145057678222656250e+01,4.716157913208007812e-03,-3.166198730468750000e-04
1.051592350006103516e+00,3.145026016235351562e+01,5.002140998840332031e-03,-2.822875976562500000e-04
1.056594491004943848e+00,3.144997787475585938e+01,4.640936851501464844e-03,-3.623962402343750000e-05
1.061235427856445312e+00,3.144994163513183594e+01,4.035472869873046875e-03,9.155273437500000000e-05
1.065270900726318359e+00,3.145003318786621094e+01,4.870057106018066406e-03,1.087188720703125000e-04
1.070140957832336426e+00,3.145014190673828125e+01,4.921197891235351562e-03,7.057189941406250000e-05
1.075062155723571777e+00,3.145021247863769531e+01,4.884243011474609375e-03,-4.386901855468750000e-05
1.079946398735046387e+00,3.145016860961914062e+01,4.879236221313476562e-03,6.103515625000000000e-05
1.084825634956359863e+00,3.145022964477539062e+01,5.521774291992187500e-03,-7.629394531250000000e-06
1.090347409248352051e+00,3.145022201538085938e+01,3.653407096862792969e-03,1.277923583984375000e-04
1.094000816345214844e+00,3.145034980773925781e+01,5.105376243591308594e-03,1.449584960937500000e-04
1.099106192588806152e+00,3.145049476623535156e+01,3.977775573730468750e-03,1.029968261718750000e-04
1.103083968162536621e+00,3.145059776306152344e+01,4.270076751708984375e-03,1.907348632812500000e-06
1.107354044914245605e+00,3.145059967041015625e+01,4.263877868652343750e-03,7.247924804687500000e-05
1.111617922782897949e+00,3.145067214965820312e+01,4.339456558227539062e-03,3.623962402343750000e-05
1.115957379341125488e+00,3.145070838928222656e+01,4.528284072875976562e-03,1.659393310546875000e-04
1.120485663414001465e+00,3.145087432861328125e+01,3.815531730651855469e-03,-3.433227539062500000e-05
1.124301195144653320e+00,3.145083999633789062e+01,4.305362701416015625e-03,2.059936523437500000e-04
1.128606557846069336e+00,3.145104598999023438e+01,4.240036010742187500e-03,7.057189941406250000e-05
1.132846593856811523e+00,3.145111656188964844e+01,4.124999046325683594e-03,2.479553222656250000e-04
1.136971592903137207e+00,3.145136451721191406e+01,3.982424736022949219e-03,1.316070556640625000e-04
1.140954017639160156e+00,3.145149612426757812e+01,3.718972206115722656e-03,1.792907714843750000e-04
1.144672989845275879e+00,3.145167541503906250e+01,3.835558891296386719e-03,1.678466796875000000e-04
1.148508548736572266e+00,3.145184326171875000e+01,3.700375556945800781e-03,2.861022949218750000e-05
1.152208924293518066e+00,3.145187187194824219e+01,4.027843475341796875e-03,-3.814697265625000000e-06
1.156236767768859863e+00,3.145186805725097656e+01,3.405094146728515625e-03,-1.354217529296875000e-04
1.159641861915588379e+00,3.145173263549804688e+01,3.822088241577148438e-03,-3.242492675781250000e-05
1.163463950157165527e+00,3.145170021057128906e+01,3.760576248168945312e-03,1.182556152343750000e-04
1.167224526405334473e+00,3.145181846618652344e+01,3.706097602844238281e-03,-3.242492675781250000e-05
1.170930624008178711e+00,3.145178604125976562e+01,3.860473632812500000e-03,-8.010864257812500000e-05
1.174791097640991211e+00,3.145170593261718750e+01,4.248142242431640625e-03,-1.468658447265625000e-04
1.179039239883422852e+00,3.145155906677246094e+01,3.805160522460937500e-03,-2.250671386718750000e-04
1.182844400405883789e+00,3.145133399963378906e+01,3.831863403320312500e-03,-3.013610839843750000e-04
1.186676263809204102e+00,3.145103263854980469e+01,3.675222396850585938e-03,-2.002716064453125000e-04
1.190351486206054688e+00,3.145083236694335938e+01,3.148555755615234375e-03,-2.880096435546875000e-04
1.193500041961669922e+00,3.145054435729980469e+01,3.509521484375000000e-03,-1.106262207031250000e-04
1.197009563446044922e+00,3.145043373107910156e+01,3.944993019104003906e-03,-1.144409179687500000e-05
1.200954556465148926e+00,3.145042228698730469e+01,2.974033355712890625e-03,2.365112304687500000e-04
1.203928589820861816e+00,3.145065879821777344e+01,3.099083900451660156e-03,7.152557373046875000e-04
1.207027673721313477e+00,3.145137405395507812e+01,2.102255821228027344e-03,1.134872436523437500e-03
1.209129929542541504e+00,3.145250892639160156e+01,1.946687698364257812e-03,3.269195556640625000e-03
1.211076617240905762e+00,3.145577812194824219e+01,1.653075218200683594e-03,5.022048950195312500e-03
1.212729692459106445e+00,3.146080017089843750e+01,1.151204109191894531e-03,5.023956298828125000e-03
1.213880896568298340e+00,3.146582412719726562e+01,1.178741455078125000e-03,4.249572753906250000e-03
1.215059638023376465e+00,3.147007369995117188e+01,1.515626907348632812e-03,1.716613769531250000e-03
1.216575264930725098e+00,3.147179031372070312e+01,2.181172370910644531e-03,5.016326904296875000e-04
1.218756437301635742e+00,3.147229194641113281e+01,1.644611358642578125e-03,-1.907348632812500000e-05
1.220401048660278320e+00,3.147227287292480469e+01,1.754403114318847656e-03,-1.068115234375000000e-04
1.222155451774597168e+00,3.147216606140136719e+01,1.370072364807128906e-03,3.528594970703125000e-04
1.223525524139404297e+00,3.147251892089843750e+01,1.006126403808593750e-03,3.681182861328125000e-04
1.224531650543212891e+00,3.147288703918457031e+01,1.029253005981445312e-03,5.340576171875000000e-05
1.225560903549194336e+00,3.147294044494628906e+01,5.825757980346679688e-04,-9.155273437500000000e-05
1.226143479347229004e+00,3.147284889221191406e+01,6.150007247924804688e-04,-2.326965332031250000e-04
1.226758480072021484e+00,3.147261619567871094e+01,-4.923343658447265625e-05,-2.098083496093750000e-05
1.226709246635437012e+00,3.147259521484375000e+01,-1.192092895507812500e-06,5.340576171875000000e-05
1.226708054542541504e+00,3.147264862060546875e+01,-1.361370086669921875e-04,4.959106445312500000e-05
1.226571917533874512e+00,3.147269821166992188e+01,-5.134344100952148438e-04,-4.005432128906250000e-05
1.226058483123779297e+00,3.147265815734863281e+01,-3.279447555541992188e-04,-1.506805419921875000e-04
1.225730538368225098e+00,3.147250747680664062e+01,-2.951622009277343750e-04,-6.484985351562500000e-05
1.225435376167297363e+00,3.147244262695312500e+01,-4.330873489379882812e-04,-4.959106445312500000e-05
1.225002288818359375e+00,3.147239303588867188e+01,-7.232427597045898438e-04,-3.814697265625000000e-06
1.224279046058654785e+00,3.147238922119140625e+01,-9.542703628540039062e-04,-2.670288085937500000e-05
1.223324775695800781e+00,3.147236251831054688e+01,-8.081197738647460938e-04,2.098083496093750000e-05
1.222516655921936035e+00,3.147238349914550781e+01,-1.040935516357421875e-03,-1.354217529296875000e-04
1.221475720405578613e+00,3.147224807739257812e+01,-1.008272171020507812e-03,1.716613769531250000e-05
1.220467448234558105e+00,3.147226524353027344e+01,-1.118659973144531250e-03,6.294250488281250000e-05
1.219348788261413574e+00,3.147232818603515625e+01,-1.407384872436523438e-03,2.651214599609375000e-04
1.217941403388977051e+00,3.147259330749511719e+01,-1.476645469665527344e-03,1.144409179687500000e-04
1.216464757919311523e+00,3.147270774841308594e+01,-1.555323600769042969e-03,2.880096435546875000e-04
1.214909434318542480e+00,3.147299575805664062e+01,-1.915335655212402344e-03,3.967285156250000000e-04
1.212994098663330078e+00,3.147339248657226562e+01,-2.478480339050292969e-03,1.544952392578125000e-04
1.210515618324279785e+00,3.147354698181152344e+01,-2.403378486633300781e-03,-7.438659667968750000e-05
1.208112239837646484e+00,3.147347259521484375e+01,-2.915382385253906250e-03,-1.869201660156250000e-04
1.205196857452392578e+00,3.147328567504882812e+01,-3.597736358642578125e-03,-2.098083496093750000e-04
1.201599121093750000e+00,3.147307586669921875e+01,-3.330826759338378906e-03,3.814697265625000000e-06
1.198268294334411621e+00,3.147307968139648438e+01,-4.203677177429199219e-03,-9.155273437500000000e-05
1.194064617156982422e+00,3.147298812866210938e+01,-3.073215484619140625e-03,7.438659667968750000e-05
1.190991401672363281e+00,3.147306251525878906e+01,-4.113078117370605469e-03,-1.468658447265625000e-04
1.186878323554992676e+00,3.147291564941406250e+01,-4.199385643005371094e-03,-6.675720214843750000e-05
1.182678937911987305e+00,3.147284889221191406e+01,-4.709005355834960938e-03,-1.430511474609375000e-04
1.177969932556152344e+00,3.147270584106445312e+01,-4.425764083862304688e-03,-6.484985351562500000e-05
1.173544168472290039e+00,3.147264099121093750e+01,-4.187464714050292969e-03,1.106262207031250000e-04
1.169356703758239746e+00,3.147275161743164062e+01,-4.676938056945800781e-03,-1.010894775390625000e-04
1.164679765701293945e+00,3.147265052795410156e+01,-4.714369773864746094e-03,1.049041748046875000e-04
1.159965395927429199e+00,3.147275543212890625e+01,-4.754185676574707031e-03,-6.484985351562500000e-05
1.155211210250854492e+00,3.147269058227539062e+01,-4.834890365600585938e-03,-4.386901855468750000e-05
1.150376319885253906e+00,3.147264671325683594e+01,-4.843592643737792969e-03,-6.484985351562500000e-05
1.145532727241516113e+00,3.147258186340332031e+01,-5.288481712341308594e-03,4.768371582031250000e-05
1.140244245529174805e+00,3.147262954711914062e+01,-4.560589790344238281e-03,-5.722045898437500000e-06
1.135683655738830566e+00,3.147262382507324219e+01,-5.129933357238769531e-03,1.258850097656250000e-04
1.130553722381591797e+00,3.147274971008300781e+01,-5.461931228637695312e-03,-3.051757812500000000e-05
1.125091791152954102e+00,3.147271919250488281e+01,-6.154298782348632812e-03,1.010894775390625000e-04
1.118937492370605469e+00,3.147282028198242188e+01,-5.389332771301269531e-03,-1.087188720703125000e-04
1.113548159599304199e+00,3.147271156311035156e+01,-5.734920501708984375e-03,-2.861022949218750000e-05
1.107813239097595215e+00,3.147268295288085938e+01,-5.079865455627441406e-03,-1.716613769531250000e-05
1.102733373641967773e+00,3.147266578674316406e+01,-6.507396697998046875e-03,-1.716613769531250000e-05
1.096225976943969727e+00,3.147264862060546875e+01,-5.186676979064941406e-03,-3.623962402343750000e-05
1.091039299964904785e+00,3.147261238098144531e+01,-6.530523300170898438e-03,4.196166992187500000e-05
1.084508776664733887e+00,3.147265434265136719e+01,-5.689501762390136719e-03,-6.103515625000000000e-05
1.078819274902343750e+00,3.147259330749511719e+01,-5.885362625122070312e-03,-1.907348632812500000e-05
1.072933912277221680e+00,3.147257423400878906e+01,-6.064772605895996094e-03,-2.708435058593750000e-04
1.066869139671325684e+00,3.147230339050292969e+01,-5.361318588256835938e-03,2.098083496093750000e-05
1.061507821083068848e+00,3.147232437133789062e+01,-5.961418151855468750e-03,-3.089904785156250000e-04
1.055546402931213379e+00,3.147201538085937500e+01,-5.644679069519042969e-03,-5.340576171875000000e-05
1.049901723861694336e+00,3.147196197509765625e+01,-5.704522132873535156e-03,-2.555847167968750000e-04
1.044197201728820801e+00,3.147170639038085938e+01,-5.931735038757324219e-03,-3.700256347656250000e-04
1.038265466690063477e+00,3.147133636474609375e+01,-5.587697029113769531e-03,-1.850128173828125000e-04
1.032677769660949707e+00,3.147115135192871094e+01,-5.401611328125000000e-03,-1.277923583984375000e-04
1.027276158332824707e+00,3.147102355957031250e+01,-6.015777587890625000e-03,8.773803710937500000e-05
1.021260380744934082e+00,3.147111129760742188e+01,-6.307840347290039062e-03,3.223419189453125000e-04
1.014952540397644043e+00,3.147143363952636719e+01,-6.152629852294921875e-03,3.986358642578125000e-04
1.008799910545349121e+00,3.147183227539062500e+01,-6.430149078369140625e-03,3.318786621093750000e-04
1.002369761466979980e+00,3.147216415405273438e+01,-7.068634033203125000e-03,5.970001220703125000e-04
9.953011274337768555e-01,3.147276115417480469e+01,-6.599664688110351562e-03,3.299713134765625000e-04
9.887014627456665039e-01,3.147309112548828125e+01,-5.646824836730957031e-03,-1.316070556640625000e-04
9.830546379089355469e-01,3.147295951843261719e+01,-6.311714649200439453e-03,-3.623962402343750000e-04
9.767429232597351074e-01,3.147259712219238281e+01,-6.579339504241943359e-03,-1.811981201171875000e-04
9.701635837554931641e-01,3.147241592407226562e+01,-6.769657135009765625e-03,2.307891845703125000e-04
9.633939266204833984e-01,3.147264671325683594e+01,-7.523119449615478516e-03,1.525878906250000000e-04
9.558708071708679199e-01,3.147279930114746094e+01,-6.309568881988525391e-03,7.820129394531250000e-05
9.495612382888793945e-01,3.147287750244140625e+01,-7.719695568084716797e-03,-1.106262207031250000e-04
9.418415427207946777e-01,3.147276687622070312e+01,-7.041990756988525391e-03,-5.722045898437500000e-05
9.347995519638061523e-01,3.147270965576171875e+01,-7.124841213226318359e-03,-3.623962402343750000e-05
9.276747107505798340e-01,3.147267341613769531e+01,-6.711721420288085938e-03,1.335144042968750000e-05
9.209629893302917480e-01,3.147268676757812500e+01,-8.071899414062500000e-03,-3.433227539062500000e-05
9.128910899162292480e-01,3.147265243530273438e+01,-7.663547992706298828e-03,-6.294250488281250000e-05
9.052275419235229492e-01,3.147258949279785156e+01,-7.557809352874755859e-03,-5.531311035156250000e-05
8.976697325706481934e-01,3.147253417968750000e+01,-7.645726203918457031e-03,1.010894775390625000e-04
8.900240063667297363e-01,3.147263526916503906e+01,-8.459031581878662109e-03,7.438659667968750000e-05
8.815649747848510742e-01,3.147270965576171875e+01,-7.847845554351806641e-03,5.149841308593750000e-05
8.737171292304992676e-01,3.147276115417480469e+01,-7.046580314636230469e-03,-1.163482666015625000e-04
8.666705489158630371e-01,3.147264480590820312e+01,-7.810235023498535156e-03,-7.057189941406250000e-05
8.588603138923645020e-01,3.147257423400878906e+01,-7.277131080627441406e-03,-1.716613769531250000e-05
8.515831828117370605e-01,3.147255706787109375e+01,-8.843302726745605469e-03,8.773803710937500000e-05
8.427398800849914551e-01,3.147264480590820312e+01,-7.276356220245361328e-03,-5.912780761718750000e-05
8.354635238647460938e-01,3.147258567810058594e+01,-8.120119571685791016e-03,-5.149841308593750000e-05
8.273434042930603027e-01,3.147253417968750000e+01,-8.900284767150878906e-03,5.912780761718750000e-05
8.184431195259094238e-01,3.147259330749511719e+01,-7.357656955718994141e-03,-9.155273437500000000e-05
8.110854625701904297e-01,3.147250175476074219e+01,-8.229494094848632812e-03,1.049041748046875000e-04
8.028559684753417969e-01,3.147260665893554688e+01,-9.042263031005859375e-03,-1.087188720703125000e-04
7.938137054443359375e-01,3.147249794006347656e+01,-7.338821887969970703e-03,2.861022949218750000e-05
7.864748835563659668e-01,3.147252655029296875e+01,-9.207665920257568359e-03,2.288818359375000000e-05
7.772672176361083984e-01,3.147254943847656250e+01,-7.442712783813476562e-03,-9.536743164062500000e-06
7.698245048522949219e-01,3.147253990173339844e+01,-9.034514427185058594e-03,-1.525878906250000000e-05
7.607899904251098633e-01,3.147252464294433594e+01,-8.386254310607910156e-03,-5.912780761718750000e-05
7.524037361145019531e-01,3.147246551513671875e+01,-8.244812488555908203e-03,-2.174377441406250000e-04
7.441589236259460449e-01,3.147224807739257812e+01,-7.098734378814697266e-03,-2.498626708984375000e-04
7.370601892471313477e-01,3.147199821472167969e+01,-8.766472339630126953e-03,-3.986358642578125000e-04
7.282937169075012207e-01,3.147159957885742188e+01,-7.077991962432861328e-03,-5.226135253906250000e-04
7.212157249450683594e-01,3.147107696533203125e+01,-7.749855518341064453e-03,-7.038116455078125000e-04
7.134658694267272949e-01,3.147037315368652344e+01,-7.755637168884277344e-03,-1.274108886718750000e-03
7.057102322578430176e-01,3.146909904479980469e+01,-7.690370082855224609e-03,-1.386642456054687500e-03
6.980198621749877930e-01,3.146771240234375000e+01,-9.154558181762695312e-03,-1.548767089843750000e-03
6.888653039932250977e-01,3.146616363525390625e+01,-6.997704505920410156e-03,-1.237869262695312500e-03
6.818675994873046875e-01,3.146492576599121094e+01,-7.147669792175292969e-03,-9.632110595703125000e-04
6.747199296951293945e-01,3.146396255493164062e+01,-7.718682289123535156e-03,-1.148223876953125000e-03
6.670012474060058594e-01,3.146281433105468750e+01,-8.588671684265136719e-03,-1.148223876953125000e-03
6.584125757217407227e-01,3.146166610717773438e+01,-6.806433200836181641e-03,-1.150131225585937500e-03
6.516061425209045410e-01,3.146051597595214844e+01,-9.002745151519775391e-03,-1.214981079101562500e-03
6.426033973693847656e-01,3.145930099487304688e+01,-6.008267402648925781e-03,-1.094818115234375000e-03
6.365951299667358398e-01,3.145820617675781250e+01,-9.050726890563964844e-03,-1.022338867187500000e-03
6.275444030761718750e-01,3.145718383789062500e+01,-5.909621715545654297e-03,-6.523132324218750000e-04
6.216347813606262207e-01,3.145653152465820312e+01,-7.463634014129638672e-03,-2.937316894531250000e-04
6.141711473464965820e-01,3.145623779296875000e+01,-7.743418216705322266e-03,5.340576171875000000e-05
6.064277291297912598e-01,3.145629119873046875e+01,-7.652938365936279297e-03,1.888275146484375000e-04
5.987747907638549805e-01,3.145648002624511719e+01,-7.423162460327148438e-03,1.831054687500000000e-04
5.913516283035278320e-01,3.145666313171386719e+01,-8.197605609893798828e-03,-5.149841308593750000e-05
5.831540226936340332e-01,3.145661163330078125e+01,-7.351696491241455078e-03,-9.727478027343750000e-05
5.758023262023925781e-01,3.145651435852050781e+01,-7.461369037628173828e-03,-9.346008300781250000e-05
5.683409571647644043e-01,3.145642089843750000e+01,-6.683111190795898438e-03,2.479553222656250000e-05
5.616578459739685059e-01,3.145644569396972656e+01,-8.028566837310791016e-03,7.438659667968750000e-05
5.536292791366577148e-01,3.145652008056640625e+01,-7.147550582885742188e-03,-5.149841308593750000e-05
5.464817285537719727e-01,3.145646858215332031e+01,-6.445467472076416016e-03,-4.577636718750000000e-05
5.400362610816955566e-01,3.145642280578613281e+01,-7.004439830780029297e-03,1.907348632812500000e-05
5.330318212509155273e-01,3.145644187927246094e+01,-6.965219974517822266e-03,-6.866455078125000000e-05
5.260666012763977051e-01,3.145637321472167969e+01,-7.098197937011718750e-03,9.536743164062500000e-05
5.189684033393859863e-01,3.145646858215332031e+01,-7.024466991424560547e-03,7.820129394531250000e-05
5.119439363479614258e-01,3.145654678344726562e+01,-7.108092308044433594e-03,-3.242492675781250000e-05
5.048358440399169922e-01,3.145651435852050781e+01,-7.762104272842407227e-03,8.964538574218750000e-05
4.970737397670745850e-01,3.145660400390625000e+01,-6.921172142028808594e-03,-7.629394531250000000e-06
4.901525676250457764e-01,3.145659637451171875e+01,-7.012277841567993164e-03,-1.907348632812500000e-06
4.831402897834777832e-01,3.145659446716308594e+01,-6.335794925689697266e-03,1.773834228515625000e-04
4.768044948577880859e-01,3.145677185058593750e+01,-7.234990596771240234e-03,2.670288085937500000e-04
4.695695042610168457e-01,3.145703887939453125e+01,-8.237063884735107422e-03,5.970001220703125000e-04
4.613324403762817383e-01,3.145763587951660156e+01,-7.548153400421142578e-03,5.435943603515625000e-04
4.537842869758605957e-01,3.145817947387695312e+01,-7.711887359619140625e-03,7.972717285156250000e-04
4.460723996162414551e-01,3.145897674560546875e+01,-7.892370223999023438e-03,1.811981201171875000e-03
4.381800293922424316e-01,3.146078872680664062e+01,-8.130490779876708984e-03,2.140045166015625000e-03
4.300495386123657227e-01,3.146292877197265625e+01,-7.275104522705078125e-03,2.241134643554687500e-03
4.227744340896606445e-01,3.146516990661621094e+01,-9.046643972396850586e-03,2.698898315429687500e-03
4.137277901172637939e-01,3.146786880493164062e+01,-8.374094963073730469e-03,2.546310424804687500e-03
4.053536951541900635e-01,3.147041511535644531e+01,-7.483154535293579102e-03,2.050399780273437500e-03
3.978705406188964844e-01,3.147246551513671875e+01,-9.280145168304443359e-03,1.373291015625000000e-03
3.885903954505920410e-01,3.147383880615234375e+01,-7.976472377777099609e-03,-3.547668457031250000e-04
3.806139230728149414e-01,3.147348403930664062e+01,-7.248550653457641602e-03,-6.465911865234375000e-04
3.733653724193572998e-01,3.147283744812011719e+01,-8.231997489929199219e-03,-4.825592041015625000e-04
3.651333749294281006e-01,3.147235488891601562e+01,-9.369164705276489258e-03,-1.602172851562500000e-04
3.557642102241516113e-01,3.147219467163085938e+01,-7.897883653640747070e-03,1.182556152343750000e-04
3.478663265705108643e-01,3.147231292724609375e+01,-9.646534919738769531e-03,2.365112304687500000e-04
3.382197916507720947e-01,3.147254943847656250e+01,-9.647905826568603516e-03,8.392333984375000000e-05
3.285718858242034912e-01,3.147263336181640625e+01,-7.768005132675170898e-03,-2.479553222656250000e-05
3.208038806915283203e-01,3.147260856628417969e+01,-8.638083934783935547e-03,-2.460479736328125000e-04
3.121657967567443848e-01,3.147236251831054688e+01,-8.323282003402709961e-03,-3.776550292968750000e-04
3.038425147533416748e-01,3.147198486328125000e+01,-7.263839244842529297e-03,-5.168914794921875000e-04
2.965786755084991455e-01,3.147146797180175781e+01,-8.353233337402343750e-03,-5.111694335937500000e-04
2.882254421710968018e-01,3.147095680236816406e+01,-9.725302457809448242e-03,-1.155853271484375000e-03
2.785001397132873535e-01,3.146980094909667969e+01,-7.406383752822875977e-03,-9.784698486328125000e-04
2.710937559604644775e-01,3.146882247924804688e+01,-7.377743721008300781e-03,-8.697509765625000000e-04
2.637160122394561768e-01,3.146795272827148438e+01,-8.308440446853637695e-03,-5.664825439453125000e-04
2.554075717926025391e-01,3.146738624572753906e+01,-9.057685732841491699e-03,-5.187988281250000000e-04
2.463498860597610474e-01,3.146686744689941406e+01,-9.312435984611511230e-03,-3.852844238281250000e-04
2.370374500751495361e-01,3.146648216247558594e+01,-7.693007588386535645e-03,-1.468658447265625000e-04
2.293444424867630005e-01,3.146633529663085938e+01,-7.581129670143127441e-03,-9.918212890625000000e-05
2.217633128166198730e-01,3.146623611450195312e+01,-8.339241147041320801e-03,-2.231597900390625000e-04
2.134240716695785522e-01,3.146601295471191406e+01,-8.522763848304748535e-03,2.288818359375000000e-05
2.049013078212738037e-01,3.146603584289550781e+01,-1.008081436157226562e-02,-1.487731933593750000e-04
1.948204934597015381e-01,3.146588706970214844e+01,-7.578238844871520996e-03,-9.536743164062500000e-05
1.872422546148300171e-01,3.146579170227050781e+01,-9.360447525978088379e-03,-3.814697265625000000e-05
1.778818070888519287e-01,3.146575355529785156e+01,-7.577329874038696289e-03,8.773803710937500000e-05
1.703044772148132324e-01,3.146584129333496094e+01,-8.567377924919128418e-03,-1.716613769531250000e-05
1.617370992898941040e-01,3.146582412719726562e+01,-9.264662861824035645e-03,-1.335144042968750000e-05
1.524724364280700684e-01,3.146581077575683594e+01,-7.665887475013732910e-03,5.340576171875000000e-05
1.448065489530563354e-01,3.146586418151855469e+01,-8.744224905967712402e-03,-7.247924804687500000e-05
1.360623240470886230e-01,3.146579170227050781e+01,-7.640361785888671875e-03,1.621246337890625000e-04
1.284219622611999512e-01,3.146595382690429688e+01,-8.322022855281829834e-03,7.820129394531250000e-05
1.200999394059181213e-01,3.146603202819824219e+01,-8.560180664062500000e-03,1.678466796875000000e-04
1.115397587418556213e-01,3.146619987487792969e+01,-8.712671697139739990e-03,1.296997070312500000e-04
1.028270870447158813e-01,3.146632957458496094e+01,-8.584856986999511719e-03,4.768371582031250000e-05
9.424223005771636963e-02,3.146637725830078125e+01,-9.674347937107086182e-03,1.296997070312500000e-04
8.456788212060928345e-02,3.146650695800781250e+01,-8.552342653274536133e-03,1.316070556640625000e-04
7.601553946733474731e-02,3.146663856506347656e+01,-7.951222360134124756e-03,2.174377441406250000e-04
6.806431710720062256e-02,3.146685600280761719e+01,-8.983779698610305786e-03,1.869201660156250000e-04
5.908053740859031677e-02,3.146704292297363281e+01,-9.760189801454544067e-03,3.547668457031250000e-04
4.932034760713577271e-02,3.146739768981933594e+01,-9.970746934413909912e-03,2.040863037109375000e-04
3.934960067272186279e-02,3.146760177612304688e+01,-8.103528991341590881e-03,3.852844238281250000e-04
3.124607168138027191e-02,3.146798706054687500e+01,-8.179109543561935425e-03,2.937316894531250000e-04
2.306696213781833649e-02,3.146828079223632812e+01,-9.091031737625598907e-03,5.817413330078125000e-04
1.397593040019273758e-02,3.146886253356933594e+01,-9.482400026172399521e-03,1.214981079101562500e-03
4.493530374020338058e-03,3.147007751464843750e+01,-1.053597591817378998e-02,1.859664916992187500e-03
-6.042445544153451920e-03,3.147193717956542969e+01,-8.585604373365640640e-03,1.148223876953125000e-03
-1.462804991751909256e-02,3.147308540344238281e+01,-9.377134032547473907e-03,1.411437988281250000e-04
-2.400518395006656647e-02,3.147322654724121094e+01,-1.046184264123439789e-02,-4.234313964843750000e-04
-3.446702659130096436e-02,3.147280311584472656e+01,-9.541843086481094360e-03,-4.329681396484375000e-04
-4.400886967778205872e-02,3.147237014770507812e+01,-9.165517985820770264e-03,-4.386901855468750000e-05
-5.317438766360282898e-02,3.147232627868652344e+01,-1.061866059899330139e-02,2.899169921875000000e-04
-6.379304826259613037e-02,3.147261619567871094e+01,-9.912930428981781006e-03,1.964569091796875000e-04
-7.370597869157791138e-02,3.147281265258789062e+01,-1.105290651321411133e-02,-4.386901855468750000e-05
-8.475888520479202271e-02,3.147276878356933594e+01,-1.012553274631500244e-02,-2.212524414062500000e-04
-9.488441795110702515e-02,3.147254753112792969e+01,-9.150378406047821045e-03,-1.907348632812500000e-06
-1.040347963571548462e-01,3.147254562377929688e+01,-1.006083935499191284e-02,-1.354217529296875000e-04
-1.140956357121467590e-01,3.147241020202636719e+01,-1.045651733875274658e-02,9.155273437500000000e-05
-1.245521530508995056e-01,3.147250175476074219e+01,-1.255250722169876099e-02,7.629394531250000000e-05
-1.371046602725982666e-01,3.147257804870605469e+01,-9.301811456680297852e-03,-1.506805419921875000e-04
-1.464064717292785645e-01,3.147242736816406250e+01,-9.255871176719665527e-03,5.912780761718750000e-05
-1.556623429059982300e-01,3.147248649597167969e+01,-1.139378547668457031e-02,1.335144042968750000e-05
-1.670561283826828003e-01,3.147249984741210938e+01,-1.072600483894348145e-02,6.866455078125000000e-05
-1.777821332216262817e-01,3.147256851196289062e+01,-1.070135831832885742e-02,7.438659667968750000e-05
-1.884834915399551392e-01,3.147264289855957031e+01,-1.160417497158050537e-02,-1.983642578125000000e-04
-2.000876665115356445e-01,3.147244453430175781e+01,-9.410306811332702637e-03,-1.277923583984375000e-04
-2.094979733228683472e-01,3.147231674194335938e+01,-1.061725616455078125e-02,-7.820129394531250000e-05
-2.201152294874191284e-01,3.147223854064941406e+01,-9.624615311622619629e-03,7.438659667968750000e-05
-2.297398447990417480e-01,3.147231292724609375e+01,-9.566143155097961426e-03,1.106262207031250000e-04
-2.393059879541397095e-01,3.147242355346679688e+01,-1.060862839221954346e-02,6.675720214843750000e-05
-2.499146163463592529e-01,3.147249031066894531e+01,-1.047229766845703125e-02,5.340576171875000000e-05
-2.603869140148162842e-01,3.147254371643066406e+01,-1.069879531860351562e-02,-1.144409179687500000e-05
-2.710857093334197998e-01,3.147253227233886719e+01,-1.190692186355590820e-02,-1.602172851562500000e-04
-2.829926311969757080e-01,3.147237205505371094e+01,-9.590297937393188477e-03,1.907348632812500000e-05
-2.925829291343688965e-01,3.147239112854003906e+01,-1.045879721641540527e-02,-5.531311035156250000e-05
-3.030417263507843018e-01,3.147233581542968750e+01,-1.164653897285461426e-02,2.861022949218750000e-05
-3.146882653236389160e-01,3.147236442565917969e+01,-1.081338524818420410e-02,-7.057189941406250000e-05
-3.255016505718231201e-01,3.147229385375976562e+01,-9.740769863128662109e-03,1.239776611328125000e-04
-3.352424204349517822e-01,3.147241783142089844e+01,-1.068222522735595703e-02,1.144409179687500000e-05
-3.459246456623077393e-01,3.147242927551269531e+01,-1.147645711898803711e-02,-5.722045898437500000e-06
-3.574011027812957764e-01,3.147242355346679688e+01,-1.093441247940063477e-02,-4.005432128906250000e-05
-3.683355152606964111e-01,3.147238349914550781e+01,-1.069518923759460449e-02,-4.386901855468750000e-05
-3.790307044982910156e-01,3.147233963012695312e+01,-9.443193674087524414e-03,-5.149841308593750000e-05
-3.884738981723785400e-01,3.147228813171386719e+01,-1.030158996582031250e-02,-3.013610839843750000e-04
-3.987754881381988525e-01,3.147198677062988281e+01,-1.134067773818969727e-02,-3.433227539062500000e-04
-4.101161658763885498e-01,3.147164344787597656e+01,-1.021105051040649414e-02,-4.425048828125000000e-04
-4.203272163867950439e-01,3.147120094299316406e+01,-9.119808673858642578e-03,-4.711151123046875000e-04
-4.294470250606536865e-01,3.147072982788085938e+01,-9.949326515197753906e-03,-9.326934814453125000e-04
-4.393963515758514404e-01,3.146979713439941406e+01,-1.034212112426757812e-02,-1.928329467773437500e-03
-4.497384727001190186e-01,3.146786880493164062e+01,-9.192168712615966797e-03,-2.258300781250000000e-03
-4.589306414127349854e-01,3.146561050415039062e+01,-9.292334318161010742e-03,-3.120422363281250000e-03
-4.682229757308959961e-01,3.146249008178710938e+01,-8.511126041412353516e-03,-2.796173095703125000e-03
-4.767341017723083496e-01,3.145969390869140625e+01,-8.741289377212524414e-03,-3.133773803710937500e-03
-4.854753911495208740e-01,3.145656013488769531e+01,-9.687632322311401367e-03,-2.872467041015625000e-03
-4.951630234718322754e-01,3.145368766784667969e+01,-8.841693401336669922e-03,-1.276016235351562500e-03
-5.040047168731689453e-01,3.145241165161132812e+01,-7.904112339019775391e-03,-1.142501831054687500e-03
-5.119088292121887207e-01,3.145126914978027344e+01,-9.438276290893554688e-03,-1.144409179687500000e-03
-5.213471055030822754e-01,3.145012474060058594e+01,-9.324789047241210938e-03,-9.708404541015625000e-04
-5.306718945503234863e-01,3.144915390014648438e+01,-7.253706455230712891e-03,-7.038116455078125000e-04
-5.379256010055541992e-01,3.144845008850097656e+01,-8.082628250122070312e-03,-4.863739013671875000e-04
-5.460082292556762695e-01,3.144796371459960938e+01,-8.086383342742919922e-03,4.196166992187500000e-05
-5.540946125984191895e-01,3.144800567626953125e+01,-7.148325443267822266e-03,1.811981201171875000e-04
-5.612429380416870117e-01,3.144818687438964844e+01,-7.750034332275390625e-03,1.182556152343750000e-04
-5.689929723739624023e-01,3.144830513000488281e+01,-7.686495780944824219e-03,1.335144042968750000e-04
-5.766794681549072266e-01,3.144843864440917969e+01,-8.179128170013427734e-03,2.861022949218750000e-05
-5.848585963249206543e-01,3.144846725463867188e+01,-7.239162921905517578e-03,-4.959106445312500000e-05
-5.920977592468261719e-01,3.144841766357421875e+01,-7.304728031158447266e-03,1.163482666015625000e-04
-5.994024872779846191e-01,3.144853401184082031e+01,-7.322192192077636719e-03,9.918212890625000000e-05
-6.067246794700622559e-01,3.144863319396972656e+01,-6.483852863311767578e-03,-3.814697265625000000e-05
-6.132085323333740234e-01,3.144859504699707031e+01,-7.362484931945800781e-03,-1.144409179687500000e-05
-6.205710172653198242e-01,3.144858360290527344e+01,-7.944285869598388672e-03,-2.861022949218750000e-05
-6.285153031349182129e-01,3.144855499267578125e+01,-6.490468978881835938e-03,2.670288085937500000e-05
-6.350057721138000488e-01,3.144858169555664062e+01,-7.143616676330566406e-03,-1.144409179687500000e-05
-6.421493887901306152e-01,3.144857025146484375e+01,-7.909655570983886719e-03,5.912780761718750000e-05
-6.500590443611145020e-01,3.144862937927246094e+01,-7.050931453704833984e-03,6.103515625000000000e-05
-6.571099758148193359e-01,3.144869041442871094e+01,-7.310688495635986328e-03,1.239776611328125000e-04
-6.644206643104553223e-01,3.144881439208984375e+01,-6.409406661987304688e-03,-8.583068847656250000e-05
-6.708300709724426270e-01,3.144872856140136719e+01,-7.105886936187744141e-03,-7.629394531250000000e-06
-6.779359579086303711e-01,3.144872093200683594e+01,-7.681250572204589844e-03,-6.103515625000000000e-05
-6.856172084808349609e-01,3.144865989685058594e+01,-6.857633590698242188e-03,-9.536743164062500000e-05
-6.924748420715332031e-01,3.144856452941894531e+01,-6.939530372619628906e-03,-2.861022949218750000e-05
-6.994143724441528320e-01,3.144853591918945312e+01,-6.291151046752929688e-03,-5.149841308593750000e-05
-7.057055234909057617e-01,3.144848442077636719e+01,-7.570087909698486328e-03,4.768371582031250000e-05
-7.132756114006042480e-01,3.144853210449218750e+01,-6.080806255340576172e-03,3.051757812500000000e-05
-7.193564176559448242e-01,3.144856262207031250e+01,-7.580578327178955078e-03,-1.907348632812500000e-05
-7.269369959831237793e-01,3.144854354858398438e+01,-5.931317806243896484e-03,-1.277923583984375000e-04
-7.328683137893676758e-01,3.144841575622558594e+01,-7.174611091613769531e-03,1.010894775390625000e-04
-7.400429248809814453e-01,3.144851684570312500e+01,-6.526231765747070312e-03,-1.697540283203125000e-04
-7.465691566467285156e-01,3.144834709167480469e+01,-6.160914897918701172e-03,3.814697265625000000e-06
-7.527300715446472168e-01,3.144835090637207031e+01,-6.250500679016113281e-03,-4.959106445312500000e-05
-7.589805722236633301e-01,3.144830131530761719e+01,-6.780862808227539062e-03,6.866455078125000000e-05
-7.657614350318908691e-01,3.144836997985839844e+01,-5.929052829742431641e-03,7.629394531250000000e-06
-7.716904878616333008e-01,3.144837760925292969e+01,-5.817830562591552734e-03,1.220703125000000000e-04
-7.775083184242248535e-01,3.144849967956542969e+01,-4.589259624481201172e-03,-3.051757812500000000e-05
-7.820975780487060547e-01,3.144846916198730469e+01,-5.756855010986328125e-03,-6.294250488281250000e-05
-7.878544330596923828e-01,3.144840621948242188e+01,-5.956590175628662109e-03,-9.727478027343750000e-05
-7.938110232353210449e-01,3.144830894470214844e+01,-4.756152629852294922e-03,-6.294250488281250000e-05
-7.985671758651733398e-01,3.144824600219726562e+01,-5.321800708770751953e-03,4.768371582031250000e-05
-8.038889765739440918e-01,3.144829368591308594e+01,-5.589067935943603516e-03,6.484985351562500000e-05
-8.094780445098876953e-01,3.144835853576660156e+01,-4.940450191497802734e-03,2.479553222656250000e-05
-8.144184947013854980e-01,3.144838333129882812e+01,-4.314720630645751953e-03,6.484985351562500000e-05
-8.187332153320312500e-01,3.144844818115234375e+01,-4.876315593719482422e-03,6.866455078125000000e-05
-8.236095309257507324e-01,3.144851684570312500e+01,-4.771232604980468750e-03,-1.525878906250000000e-05
-8.283807635307312012e-01,3.144850158691406250e+01,-5.059957504272460938e-03,0.000000000000000000e+00
-8.334407210350036621e-01,3.144850158691406250e+01,-4.674136638641357422e-03,-6.675720214843750000e-05
-8.381148576736450195e-01,3.144843482971191406e+01,-5.472183227539062500e-03,3.242492675781250000e-05
-8.435870409011840820e-01,3.144846725463867188e+01,-2.992630004882812500e-03,5.722045898437500000e-05
-8.465796709060668945e-01,3.144852447509765625e+01,-4.524588584899902344e-03,-4.005432128906250000e-05
-8.511042594909667969e-01,3.144848442077636719e+01,-4.790842533111572266e-03,-5.722045898437500000e-06
-8.558951020240783691e-01,3.144847869873046875e+01,-4.800498485565185547e-03,-4.196166992187500000e-05
-8.606956005096435547e-01,3.144843673706054688e+01,-3.821432590484619141e-03,1.335144042968750000e-05
-8.645170331001281738e-01,3.144845008850097656e+01,-3.611624240875244141e-03,8.201599121093750000e-05
-8.681286573410034180e-01,3.144853210449218750e+01,-3.999769687652587891e-03,6.103515625000000000e-05
-8.721284270286560059e-01,3.144859313964843750e+01,-4.517197608947753906e-03,6.866455078125000000e-05
-8.766456246376037598e-01,3.144866180419921875e+01,-3.602445125579833984e-03,-4.768371582031250000e-05
-8.802480697631835938e-01,3.144861412048339844e+01,-3.891885280609130859e-03,3.814697265625000000e-05
-8.841399550437927246e-01,3.144865226745605469e+01,-4.738688468933105469e-03,-3.433227539062500000e-05
-8.888786435127258301e-01,3.144861793518066406e+01,-3.659307956695556641e-03,1.201629638671875000e-04
-8.925379514694213867e-01,3.144873809814453125e+01,-3.938913345336914062e-03,-2.861022949218750000e-05
-8.964768648147583008e-01,3.144870948791503906e+01,-3.872990608215332031e-03,6.484985351562500000e-05
-9.003498554229736328e-01,3.144877433776855469e+01,-3.882229328155517578e-03,-1.525878906250000000e-04
-9.042320847511291504e-01,3.144862174987792969e+01,-3.424406051635742188e-03,2.479553222656250000e-05
-9.076564908027648926e-01,3.144864654541015625e+01,-4.469633102416992188e-03,-1.678466796875000000e-04
-9.121261239051818848e-01,3.144847869873046875e+01,-3.823876380920410156e-03,4.959106445312500000e-05
-9.159500002861022949e-01,3.144852828979492188e+01,-3.051638603210449219e-03,1.602172851562500000e-04
-9.190016388893127441e-01,3.144868850708007812e+01,-3.749012947082519531e-03,1.621246337890625000e-04
-9.227506518363952637e-01,3.144885063171386719e+01,-3.863096237182617188e-03,9.536743164062500000e-05
-9.266137480735778809e-01,3.144894599914550781e+01,-4.061520099639892578e-03,2.193450927734375000e-04
-9.306752681732177734e-01,3.144916534423828125e+01,-3.796517848968505859e-03,9.918212890625000000e-05
-9.344717860221862793e-01,3.144926452636718750e+01,-3.305494785308837891e-03,5.722045898437500000e-05
-9.377772808074951172e-01,3.144932174682617188e+01,-4.085421562194824219e-03,1.411437988281250000e-04
-9.418627023696899414e-01,3.144946289062500000e+01,-3.171920776367187500e-03,-4.386901855468750000e-05
-9.450346231460571289e-01,3.144941902160644531e+01,-3.959059715270996094e-03,-1.602172851562500000e-04
-9.489936828613281250e-01,3.144925880432128906e+01,-3.636717796325683594e-03,-2.536773681640625000e-04
-9.526304006576538086e-01,3.144900512695312500e+01,-3.198981285095214844e-03,-2.918243408203125000e-04
-9.558293819427490234e-01,3.144871330261230469e+01,-3.604173660278320312e-03,-4.749298095703125000e-04
-9.594335556030273438e-01,3.144823837280273438e+01,-3.216385841369628906e-03,-1.144409179687500000e-04
-9.626499414443969727e-01,3.144812393188476562e+01,-3.043413162231445312e-03,2.517700195312500000e-04
-9.656933546066284180e-01,3.144837570190429688e+01,-2.858281135559082031e-03,1.449584960937500000e-04
-9.685516357421875000e-01,3.144852066040039062e+01,-3.704011440277099609e-03,1.049041748046875000e-04
-9.722556471824645996e-01,3.144862556457519531e+01,-2.827405929565429688e-03,-6.866455078125000000e-05
-9.750830531120300293e-01,3.144855690002441406e+01,-2.981483936309814453e-03,6.294250488281250000e-05
-9.780645370483398438e-01,3.144861984252929688e+01,-2.628147602081298828e-03,-7.247924804687500000e-05
-9.806926846504211426e-01,3.144854736328125000e+01,-2.440929412841796875e-03,7.057189941406250000e-05
-9.831336140632629395e-01,3.144861793518066406e+01,-2.908349037170410156e-03,-1.029968261718750000e-04
-9.860419631004333496e-01,3.144851493835449219e+01,-2.786874771118164062e-03,-3.242492675781250000e-05
-9.888288378715515137e-01,3.144848251342773438e+01,-2.489924430847167969e-03,3.814697265625000000e-06
-9.913187623023986816e-01,3.144848632812500000e+01,-2.282977104187011719e-03,4.959106445312500000e-05
-9.936017394065856934e-01,3.144853591918945312e+01,-2.735912799835205078e-03,-2.098083496093750000e-05
-9.963376522064208984e-01,3.144851493835449219e+01,-2.303481101989746094e-03,-6.294250488281250000e-05
-9.986411333084106445e-01,3.144845199584960938e+01,-1.977801322937011719e-03,-6.294250488281250000e-05
-1.000618934631347656e+00,3.144838905334472656e+01,-2.354502677917480469e-03,5.340576171875000000e-05
-1.002973437309265137e+00,3.144844245910644531e+01,-2.208113670349121094e-03,-9.536743164062500000e-06
-1.005181550979614258e+00,3.144843292236328125e+01,-2.056121826171875000e-03,-1.239776611328125000e-04
-1.007237672805786133e+00,3.144830894470214844e+01,-1.634955406188964844e-03,-6.294250488281250000e-05
-1.008872628211975098e+00,3.144824600219726562e+01,-1.510500907897949219e-03,-7.629394531250000000e-06
-1.010383129119873047e+00,3.144823837280273438e+01,-1.402497291564941406e-03,-6.484985351562500000e-05
-1.011785626411437988e+00,3.144817352294921875e+01,-1.125574111938476562e-03,-2.479553222656250000e-05
-1.012911200523376465e+00,3.144814872741699219e+01,-1.185297966003417969e-03,8.201599121093750000e-05
-1.014096498489379883e+00,3.144823074340820312e+01,-6.749629974365234375e-04,-5.722045898437500000e-05
-1.014771461486816406e+00,3.144817352294921875e+01,-6.649494171142578125e-04,-1.335144042968750000e-05
-1.015436410903930664e+00,3.144816017150878906e+01,-2.542734146118164062e-04,4.768371582031250000e-05
-1.015690684318542480e+00,3.144820785522460938e+01,-3.298521041870117188e-04,-3.814697265625000000e-06
-1.016020536422729492e+00,3.144820404052734375e+01,-7.748603820800781250e-06,5.722045898437500000e-05
-1.016028285026550293e+00,3.144826126098632812e+01,1.026391983032226562e-04,3.433227539062500000e-05
-1.015925645828247070e+00,3.144829559326171875e+01,5.280971527099609375e-05,-2.861022949218750000e-05
-1.015872836112976074e+00,3.144826698303222656e+01,1.925230026245117188e-04,2.288818359375000000e-05
-1.015680313110351562e+00,3.144828987121582031e+01,2.318620681762695312e-04,8.010864257812500000e-05
-1.015448451042175293e+00,3.144836997985839844e+01,4.277229309082031250e-04,7.438659667968750000e-05
-1.015020728111267090e+00,3.144844436645507812e+01,2.219676971435546875e-04,8.773803710937500000e-05
-1.014798760414123535e+00,3.144853210449218750e+01,5.558729171752929688e-04,9.536743164062500000e-06
-1.014242887496948242e+00,3.144854164123535156e+01,1.009941101074218750e-03,-7.247924804687500000e-05
-1.013232946395874023e+00,3.144846916198730469e+01,5.793571472167968750e-04,1.125335693359375000e-04
-1.012653589248657227e+00,3.144858169555664062e+01,7.228851318359375000e-04,1.583099365234375000e-04
-1.011930704116821289e+00,3.144874000549316406e+01,8.498430252075195312e-04,2.040863037109375000e-04
-1.011080861091613770e+00,3.144894409179687500e+01,6.351470947265625000e-04,3.051757812500000000e-04
-1.010445713996887207e+00,3.144924926757812500e+01,6.984472274780273438e-04,3.738403320312500000e-04
-1.009747266769409180e+00,3.144962310791015625e+01,4.744529724121093750e-04,4.558563232421875000e-04
-1.009272813796997070e+00,3.145007896423339844e+01,6.364583969116210938e-04,4.482269287109375000e-04
-1.008636355400085449e+00,3.145052719116210938e+01,5.741119384765625000e-04,4.386901855468750000e-04
-1.008062243461608887e+00,3.145096588134765625e+01,6.366968154907226562e-04,6.103515625000000000e-05
-1.007425546646118164e+00,3.145102691650390625e+01,9.462833404541015625e-04,-1.735687255859375000e-04
-1.006479263305664062e+00,3.145085334777832031e+01,1.560568809509277344e-03,-6.999969482421875000e-04
-1.004918694496154785e+00,3.145015335083007812e+01,1.513004302978515625e-03,-9.765625000000000000e-04
-1.003405690193176270e+00,3.144917678833007812e+01,1.997113227844238281e-03,-1.359939575195312500e-03
-1.001408576965332031e+00,3.144781684875488281e+01,1.756787300109863281e-03,-1.522064208984375000e-03
-9.996517896652221680e-01,3.144629478454589844e+01,1.841485500335693359e-03,5.207061767578125000e-04
-9.978103041648864746e-01,3.144681549072265625e+01,1.625657081604003906e-03,8.945465087890625000e-04
-9.961846470832824707e-01,3.144771003723144531e+01,1.769125461578369141e-03,4.177093505859375000e-04
-9.944155216217041016e-01,3.144812774658203125e+01,1.828312873840332031e-03,3.662109375000000000e-04
-9.925872087478637695e-01,3.144849395751953125e+01,2.160131931304931641e-03,1.296997070312500000e-04
-9.904270768165588379e-01,3.144862365722656250e+01,2.343237400054931641e-03,1.163482666015625000e-04
-9.880838394165039062e-01,3.144874000549316406e+01,2.460718154907226562e-03,7.057189941406250000e-05
-9.856231212615966797e-01,3.144881057739257812e+01,2.392351627349853516e-03,1.506805419921875000e-04
-9.832307696342468262e-01,3.144896125793457031e+01,1.928329467773437500e-03,-1.602172851562500000e-04
-9.813024401664733887e-01,3.144880104064941406e+01,2.417623996734619141e-03,-4.005432128906250000e-05
-9.788848161697387695e-01,3.144876098632812500e+01,2.715647220611572266e-03,-1.640319824218750000e-04
-9.761691689491271973e-01,3.144859695434570312e+01,2.455115318298339844e-03,-2.441406250000000000e-04
-9.737140536308288574e-01,3.144835281372070312e+01,2.433180809020996094e-03,-7.057189941406250000e-05
-9.712808728218078613e-01,3.144828224182128906e+01,2.967178821563720703e-03,-4.634857177734375000e-04
-9.683136940002441406e-01,3.144781875610351562e+01,2.284884452819824219e-03,-2.574920654296875000e-04
-9.660288095474243164e-01,3.144756126403808594e+01,2.809762954711914062e-03,-1.087188720703125000e-04
-9.632190465927124023e-01,3.144745254516601562e+01,2.537667751312255859e-03,6.294250488281250000e-05
-9.606813788414001465e-01,3.144751548767089844e+01,2.934634685516357422e-03,1.258850097656250000e-04
-9.577467441558837891e-01,3.144764137268066406e+01,2.796113491058349609e-03,2.288818359375000000e-05
-9.549506306648254395e-01,3.144766426086425781e+01,2.779781818389892578e-03,-1.239776611328125000e-04
-9.521708488464355469e-01,3.144754028320312500e+01,2.964615821838378906e-03,-7.438659667968750000e-05
-9.492062330245971680e-01,3.144746589660644531e+01,3.196656703948974609e-03,1.144409179687500000e-04
-9.460095763206481934e-01,3.144758033752441406e+01,3.770172595977783203e-03,6.866455078125000000e-05
-9.422394037246704102e-01,3.144764900207519531e+01,3.003776073455810547e-03,-8.010864257812500000e-05
-9.392356276512145996e-01,3.144756889343261719e+01,3.488719463348388672e-03,8.010864257812500000e-05
-9.357469081878662109e-01,3.144764900207519531e+01,3.530383110046386719e-03,2.288818359375000000e-05
-9.322165250778198242e-01,3.144767189025878906e+01,3.527939319610595703e-03,-8.201599121093750000e-05
-9.286885857582092285e-01,3.144758987426757812e+01,3.588974475860595703e-03,7.629394531250000000e-06
-9.250996112823486328e-01,3.144759750366210938e+01,3.403961658477783203e-03,-5.340576171875000000e-05
-9.216956496238708496e-01,3.144754409790039062e+01,3.868937492370605469e-03,-1.907348632812500000e-06
-9.178267121315002441e-01,3.144754219055175781e+01,3.868579864501953125e-03,-1.163482666015625000e-04
-9.139581322669982910e-01,3.144742584228515625e+01,4.537820816040039062e-03,-6.103515625000000000e-05
-9.094203114509582520e-01,3.144736480712890625e+01,4.144489765167236328e-03,2.479553222656250000e-05
-9.052758216857910156e-01,3.144738960266113281e+01,3.908455371856689453e-03,-1.716613769531250000e-05
-9.013673663139343262e-01,3.144737243652343750e+01,4.413127899169921875e-03,-2.098083496093750000e-05
-8.969542384147644043e-01,3.144735145568847656e+01,4.619896411895751953e-03,4.959106445312500000e-05
-8.923343420028686523e-01,3.144740104675292969e+01,5.415380001068115234e-03,-1.335144042968750000e-05
-8.869189620018005371e-01,3.144738769531250000e+01,5.178928375244140625e-03,-2.479553222656250000e-05
-8.817400336265563965e-01,3.144736289978027344e+01,4.628658294677734375e-03,1.964569091796875000e-04
-8.771113753318786621e-01,3.144755935668945312e+01,5.183577537536621094e-03,7.629394531250000000e-05
-8.719277977943420410e-01,3.144763565063476562e+01,5.342543125152587891e-03,9.536743164062500000e-06
-8.665852546691894531e-01,3.144764518737792969e+01,5.323410034179687500e-03,1.907348632812500000e-06
-8.612618446350097656e-01,3.144764709472656250e+01,5.796730518341064453e-03,-3.814697265625000000e-05
-8.554651141166687012e-01,3.144760894775390625e+01,5.291521549224853516e-03,6.103515625000000000e-05
-8.501735925674438477e-01,3.144766998291015625e+01,5.321145057678222656e-03,-3.051757812500000000e-05
-8.448524475097656250e-01,3.144763946533203125e+01,5.492508411407470703e-03,6.866455078125000000e-05
-8.393599390983581543e-01,3.144770812988281250e+01,5.072057247161865234e-03,-2.098083496093750000e-05
-8.342878818511962891e-01,3.144768714904785156e+01,6.414294242858886719e-03,3.623962402343750000e-05
-8.278735876083374023e-01,3.144772338867187500e+01,5.037248134613037109e-03,-4.959106445312500000e-05
-8.228363394737243652e-01,3.144767379760742188e+01,5.779743194580078125e-03,-3.814697265625000000e-05
-8.170565962791442871e-01,3.144763565063476562e+01,6.956160068511962891e-03,-2.307891845703125000e-04
-8.101004362106323242e-01,3.144740486145019531e+01,5.201935768127441406e-03,6.103515625000000000e-05
-8.048985004425048828e-01,3.144746589660644531e+01,5.836844444274902344e-03,5.722045898437500000e-05
-7.990616559982299805e-01,3.144752311706542969e+01,5.988478660583496094e-03,-1.335144042968750000e-05
-7.930731773376464844e-01,3.144750976562500000e+01,5.669534206390380859e-03,-1.068115234375000000e-04
-7.874036431312561035e-01,3.144740295410156250e+01,6.361365318298339844e-03,5.340576171875000000e-05
-7.810422778129577637e-01,3.144745635986328125e+01,7.264912128448486328e-03,-1.907348632812500000e-05
-7.737773656845092773e-01,3.144743728637695312e+01,6.521284580230712891e-03,1.487731933593750000e-04
-7.672560811042785645e-01,3.144758605957031250e+01,5.779266357421875000e-03,1.678466796875000000e-04
-7.614768147468566895e-01,3.144775390625000000e+01,6.623566150665283203e-03,4.768371582031250000e-05
-7.548532485961914062e-01,3.144780158996582031e+01,7.776021957397460938e-03,2.632141113281250000e-04
-7.470772266387939453e-01,3.144806480407714844e+01,5.990862846374511719e-03,1.049041748046875000e-04
-7.410863637924194336e-01,3.144816970825195312e+01,7.335007190704345703e-03,3.719329833984375000e-04
-7.337513566017150879e-01,3.144854164123535156e+01,5.811572074890136719e-03,1.163482666015625000e-04
-7.279397845268249512e-01,3.144865798950195312e+01,7.334947586059570312e-03,2.765655517578125000e-04
-7.206048369407653809e-01,3.144893455505371094e+01,5.944013595581054688e-03,5.722045898437500000e-06
-7.146608233451843262e-01,3.144894027709960938e+01,6.659209728240966797e-03,-1.411437988281250000e-04
-7.080016136169433594e-01,3.144879913330078125e+01,6.620645523071289062e-03,-1.735687255859375000e-04
-7.013809680938720703e-01,3.144862556457519531e+01,7.414579391479492188e-03,-2.098083496093750000e-04
-6.939663887023925781e-01,3.144841575622558594e+01,6.020665168762207031e-03,-1.258850097656250000e-04
-6.879457235336303711e-01,3.144828987121582031e+01,6.959259510040283203e-03,-5.912780761718750000e-05
-6.809864640235900879e-01,3.144823074340820312e+01,7.340610027313232422e-03,2.479553222656250000e-05
-6.736458539962768555e-01,3.144825553894042969e+01,5.859315395355224609e-03,8.964538574218750000e-05
-6.677865386009216309e-01,3.144834518432617188e+01,6.605923175811767578e-03,3.242492675781250000e-04
-6.611806154251098633e-01,3.144866943359375000e+01,5.725681781768798828e-03,2.994537353515625000e-04
-6.554549336433410645e-01,3.144896888732910156e+01,7.105588912963867188e-03,3.318786621093750000e-04
-6.483493447303771973e-01,3.144930076599121094e+01,5.817055702209472656e-03,1.506805419921875000e-04
-6.425322890281677246e-01,3.144945144653320312e+01,6.926596164703369141e-03,-3.433227539062500000e-05
-6.356056928634643555e-01,3.144941711425781250e+01,7.502555847167968750e-03,-2.059936523437500000e-04
-6.281031370162963867e-01,3.144921112060546875e+01,6.924808025360107422e-03,-2.422332763671875000e-04
-6.211783289909362793e-01,3.144896888732910156e+01,6.131052970886230469e-03,-2.632141113281250000e-04
-6.150472760200500488e-01,3.144870567321777344e+01,6.698906421661376953e-03,-7.057189941406250000e-05
-6.083483695983886719e-01,3.144863510131835938e+01,6.803095340728759766e-03,9.536743164062500000e-06
-6.015452742576599121e-01,3.144864463806152344e+01,7.191300392150878906e-03,2.346038818359375000e-04
-5.943539738655090332e-01,3.144887924194335938e+01,6.643772125244140625e-03,3.299713134765625000e-04
-5.877102017402648926e-01,3.144920921325683594e+01,5.676448345184326172e-03,7.286071777343750000e-04
-5.820337533950805664e-01,3.144993782043457031e+01,6.319820880889892578e-03,1.129150390625000000e-03
-5.757139325141906738e-01,3.145106697082519531e+01,6.910979747772216797e-03,1.188278198242187500e-03
-5.688029527664184570e-01,3.145225524902343750e+01,6.325483322143554688e-03,5.836486816406250000e-04
-5.624774694442749023e-01,3.145283889770507812e+01,7.067799568176269531e-03,1.373291015625000000e-04
-5.554096698760986328e-01,3.145297622680664062e+01,5.475938320159912109e-03,-1.010894775390625000e-04
-5.499337315559387207e-01,3.145287513732910156e+01,6.858050823211669922e-03,-7.629394531250000000e-05
-5.430756807327270508e-01,3.145279884338378906e+01,7.416129112243652344e-03,-5.340576171875000000e-05
-5.356595516204833984e-01,3.145274543762207031e+01,6.564497947692871094e-03,3.814697265625000000e-06
-5.290950536727905273e-01,3.145274925231933594e+01,7.276058197021484375e-03,4.138946533203125000e-04
-5.218189954757690430e-01,3.145316314697265625e+01,5.595684051513671875e-03,8.850097656250000000e-04
-5.162233114242553711e-01,3.145404815673828125e+01,6.076633930206298828e-03,1.230239868164062500e-03
-5.101466774940490723e-01,3.145527839660644531e+01,5.907416343688964844e-03,1.724243164062500000e-03
-5.042392611503601074e-01,3.145700263977050781e+01,5.893528461456298828e-03,2.180099487304687500e-03
-4.983457326889038086e-01,3.145918273925781250e+01,5.850344896316528320e-03,2.330780029296875000e-03
-4.924953877925872803e-01,3.146151351928710938e+01,5.735158920288085938e-03,2.210617065429687500e-03
-4.867602288722991943e-01,3.146372413635253906e+01,5.224615335464477539e-03,1.504898071289062500e-03
-4.815356135368347168e-01,3.146522903442382812e+01,5.862027406692504883e-03,5.626678466796875000e-04
-4.756735861301422119e-01,3.146579170227050781e+01,6.704270839691162109e-03,-4.291534423828125000e-04
-4.689693152904510498e-01,3.146536254882812500e+01,6.244838237762451172e-03,-4.653930664062500000e-04
-4.627244770526885986e-01,3.146489715576171875e+01,5.882143974304199219e-03,-1.735687255859375000e-04
-4.568423330783843994e-01,3.146472358703613281e+01,5.202889442443847656e-03,3.242492675781250000e-05
-4.516394436359405518e-01,3.146475601196289062e+01,6.120890378952026367e-03,5.149841308593750000e-04
-4.455185532569885254e-01,3.146527099609375000e+01,5.409628152847290039e-03,3.166198730468750000e-04
-4.401089251041412354e-01,3.146558761596679688e+01,5.469739437103271484e-03,-1.106262207031250000e-04
-4.346391856670379639e-01,3.146547698974609375e+01,5.051523447036743164e-03,-2.231597900390625000e-04
-4.295876622200012207e-01,3.146525382995605469e+01,6.376087665557861328e-03,-4.253387451171875000e-04
-4.232115745544433594e-01,3.146482849121093750e+01,4.700064659118652344e-03,-1.182556152343750000e-04
-4.185115098953247070e-01,3.146471023559570312e+01,5.305230617523193359e-03,-1.468658447265625000e-04
-4.132062792778015137e-01,3.146456336975097656e+01,4.621773958206176758e-03,3.814697265625000000e-05
-4.085845053195953369e-01,3.146460151672363281e+01,5.703270435333251953e-03,1.544952392578125000e-04
-4.028812348842620850e-01,3.146475601196289062e+01,4.726290702819824219e-03,4.386901855468750000e-05
-3.981549441814422607e-01,3.146479988098144531e+01,5.191713571548461914e-03,1.258850097656250000e-04
-3.929632306098937988e-01,3.146492576599121094e+01,5.720317363739013672e-03,-8.010864257812500000e-05
-3.872429132461547852e-01,3.146484565734863281e+01,5.267202854156494141e-03,-1.525878906250000000e-04
-3.819757103919982910e-01,3.146469306945800781e+01,4.886269569396972656e-03,-5.722045898437500000e-05
-3.770894408226013184e-01,3.146463584899902344e+01,5.007863044738769531e-03,-1.049041748046875000e-04
-3.720815777778625488e-01,3.146453094482421875e+01,5.904138088226318359e-03,-3.433227539062500000e-05
-3.661774396896362305e-01,3.146449661254882812e+01,5.231082439422607422e-03,2.479553222656250000e-05
-3.609463572502136230e-01,3.146452140808105469e+01,5.341649055480957031e-03,6.294250488281250000e-05
-3.556047081947326660e-01,3.146458435058593750e+01,5.305707454681396484e-03,1.335144042968750000e-04
-3.502990007400512695e-01,3.146471786499023438e+01,4.615962505340576172e-03,1.335144042968750000e-05
-3.456830382347106934e-01,3.146473121643066406e+01,5.157351493835449219e-03,2.498626708984375000e-04
-3.405256867408752441e-01,3.146498107910156250e+01,5.506277084350585938e-03,1.697540283203125000e-04
-3.350194096565246582e-01,3.146515083312988281e+01,4.525691270828247070e-03,7.820129394531250000e-05
-3.304937183856964111e-01,3.146522903442382812e+01,5.658656358718872070e-03,-1.392364501953125000e-04
-3.248350620269775391e-01,3.146508979797363281e+01,4.594534635543823242e-03,-2.956390380859375000e-04
-3.202405273914337158e-01,3.146479415893554688e+01,5.040854215621948242e-03,-1.087188720703125000e-04
-3.151996731758117676e-01,3.146468544006347656e+01,5.716532468795776367e-03,-2.803802490234375000e-04
-3.094831407070159912e-01,3.146440505981445312e+01,5.326122045516967773e-03,-1.125335693359375000e-04
-3.041570186614990234e-01,3.146429252624511719e+01,5.271613597869873047e-03,-1.583099365234375000e-04
-2.988854050636291504e-01,3.146413421630859375e+01,5.116403102874755859e-03,-1.811981201171875000e-04
-2.937690019607543945e-01,3.146395301818847656e+01,4.529058933258056641e-03,1.926422119140625000e-04
-2.892399430274963379e-01,3.146414566040039062e+01,5.509257316589355469e-03,-4.386901855468750000e-05
-2.837306857109069824e-01,3.146410179138183594e+01,4.458248615264892578e-03,2.079010009765625000e-04
-2.792724370956420898e-01,3.146430969238281250e+01,5.150377750396728516e-03,2.765655517578125000e-04
-2.741220593452453613e-01,3.146458625793457031e+01,4.881292581558227539e-03,2.288818359375000000e-04
-2.692407667636871338e-01,3.146481513977050781e+01,4.309922456741333008e-03,3.013610839843750000e-04
-2.649308443069458008e-01,3.146511650085449219e+01,4.813194274902343750e-03,2.365112304687500000e-04
-2.601176500320434570e-01,3.146535301208496094e+01,5.303382873535156250e-03,-4.005432128906250000e-05
-2.548142671585083008e-01,3.146531295776367188e+01,4.873707890510559082e-03,-2.326965332031250000e-04
-2.499405592679977417e-01,3.146508026123046875e+01,4.686325788497924805e-03,-7.438659667968750000e-05
-2.452542334794998169e-01,3.146500587463378906e+01,4.674434661865234375e-03,9.727478027343750000e-05
-2.405797988176345825e-01,3.146510314941406250e+01,4.543110728263854980e-03,1.296997070312500000e-04
-2.360366880893707275e-01,3.146523284912109375e+01,4.264488816261291504e-03,-7.247924804687500000e-05
-2.317721992731094360e-01,3.146516036987304688e+01,3.907412290573120117e-03,-4.577636718750000000e-05
-2.278647869825363159e-01,3.146511459350585938e+01,4.370152950286865234e-03,-1.087188720703125000e-04
-2.234946340322494507e-01,3.146500587463378906e+01,4.644721746444702148e-03,3.623962402343750000e-05
-2.188499122858047485e-01,3.146504211425781250e+01,4.100099205970764160e-03,8.392333984375000000e-05
-2.147498130798339844e-01,3.146512603759765625e+01,4.236832261085510254e-03,3.051757812500000000e-05
-2.105129808187484741e-01,3.146515655517578125e+01,4.167839884757995605e-03,-6.675720214843750000e-05
-2.063451409339904785e-01,3.146508979797363281e+01,3.906607627868652344e-03,-1.583099365234375000e-04
-2.024385333061218262e-01,3.146493148803710938e+01,4.531756043434143066e-03,2.479553222656250000e-05
-1.979067772626876831e-01,3.146495628356933594e+01,4.141569137573242188e-03,-1.087188720703125000e-04
-1.937652081251144409e-01,3.146484756469726562e+01,3.873825073242187500e-03,2.098083496093750000e-04
-1.898913830518722534e-01,3.146505737304687500e+01,3.550276160240173340e-03,2.307891845703125000e-04
-1.863411068916320801e-01,3.146528816223144531e+01,4.187569022178649902e-03,2.307891845703125000e-04
-1.821535378694534302e-01,3.146551895141601562e+01,3.624185919761657715e-03,-5.722045898437500000e-06
-1.785293519496917725e-01,3.146551322937011719e+01,3.539949655532836914e-03,-1.716613769531250000e-04
-1.749894022941589355e-01,3.146534156799316406e+01,3.256306052207946777e-03,7.629394531250000000e-05
-1.717330962419509888e-01,3.146541786193847656e+01,3.305733203887939453e-03,-1.716613769531250000e-05
-1.684273630380630493e-01,3.146540069580078125e+01,3.112882375717163086e-03,1.220703125000000000e-04
-1.653144806623458862e-01,3.146552276611328125e+01,2.817168831825256348e-03,-1.468658447265625000e-04
-1.624973118305206299e-01,3.146537590026855469e+01,2.852171659469604492e-03,-9.536743164062500000e-05
-1.596451401710510254e-01,3.146528053283691406e+01,3.017336130142211914e-03,-1.602172851562500000e-04
-1.566278040409088135e-01,3.146512031555175781e+01,2.296566963195800781e-03,1.525878906250000000e-05
-1.543312370777130127e-01,3.146513557434082031e+01,2.612888813018798828e-03,5.340576171875000000e-05
-1.517183482646942139e-01,3.146518898010253906e+01,2.351194620132446289e-03,-5.149841308593750000e-05
-1.493671536445617676e-01,3.146513748168945312e+01,2.492919564247131348e-03,5.722045898437500000e-06
-1.468742340803146362e-01,3.146514320373535156e+01,2.325594425201416016e-03,-4.386901855468750000e-05
-1.445486396551132202e-01,3.146509933471679688e+01,2.250358462333679199e-03,6.294250488281250000e-05
-1.422982811927795410e-01,3.146516227722167969e+01,2.052262425422668457e-03,1.525878906250000000e-05
-1.402460187673568726e-01,3.146517753601074219e+01,2.274721860885620117e-03,6.484985351562500000e-05
-1.379712969064712524e-01,3.146524238586425781e+01,2.097189426422119141e-03,-4.577636718750000000e-05
-1.358741074800491333e-01,3.146519660949707031e+01,1.717165112495422363e-03,5.340576171875000000e-05
-1.341569423675537109e-01,3.146525001525878906e+01,1.931101083755493164e-03,5.722045898437500000e-06
-1.322258412837982178e-01,3.146525573730468750e+01,1.840531826019287109e-03,3.433227539062500000e-05
-1.303853094577789307e-01,3.146529006958007812e+01,2.038985490798950195e-03,6.484985351562500000e-05
-1.283463239669799805e-01,3.146535491943359375e+01,1.717641949653625488e-03,-4.005432128906250000e-05
-1.266286820173263550e-01,3.146531486511230469e+01,1.695327460765838623e-03,-1.068115234375000000e-04
-1.249333545565605164e-01,3.146520805358886719e+01,1.498572528362274170e-03,-1.106262207031250000e-04
-1.234347820281982422e-01,3.146509742736816406e+01,1.390926539897918701e-03,-3.814697265625000000e-05
-1.220438554883003235e-01,3.146505928039550781e+01,1.297973096370697021e-03,-2.975463867187500000e-04
-1.207458823919296265e-01,3.146476173400878906e+01,1.070141792297363281e-03,-5.512237548828125000e-04
-1.196757405996322632e-01,3.146421051025390625e+01,8.376017212867736816e-04,-4.653930664062500000e-04
-1.188381388783454895e-01,3.146374511718750000e+01,6.080940365791320801e-04,-4.959106445312500000e-04
-1.182300448417663574e-01,3.146324920654296875e+01,3.232732415199279785e-04,-4.920959472656250000e-04
-1.179067716002464294e-01,3.146275711059570312e+01,4.491880536079406738e-04,-6.980895996093750000e-04
-1.174575835466384888e-01,3.146205902099609375e+01,1.881569623947143555e-04,-2.441406250000000000e-04
-1.172694265842437744e-01,3.146181488037109375e+01,6.692111492156982422e-05,3.070831298828125000e-04
-1.172025054693222046e-01,3.146212196350097656e+01,5.992501974105834961e-05,4.901885986328125000e-04
-1.171425804495811462e-01,3.146261215209960938e+01,-1.100674271583557129e-04,1.041412353515625000e-03
-1.172526478767395020e-01,3.146365356445312500e+01,-1.737177371978759766e-04,2.338409423828125000e-03
-1.174263656139373779e-01,3.146599197387695312e+01,1.353621482849121094e-04,3.273010253906250000e-03
-1.172910034656524658e-01,3.146926498413085938e+01,4.645213484764099121e-04,2.527236938476562500e-03
-1.168264821171760559e-01,3.147179222106933594e+01,4.384890198707580566e-04,3.166198730468750000e-03
-1.163879930973052979e-01,3.147495841979980469e+01,3.603920340538024902e-04,3.831863403320312500e-03
-1.160276010632514954e-01,3.147879028320312500e+01,5.834326148033142090e-04,4.318237304687500000e-03
-1.154441684484481812e-01,3.148310852050781250e+01,5.968287587165832520e-04,4.364013671875000000e-03
-1.148473396897315979e-01,3.148747253417968750e+01,4.655197262763977051e-04,6.351470947265625000e-03
-1.143818199634552002e-01,3.149382400512695312e+01,3.896057605743408203e-04,6.826400756835937500e-03
-1.139922142028808594e-01,3.150065040588378906e+01,3.610104322433471680e-04,8.090972900390625000e-03
-1.136312037706375122e-01,3.150874137878417969e+01,2.308562397956848145e-04,6.486892700195312500e-03
-1.134003475308418274e-01,3.151522827148437500e+01,2.655014395713806152e-04,7.766723632812500000e-03
-1.131348460912704468e-01,3.152299499511718750e+01,2.432242035865783691e-04,7.698059082031250000e-03
-1.128916218876838684e-01,3.153069305419921875e+01,2.379715442657470703e-04,9.160995483398437500e-03
-1.126536503434181213e-01,3.153985404968261719e+01,7.235258817672729492e-05,8.893966674804687500e-03
-1.125812977552413940e-01,3.154874801635742188e+01,-3.950297832489013672e-05,9.748458862304687500e-03
-1.126208007335662842e-01,3.155849647521972656e+01,-1.355484127998352051e-04,1.095199584960937500e-02
-1.127563491463661194e-01,3.156944847106933594e+01,-3.288686275482177734e-04,9.727478027343750000e-03
-1.130852177739143372e-01,3.157917594909667969e+01,-1.327842473983764648e-04,1.169967651367187500e-02
-1.132180020213127136e-01,3.159087562561035156e+01,-3.725215792655944824e-04,1.100730895996093750e-02
-1.135905236005783081e-01,3.160188293457031250e+01,-3.745108842849731445e-04,1.378822326660156250e-02
-1.139650344848632812e-01,3.161567115783691406e+01,-2.181082963943481445e-04,1.144981384277343750e-02
-1.141831427812576294e-01,3.162712097167968750e+01,-3.037676215171813965e-04,1.473236083984375000e-02
-1.144869104027748108e-01,3.164185333251953125e+01,-2.738684415817260742e-04,1.392173767089843750e-02
-1.147607788443565369e-01,3.165577507019042969e+01,-4.446879029273986816e-04,1.253890991210937500e-02
-1.152054667472839355e-01,3.166831398010253906e+01,-5.765631794929504395e-04,1.613807678222656250e-02
-1.157820299267768860e-01,3.168445205688476562e+01,-7.003098726272583008e-04,1.551628112792968750e-02
-1.164823397994041443e-01,3.169996833801269531e+01,-6.052330136299133301e-04,1.704978942871093750e-02
-1.170875728130340576e-01,3.171701812744140625e+01,-4.437044262886047363e-04,1.426315307617187500e-02
-1.175312772393226624e-01,3.173128128051757812e+01,-3.816485404968261719e-04,1.434516906738281250e-02
-1.179129257798194885e-01,3.174562644958496094e+01,-5.585998296737670898e-04,1.593399047851562500e-02
-1.184715256094932556e-01,3.176156044006347656e+01,-5.019679665565490723e-04,1.655960083007812500e-02
-1.189734935760498047e-01,3.177812004089355469e+01,-4.475191235542297363e-04,1.702499389648437500e-02
-1.194210126996040344e-01,3.179514503479003906e+01,-7.518678903579711914e-04,1.883316040039062500e-02
-1.201728805899620056e-01,3.181397819519042969e+01,-5.370676517486572266e-04,1.697540283203125000e-02
-1.207099482417106628e-01,3.183095359802246094e+01,-5.404949188232421875e-04,1.696395874023437500e-02
-1.212504431605339050e-01,3.184791755676269531e+01,-6.633251905441284180e-04,1.510238647460937500e-02
-1.219137683510780334e-01,3.186301994323730469e+01,-6.840974092483520508e-04,1.707649230957031250e-02
-1.225978657603263855e-01,3.188009643554687500e+01,-8.117333054542541504e-04,1.681900024414062500e-02
-1.234095990657806396e-01,3.189691543579101562e+01,-1.018621027469635010e-03,1.833724975585937500e-02
-1.244282200932502747e-01,3.191525268554687500e+01,-9.204819798469543457e-04,1.673507690429687500e-02
-1.253487020730972290e-01,3.193198776245117188e+01,-1.001164317131042480e-03,1.679611206054687500e-02
-1.263498663902282715e-01,3.194878387451171875e+01,-1.183509826660156250e-03,1.854896545410156250e-02
-1.275333762168884277e-01,3.196733283996582031e+01,-1.124233007431030273e-03,1.492881774902343750e-02
-1.286576092243194580e-01,3.198226165771484375e+01,-1.195237040519714355e-03,1.641654968261718750e-02
-1.298528462648391724e-01,3.199867820739746094e+01,-9.372830390930175781e-04,1.662635803222656250e-02
-1.307901293039321899e-01,3.201530456542968750e+01,-1.210883259773254395e-03,1.512145996093750000e-02
-1.320010125637054443e-01,3.203042602539062500e+01,-1.306965947151184082e-03,1.660919189453125000e-02
-1.333079785108566284e-01,3.204703521728515625e+01,-1.368179917335510254e-03,1.661300659179687500e-02
-1.346761584281921387e-01,3.206364822387695312e+01,-1.355320215225219727e-03,1.658248901367187500e-02
-1.360314786434173584e-01,3.208023071289062500e+01,-1.696541905403137207e-03,1.802062988281250000e-02
-1.377280205488204956e-01,3.209825134277343750e+01,-1.640737056732177734e-03,1.691436767578125000e-02
-1.393687576055526733e-01,3.211516571044921875e+01,-1.500174403190612793e-03,1.523971557617187500e-02
-1.408689320087432861e-01,3.213040542602539062e+01,-1.650348305702209473e-03,1.838684082031250000e-02
-1.425192803144454956e-01,3.214879226684570312e+01,-1.390799880027770996e-03,1.506805419921875000e-02
-1.439100801944732666e-01,3.216386032104492188e+01,-1.895546913146972656e-03,1.845169067382812500e-02
-1.458056271076202393e-01,3.218231201171875000e+01,-1.784682273864746094e-03,1.836395263671875000e-02
-1.475903093814849854e-01,3.220067596435546875e+01,-1.319408416748046875e-03,1.354980468750000000e-02
-1.489097177982330322e-01,3.221422576904296875e+01,-1.630067825317382812e-03,1.821899414062500000e-02
-1.505397856235504150e-01,3.223244476318359375e+01,-1.593306660652160645e-03,1.483917236328125000e-02
-1.521330922842025757e-01,3.224728393554687500e+01,-1.462399959564208984e-03,1.784515380859375000e-02
-1.535954922437667847e-01,3.226512908935546875e+01,-1.651987433433532715e-03,1.789855957031250000e-02
-1.552474796772003174e-01,3.228302764892578125e+01,-1.224070787429809570e-03,1.460647583007812500e-02
-1.564715504646301270e-01,3.229763412475585938e+01,-1.487195491790771484e-03,1.481246948242187500e-02
-1.579587459564208984e-01,3.231244659423828125e+01,-1.614809036254882812e-03,1.628112792968750000e-02
-1.595735549926757812e-01,3.232872772216796875e+01,-1.565665006637573242e-03,1.596832275390625000e-02
-1.611392199993133545e-01,3.234469604492187500e+01,-1.460328698158264160e-03,1.613998413085937500e-02
-1.625995486974716187e-01,3.236083602905273438e+01,-1.767426729202270508e-03,1.894378662109375000e-02
-1.643669754266738892e-01,3.237977981567382812e+01,-1.108944416046142578e-03,1.414871215820312500e-02
-1.654759198427200317e-01,3.239392852783203125e+01,-1.216128468513488770e-03,1.541900634765625000e-02
-1.666920483112335205e-01,3.240934753417968750e+01,-1.186907291412353516e-03,1.516723632812500000e-02
-1.678789556026458740e-01,3.242451477050781250e+01,-8.709877729415893555e-04,1.502990722656250000e-02
-1.687499433755874634e-01,3.243954467773437500e+01,-6.693750619888305664e-04,1.525878906250000000e-02
-1.694193184375762939e-01,3.245480346679687500e+01,-5.968809127807617188e-04,1.484680175781250000e-02
-1.700161993503570557e-01,3.246965026855468750e+01,-4.909336566925048828e-04,1.453399658203125000e-02
-1.705071330070495605e-01,3.248418426513671875e+01,-1.372843980789184570e-04,1.287841796875000000e-02
-1.706444174051284790e-01,3.249706268310546875e+01,-1.438409090042114258e-04,1.410293579101562500e-02
-1.707882583141326904e-01,3.251116561889648438e+01,6.398558616638183594e-05,1.502609252929687500e-02
-1.707242727279663086e-01,3.252619171142578125e+01,1.535564661026000977e-04,1.219940185546875000e-02
-1.705707162618637085e-01,3.253839111328125000e+01,2.483725547790527344e-04,1.295471191406250000e-02
-1.703223437070846558e-01,3.255134582519531250e+01,3.040879964828491211e-04,1.258087158203125000e-02
-1.700182557106018066e-01,3.256392669677734375e+01,3.957450389862060547e-04,1.237869262695312500e-02
-1.696225106716156006e-01,3.257630538940429688e+01,4.047900438308715820e-04,1.224517822265625000e-02
-1.692177206277847290e-01,3.258855056762695312e+01,5.798786878585815430e-04,1.325607299804687500e-02
-1.686378419399261475e-01,3.260180664062500000e+01,9.634196758270263672e-04,1.176834106445312500e-02
-1.676744222640991211e-01,3.261357498168945312e+01,1.059457659721374512e-03,1.165390014648437500e-02
-1.666149646043777466e-01,3.262522888183593750e+01,9.935051202774047852e-04,1.119232177734375000e-02
-1.656214594841003418e-01,3.263642120361328125e+01,1.079946756362915039e-03,1.228713989257812500e-02
-1.645415127277374268e-01,3.264870834350585938e+01,1.023635268211364746e-03,9.658813476562500000e-03
-1.635178774595260620e-01,3.265836715698242188e+01,1.038059592247009277e-03,1.105880737304687500e-02
-1.624798178672790527e-01,3.266942596435546875e+01,8.103400468826293945e-04,9.712219238281250000e-03
-1.616694778203964233e-01,3.267913818359375000e+01,1.152142882347106934e-03,1.270294189453125000e-02
-1.605173349380493164e-01,3.269184112548828125e+01,9.074509143829345703e-04,8.537292480468750000e-03
-1.596098840236663818e-01,3.270037841796875000e+01,7.610470056533813477e-04,1.253509521484375000e-02
-1.588488370180130005e-01,3.271291351318359375e+01,7.848292589187622070e-04,9.166717529296875000e-03
-1.580640077590942383e-01,3.272208023071289062e+01,4.912912845611572266e-04,9.265899658203125000e-03
-1.575727164745330811e-01,3.273134613037109375e+01,6.700754165649414062e-04,1.011657714843750000e-02
-1.569026410579681396e-01,3.274146270751953125e+01,5.415976047515869141e-04,1.037597656250000000e-02
-1.563610434532165527e-01,3.275183868408203125e+01,4.555732011795043945e-04,1.040649414062500000e-02
-1.559054702520370483e-01,3.276224517822265625e+01,5.143135786056518555e-04,1.199340820312500000e-02
-1.553911566734313965e-01,3.277423858642578125e+01,2.695918083190917969e-04,9.826660156250000000e-03
-1.551215648651123047e-01,3.278406524658203125e+01,4.510581493377685547e-04,1.342010498046875000e-02
-1.546705067157745361e-01,3.279748535156250000e+01,4.213452339172363281e-04,1.009368896484375000e-02
-1.542491614818572998e-01,3.280757904052734375e+01,2.500265836715698242e-04,1.145172119140625000e-02
-1.539991348981857300e-01,3.281903076171875000e+01,4.052370786666870117e-04,1.027679443359375000e-02
-1.535938978195190430e-01,3.282930755615234375e+01,4.512220621109008789e-04,1.287841796875000000e-02
-1.531426757574081421e-01,3.284218597412109375e+01,4.907399415969848633e-04,1.289367675781250000e-02
-1.526519358158111572e-01,3.285507965087890625e+01,4.128217697143554688e-04,1.066207885742187500e-02
-1.522391140460968018e-01,3.286574172973632812e+01,5.471259355545043945e-04,1.190185546875000000e-02
-1.516919881105422974e-01,3.287764358520507812e+01,4.319548606872558594e-04,1.039123535156250000e-02
-1.512600332498550415e-01,3.288803482055664062e+01,8.267015218734741211e-04,1.140594482421875000e-02
-1.504333317279815674e-01,3.289944076538085938e+01,7.614791393280029297e-04,1.253128051757812500e-02
-1.496718525886535645e-01,3.291197204589843750e+01,6.627887487411499023e-04,1.029205322265625000e-02
-1.490090638399124146e-01,3.292226409912109375e+01,1.064345240592956543e-03,1.259613037109375000e-02
-1.479447185993194580e-01,3.293486022949218750e+01,8.355379104614257812e-04,1.168823242187500000e-02
-1.471091806888580322e-01,3.294654846191406250e+01,9.407997131347656250e-04,1.167297363281250000e-02
-1.461683809757232666e-01,3.295822143554687500e+01,1.099184155464172363e-03,1.155090332031250000e-02
-1.450691968202590942e-01,3.296977233886718750e+01,1.018673181533813477e-03,1.136398315429687500e-02
-1.440505236387252808e-01,3.298113632202148438e+01,1.257166266441345215e-03,1.111984252929687500e-02
-1.427933573722839355e-01,3.299225616455078125e+01,9.552985429763793945e-04,1.005554199218750000e-02
-1.418380588293075562e-01,3.300231170654296875e+01,1.248970627784729004e-03,1.241683959960937500e-02
-1.405890882015228271e-01,3.301472854614257812e+01,1.286044716835021973e-03,1.126480102539062500e-02
-1.393030434846878052e-01,3.302599334716796875e+01,1.253217458724975586e-03,1.125335693359375000e-02
-1.380498260259628296e-01,3.303724670410156250e+01,1.639917492866516113e-03,1.197814941406250000e-02
-1.364099085330963135e-01,3.304922485351562500e+01,1.068562269210815430e-03,8.869171142578125000e-03
-1.353413462638854980e-01,3.305809402465820312e+01,1.731857657432556152e-03,1.116180419921875000e-02
-1.336094886064529419e-01,3.306925582885742188e+01,1.598060131072998047e-03,1.256561279296875000e-02
-1.320114284753799438e-01,3.308182144165039062e+01,1.607671380043029785e-03,1.144790649414062500e-02
-1.304037570953369141e-01,3.309326934814453125e+01,1.801878213882446289e-03,1.168823242187500000e-02
-1.286018788814544678e-01,3.310495758056640625e+01,1.794770359992980957e-03,1.171112060546875000e-02
-1.268071085214614868e-01,3.311666870117187500e+01,1.736342906951904297e-03,1.171112060546875000e-02
-1.250707656145095825e-01,3.312837982177734375e+01,2.018362283706665039e-03,1.147460937500000000e-02
-1.230524033308029175e-01,3.313985443115234375e+01,1.908376812934875488e-03,1.142120361328125000e-02
-1.211440265178680420e-01,3.315127563476562500e+01,1.882493495941162109e-03,1.003265380859375000e-02
-1.192615330219268799e-01,3.316130828857421875e+01,1.965656876564025879e-03,1.102447509765625000e-02
-1.172958761453628540e-01,3.317233276367187500e+01,2.335302531719207764e-03,1.201629638671875000e-02
-1.149605736136436462e-01,3.318434906005859375e+01,2.370342612266540527e-03,1.190567016601562500e-02
-1.125902310013771057e-01,3.319625473022460938e+01,1.847937703132629395e-03,8.621215820312500000e-03
-1.107422932982444763e-01,3.320487594604492188e+01,2.485409379005432129e-03,1.180648803710937500e-02
-1.082568839192390442e-01,3.321668243408203125e+01,2.316027879714965820e-03,1.057434082031250000e-02
-1.059408560395240784e-01,3.322725677490234375e+01,2.304151654243469238e-03,1.051330566406250000e-02
-1.036367043852806091e-01,3.323777008056640625e+01,2.502873539924621582e-03,1.042938232421875000e-02
-1.011338308453559875e-01,3.324819946289062500e+01,2.174586057662963867e-03,9.464263916015625000e-03
-9.895924478769302368e-02,3.325766372680664062e+01,2.981759607791900635e-03,1.156997680664062500e-02
-9.597748517990112305e-02,3.326923370361328125e+01,2.458028495311737061e-03,1.048278808593750000e-02
-9.351945668458938599e-02,3.327971649169921875e+01,2.288311719894409180e-03,1.036834716796875000e-02
-9.123114496469497681e-02,3.329008483886718750e+01,2.752982079982757568e-03,1.047515869140625000e-02
-8.847816288471221924e-02,3.330055999755859375e+01,2.638541162014007568e-03,1.079559326171875000e-02
-8.583962172269821167e-02,3.331135559082031250e+01,2.300813794136047363e-03,9.159088134765625000e-03
-8.353880792856216431e-02,3.332051467895507812e+01,2.764590084552764893e-03,1.022720336914062500e-02
-8.077421784400939941e-02,3.333074188232421875e+01,3.111913800239562988e-03,1.110076904296875000e-02
-7.766230404376983643e-02,3.334184265136718750e+01,2.814963459968566895e-03,1.011657714843750000e-02
-7.484734058380126953e-02,3.335195922851562500e+01,2.758488059043884277e-03,1.012039184570312500e-02
-7.208885252475738525e-02,3.336207962036132812e+01,2.941951155662536621e-03,9.983062744140625000e-03
-6.914690136909484863e-02,3.337206268310546875e+01,3.077924251556396484e-03,1.077270507812500000e-02
-6.606897711753845215e-02,3.338283538818359375e+01,2.326451241970062256e-03,7.862091064453125000e-03
-6.374252587556838989e-02,3.339069747924804688e+01,2.733249217271804810e-03,9.906768798828125000e-03
-6.100927665829658508e-02,3.340060424804687500e+01,2.826757729053497314e-03,9.994506835937500000e-03
-5.818251892924308777e-02,3.341059875488281250e+01,3.011383116245269775e-03,9.902954101562500000e-03
-5.517113581299781799e-02,3.342050170898437500e+01,2.749435603618621826e-03,1.114654541015625000e-02
-5.242170020937919617e-02,3.343164825439453125e+01,2.603363245725631714e-03,1.041793823242187500e-02
-4.981833696365356445e-02,3.344206619262695312e+01,2.301674336194992065e-03,9.540557861328125000e-03
-4.751666262745857239e-02,3.345160675048828125e+01,2.602271735668182373e-03,1.055908203125000000e-02
-4.491439089179039001e-02,3.346216583251953125e+01,2.717476338148117065e-03,1.078796386718750000e-02
-4.219691455364227295e-02,3.347295379638671875e+01,2.160139381885528564e-03,1.045608520507812500e-02
-4.003677517175674438e-02,3.348340988159179688e+01,2.628356218338012695e-03,1.132583618164062500e-02
-3.740841895341873169e-02,3.349473571777343750e+01,2.256263047456741333e-03,1.037216186523437500e-02
-3.515215590596199036e-02,3.350510787963867188e+01,2.060856670141220093e-03,9.376525878906250000e-03
-3.309129923582077026e-02,3.351448440551757812e+01,2.439856529235839844e-03,1.037216186523437500e-02
-3.065144270658493042e-02,3.352485656738281250e+01,2.374190837144851685e-03,1.234436035156250000e-02
-2.827725186944007874e-02,3.353720092773437500e+01,2.166062593460083008e-03,1.015472412109375000e-02
-2.611118927597999573e-02,3.354735565185546875e+01,1.921363174915313721e-03,8.979797363281250000e-03
-2.418982610106468201e-02,3.355633544921875000e+01,2.056969329714775085e-03,9.803771972656250000e-03
-2.213285677134990692e-02,3.356613922119140625e+01,2.126354724168777466e-03,9.742736816406250000e-03
-2.000650204718112946e-02,3.357588195800781250e+01,1.846671104431152344e-03,9.014129638671875000e-03
-1.815983094274997711e-02,3.358489608764648438e+01,2.527384087443351746e-03,1.133346557617187500e-02
-1.563244685530662537e-02,3.359622955322265625e+01,2.242344431579113007e-03,1.184082031250000000e-02
-1.339010242372751236e-02,3.360807037353515625e+01,1.845529302954673767e-03,9.933471679687500000e-03
-1.154457312077283859e-02,3.361800384521484375e+01,2.107673324644565582e-03,1.089477539062500000e-02
-9.436899796128273010e-03,3.362889862060546875e+01,2.424253616482019424e-03,1.221084594726562500e-02
-7.012646179646253586e-03,3.364110946655273438e+01,1.771244220435619354e-03,8.602142333984375000e-03
-5.241401959210634232e-03,3.364971160888671875e+01,2.333946758881211281e-03,1.171875000000000000e-02
-2.907455200329422951e-03,3.366143035888671875e+01,2.652752038557082415e-03,1.126480102539062500e-02
-2.547031617723405361e-04,3.367269515991210938e+01,2.078104240354150534e-03,8.152008056640625000e-03
1.823401078581809998e-03,3.368084716796875000e+01,2.812334802001714706e-03,1.231384277343750000e-02
4.635735880583524704e-03,3.369316101074218750e+01,2.121845725923776627e-03,8.140563964843750000e-03
6.757581606507301331e-03,3.370130157470703125e+01,2.935170195996761322e-03,1.097869873046875000e-02
9.692751802504062653e-03,3.371228027343750000e+01,2.844583243131637573e-03,9.662628173828125000e-03
1.253733504563570023e-02,3.372194290161132812e+01,2.866498194634914398e-03,9.410858154296875000e-03
1.540383324027061462e-02,3.373135375976562500e+01,2.532994374632835388e-03,8.476257324218750000e-03
1.793682761490345001e-02,3.373983001708984375e+01,3.681093454360961914e-03,1.119995117187500000e-02
2.161792106926441193e-02,3.375102996826171875e+01,2.667514607310295105e-03,8.155822753906250000e-03
2.428543567657470703e-02,3.375918579101562500e+01,3.133760765194892883e-03,9.124755859375000000e-03
2.741919644176959991e-02,3.376831054687500000e+01,3.221502527594566345e-03,9.246826171875000000e-03
3.064069896936416626e-02,3.377755737304687500e+01,2.793293446302413940e-03,8.522033691406250000e-03
3.343399241566658020e-02,3.378607940673828125e+01,3.668192774057388306e-03,9.597778320312500000e-03
3.710218518972396851e-02,3.379567718505859375e+01,3.091286867856979370e-03,1.021194458007812500e-02
4.019347205758094788e-02,3.380588912963867188e+01,3.124590963125228882e-03,9.319305419921875000e-03
4.331806302070617676e-02,3.381520843505859375e+01,3.238976001739501953e-03,9.086608886718750000e-03
4.655703902244567871e-02,3.382429504394531250e+01,2.799782902002334595e-03,8.407592773437500000e-03
4.935682192444801331e-02,3.383270263671875000e+01,3.175005316734313965e-03,9.017944335937500000e-03
5.253182724118232727e-02,3.384172058105468750e+01,3.343675285577774048e-03,9.925842285156250000e-03
5.587550252676010132e-02,3.385164642333984375e+01,2.827875316143035889e-03,8.750915527343750000e-03
5.870337784290313721e-02,3.386039733886718750e+01,3.017414361238479614e-03,8.338928222656250000e-03
6.172079220414161682e-02,3.386873626708984375e+01,3.010917454957962036e-03,9.296417236328125000e-03
6.473170965909957886e-02,3.387803268432617188e+01,2.395287156105041504e-03,6.732940673828125000e-03
6.712699681520462036e-02,3.388476562500000000e+01,2.764947712421417236e-03,9.155273437500000000e-03
6.989194452762603760e-02,3.389392089843750000e+01,2.481736242771148682e-03,8.609771728515625000e-03
7.237368077039718628e-02,3.390253067016601562e+01,2.889379858970642090e-03,8.319854736328125000e-03
7.526306062936782837e-02,3.391085052490234375e+01,2.519175410270690918e-03,9.246826171875000000e-03
7.778223603963851929e-02,3.392009735107421875e+01,1.865729689598083496e-03,6.881713867187500000e-03
7.964796572923660278e-02,3.392697906494140625e+01,3.051571547985076904e-03,1.030731201171875000e-02
8.269953727722167969e-02,3.393728637695312500e+01,2.313442528247833252e-03,7.640838623046875000e-03
8.501297980546951294e-02,3.394492721557617188e+01,2.787418663501739502e-03,8.892059326171875000e-03
8.780039846897125244e-02,3.395381927490234375e+01,2.505652606487274170e-03,6.141662597656250000e-03
9.030605107545852661e-02,3.395996093750000000e+01,2.636328339576721191e-03,8.163452148437500000e-03
9.294237941503524780e-02,3.396812438964843750e+01,2.844855189323425293e-03,6.988525390625000000e-03
9.578723460435867310e-02,3.397511291503906250e+01,2.944260835647583008e-03,6.523132324218750000e-03
9.873149544000625610e-02,3.398163604736328125e+01,2.858594059944152832e-03,6.439208984375000000e-03
1.015900894999504089e-01,3.398807525634765625e+01,3.142245113849639893e-03,5.680084228515625000e-03
1.047323346138000488e-01,3.399375534057617188e+01,2.939999103546142578e-03,6.465911865234375000e-03
1.076723337173461914e-01,3.400022125244140625e+01,3.226876258850097656e-03,5.588531494140625000e-03
1.108992099761962891e-01,3.400580978393554688e+01,3.388233482837677002e-03,5.817413330078125000e-03
1.142874434590339661e-01,3.401162719726562500e+01,3.321327269077301025e-03,5.249023437500000000e-03
1.176087707281112671e-01,3.401687622070312500e+01,3.878600895404815674e-03,5.294799804687500000e-03
1.214873716235160828e-01,3.402217102050781250e+01,3.458552062511444092e-03,4.371643066406250000e-03
1.249459236860275269e-01,3.402654266357421875e+01,3.194764256477355957e-03,3.623962402343750000e-03
1.281406879425048828e-01,3.403016662597656250e+01,3.452405333518981934e-03,3.967285156250000000e-03
1.315930932760238647e-01,3.403413391113281250e+01,3.406941890716552734e-03,3.257751464843750000e-03
1.350000351667404175e-01,3.403739166259765625e+01,3.384202718734741211e-03,2.975463867187500000e-03
1.383842378854751587e-01,3.404036712646484375e+01,3.350958228111267090e-03,2.853393554687500000e-03
1.417351961135864258e-01,3.404322052001953125e+01,3.026783466339111328e-03,2.525329589843750000e-03
1.447619795799255371e-01,3.404574584960937500e+01,3.866717219352722168e-03,3.562927246093750000e-03
1.486286967992782593e-01,3.404930877685546875e+01,2.934724092483520508e-03,2.662658691406250000e-03
1.515634208917617798e-01,3.405197143554687500e+01,2.889350056648254395e-03,2.593994140625000000e-03
1.544527709484100342e-01,3.405456542968750000e+01,2.772882580757141113e-03,1.899719238281250000e-03
1.572256535291671753e-01,3.405646514892578125e+01,2.813190221786499023e-03,1.747131347656250000e-03
1.600388437509536743e-01,3.405821228027343750e+01,3.202393651008605957e-03,1.655578613281250000e-03
1.632412374019622803e-01,3.405986785888671875e+01,3.048226237297058105e-03,1.312255859375000000e-03
1.662894636392593384e-01,3.406118011474609375e+01,3.077074885368347168e-03,9.651184082031250000e-04
1.693665385246276855e-01,3.406214523315429688e+01,3.061756491661071777e-03,8.926391601562500000e-04
1.724282950162887573e-01,3.406303787231445312e+01,2.936944365501403809e-03,8.392333984375000000e-04
1.753652393817901611e-01,3.406387710571289062e+01,3.253102302551269531e-03,8.468627929687500000e-04
1.786183416843414307e-01,3.406472396850585938e+01,2.960085868835449219e-03,8.735656738281250000e-04
1.815784275531768799e-01,3.406559753417968750e+01,3.154784440994262695e-03,5.874633789062500000e-04
1.847332119941711426e-01,3.406618499755859375e+01,3.258451819419860840e-03,3.509521484375000000e-04
1.879916638135910034e-01,3.406653594970703125e+01,3.189757466316223145e-03,-1.983642578125000000e-04
1.911814212799072266e-01,3.406633758544921875e+01,3.453850746154785156e-03,0.000000000000000000e+00
1.946352720260620117e-01,3.406633758544921875e+01,2.890899777412414551e-03,7.629394531250000000e-06
1.975261718034744263e-01,3.406634521484375000e+01,2.748742699623107910e-03,2.670288085937500000e-05
2.002749145030975342e-01,3.406637191772460938e+01,3.081560134887695312e-03,-9.918212890625000000e-04
2.033564746379852295e-01,3.406538009643554688e+01,2.903625369071960449e-03,-3.063201904296875000e-03
2.062601000070571899e-01,3.406231689453125000e+01,2.569377422332763672e-03,-4.257202148437500000e-03
2.088294774293899536e-01,3.405805969238281250e+01,3.044843673706054688e-03,-5.790710449218750000e-03
2.118743211030960083e-01,3.405226898193359375e+01,2.563804388046264648e-03,-4.898071289062500000e-03
2.144381254911422729e-01,3.404737091064453125e+01,2.614498138427734375e-03,-4.108428955078125000e-03
2.170526236295700073e-01,3.404326248168945312e+01,2.907231450080871582e-03,-4.016876220703125000e-03
2.199598550796508789e-01,3.403924560546875000e+01,2.331376075744628906e-03,-3.875732421875000000e-03
2.222912311553955078e-01,3.403536987304687500e+01,2.613231539726257324e-03,-3.829956054687500000e-03
2.249044626951217651e-01,3.403153991699218750e+01,2.588421106338500977e-03,-4.310607910156250000e-03
2.274928838014602661e-01,3.402722930908203125e+01,2.529144287109375000e-03,-5.012512207031250000e-03
2.300220280885696411e-01,3.402221679687500000e+01,2.539545297622680664e-03,-4.959106445312500000e-03
2.325615733861923218e-01,3.401725769042968750e+01,2.497151494026184082e-03,-5.661010742187500000e-03
2.350587248802185059e-01,3.401159667968750000e+01,2.456665039062500000e-03,-6.549835205078125000e-03
2.375153899192810059e-01,3.400504684448242188e+01,2.440318465232849121e-03,-7.190704345703125000e-03
2.399557083845138550e-01,3.399785614013671875e+01,2.398282289505004883e-03,-8.270263671875000000e-03
2.423539906740188599e-01,3.398958587646484375e+01,1.991853117942810059e-03,-6.267547607421875000e-03
2.443458437919616699e-01,3.398331832885742188e+01,2.315551042556762695e-03,-6.847381591796875000e-03
2.466613948345184326e-01,3.397647094726562500e+01,2.321034669876098633e-03,-6.790161132812500000e-03
2.489824295043945312e-01,3.396968078613281250e+01,2.428680658340454102e-03,-6.931304931640625000e-03
2.514111101627349854e-01,3.396274948120117188e+01,2.321481704711914062e-03,-7.595062255859375000e-03
2.537325918674468994e-01,3.395515441894531250e+01,2.515673637390136719e-03,-7.980346679687500000e-03
2.562482655048370361e-01,3.394717407226562500e+01,2.509832382202148438e-03,-7.247924804687500000e-03
2.587580978870391846e-01,3.393992614746093750e+01,2.912700176239013672e-03,-8.117675781250000000e-03
2.616707980632781982e-01,3.393180847167968750e+01,2.932518720626831055e-03,-8.460998535156250000e-03
2.646033167839050293e-01,3.392334747314453125e+01,2.978682518005371094e-03,-8.392333984375000000e-03
2.675819993019104004e-01,3.391495513916015625e+01,3.379404544830322266e-03,-8.689880371093750000e-03
2.709614038467407227e-01,3.390626525878906250e+01,3.012329339981079102e-03,-8.789062500000000000e-03
2.739737331867218018e-01,3.389747619628906250e+01,3.667503595352172852e-03,-8.613586425781250000e-03
2.776412367820739746e-01,3.388886260986328125e+01,3.352910280227661133e-03,-9.353637695312500000e-03
2.809941470623016357e-01,3.387950897216796875e+01,3.248363733291625977e-03,-7.637023925781250000e-03
2.842425107955932617e-01,3.387187194824218750e+01,3.772288560867309570e-03,-9.666442871093750000e-03
2.880147993564605713e-01,3.386220550537109375e+01,3.097444772720336914e-03,-8.007049560546875000e-03
2.911122441291809082e-01,3.385419845581054688e+01,4.042983055114746094e-03,-9.952545166015625000e-03
2.951552271842956543e-01,3.384424591064453125e+01,3.089070320129394531e-03,-9.140014648437500000e-03
2.982442975044250488e-01,3.383510589599609375e+01,3.818452358245849609e-03,-9.136199951171875000e-03
3.020627498626708984e-01,3.382596969604492188e+01,3.955036401748657227e-03,-8.884429931640625000e-03
3.060177862644195557e-01,3.381708526611328125e+01,4.087895154953002930e-03,-8.766174316406250000e-03
3.101056814193725586e-01,3.380831909179687500e+01,4.425525665283203125e-03,-9.937286376953125000e-03
3.145312070846557617e-01,3.379838180541992188e+01,4.038244485855102539e-03,-9.037017822265625000e-03
3.185694515705108643e-01,3.378934478759765625e+01,3.822594881057739258e-03,-8.213043212890625000e-03
3.223920464515686035e-01,3.378113174438476562e+01,4.361093044281005859e-03,-9.880065917968750000e-03
3.267531394958496094e-01,3.377125167846679688e+01,3.701835870742797852e-03,-8.411407470703125000e-03
3.304549753665924072e-01,3.376284027099609375e+01,3.976792097091674805e-03,-9.246826171875000000e-03
3.344317674636840820e-01,3.375359344482421875e+01,4.127591848373413086e-03,-9.239196777343750000e-03
3.385593593120574951e-01,3.374435424804687500e+01,3.980010747909545898e-03,-9.082794189453125000e-03
3.425393700599670410e-01,3.373527145385742188e+01,4.066914319992065430e-03,-8.983612060546875000e-03
3.466062843799591064e-01,3.372628784179687500e+01,4.215955734252929688e-03,-9.181976318359375000e-03
3.508222401142120361e-01,3.371710586547851562e+01,4.311770200729370117e-03,-9.304046630859375000e-03
3.551340103149414062e-01,3.370780181884765625e+01,4.578888416290283203e-03,-9.490966796875000000e-03
3.597128987312316895e-01,3.369831085205078125e+01,4.442155361175537109e-03,-9.506225585937500000e-03
3.641550540924072266e-01,3.368880462646484375e+01,4.169940948486328125e-03,-8.502960205078125000e-03
3.683249950408935547e-01,3.368030166625976562e+01,5.188941955566406250e-03,-9.727478027343750000e-03
3.735139369964599609e-01,3.367057418823242188e+01,5.212724208831787109e-03,-1.169204711914062500e-02
3.787266612052917480e-01,3.365888214111328125e+01,4.202485084533691406e-03,-8.804321289062500000e-03
3.829291462898254395e-01,3.365007781982421875e+01,4.601120948791503906e-03,-9.593963623046875000e-03
3.875302672386169434e-01,3.364048385620117188e+01,4.564940929412841797e-03,-9.357452392578125000e-03
3.920952081680297852e-01,3.363112640380859375e+01,4.821836948394775391e-03,-8.796691894531250000e-03
3.969170451164245605e-01,3.362232971191406250e+01,4.462838172912597656e-03,-9.735107421875000000e-03
4.013798832893371582e-01,3.361259460449218750e+01,5.171656608581542969e-03,-9.834289550781250000e-03
4.065515398979187012e-01,3.360276031494140625e+01,4.730790853500366211e-03,-1.058959960937500000e-02
4.112823307514190674e-01,3.359217071533203125e+01,4.758387804031372070e-03,-9.517669677734375000e-03
4.160407185554504395e-01,3.358265304565429688e+01,4.181712865829467773e-03,-8.831024169921875000e-03
4.202224314212799072e-01,3.357382202148437500e+01,5.663663148880004883e-03,-1.163101196289062500e-02
4.258860945701599121e-01,3.356219100952148438e+01,4.207015037536621094e-03,-8.716583251953125000e-03
4.300931096076965332e-01,3.355347442626953125e+01,5.136936902999877930e-03,-1.032257080078125000e-02
4.352300465106964111e-01,3.354315185546875000e+01,4.746526479721069336e-03,-9.605407714843750000e-03
4.399765729904174805e-01,3.353354644775390625e+01,3.829658031463623047e-03,-7.728576660156250000e-03
4.438062310218811035e-01,3.352581787109375000e+01,5.564719438552856445e-03,-1.063537597656250000e-02
4.493709504604339600e-01,3.351518249511718750e+01,5.591958761215209961e-03,-1.056671142578125000e-02
4.549629092216491699e-01,3.350461578369140625e+01,4.511952400207519531e-03,-8.552551269531250000e-03
4.594748616218566895e-01,3.349606323242187500e+01,5.164623260498046875e-03,-9.712219238281250000e-03
4.646394848823547363e-01,3.348635101318359375e+01,5.607008934020996094e-03,-1.019287109375000000e-02
4.702464938163757324e-01,3.347615814208984375e+01,4.594475030899047852e-03,-8.255004882812500000e-03
4.748409688472747803e-01,3.346790313720703125e+01,5.010962486267089844e-03,-9.391784667968750000e-03
4.798519313335418701e-01,3.345851135253906250e+01,4.469960927963256836e-03,-8.388519287109375000e-03
4.843218922615051270e-01,3.345012283325195312e+01,5.041420459747314453e-03,-9.487152099609375000e-03
4.893633127212524414e-01,3.344063568115234375e+01,5.174815654754638672e-03,-9.208679199218750000e-03
4.945381283760070801e-01,3.343142700195312500e+01,5.079388618469238281e-03,-9.487152099609375000e-03
4.996175169944763184e-01,3.342193984985351562e+01,5.564868450164794922e-03,-1.026535034179687500e-02
5.051823854446411133e-01,3.341167449951171875e+01,4.919111728668212891e-03,-9.185791015625000000e-03
5.101014971733093262e-01,3.340248870849609375e+01,5.001962184906005859e-03,-8.155822753906250000e-03
5.151034593582153320e-01,3.339433288574218750e+01,4.485845565795898438e-03,-8.937835693359375000e-03
5.195893049240112305e-01,3.338539505004882812e+01,5.441129207611083984e-03,-8.945465087890625000e-03
5.250304341316223145e-01,3.337644958496093750e+01,4.766225814819335938e-03,-9.239196777343750000e-03
5.297966599464416504e-01,3.336721038818359375e+01,4.880428314208984375e-03,-8.857727050781250000e-03
5.346770882606506348e-01,3.335835266113281250e+01,4.824459552764892578e-03,-1.023864746093750000e-02
5.395015478134155273e-01,3.334811401367187500e+01,4.970848560333251953e-03,-9.212493896484375000e-03
5.444723963737487793e-01,3.333890151977539062e+01,4.966735839843750000e-03,-9.037017822265625000e-03
5.494391322135925293e-01,3.332986450195312500e+01,4.819810390472412109e-03,-8.163452148437500000e-03
5.542589426040649414e-01,3.332170104980468750e+01,4.941523075103759766e-03,-9.941101074218750000e-03
5.592004656791687012e-01,3.331175994873046875e+01,4.602849483489990234e-03,-8.827209472656250000e-03
5.638033151626586914e-01,3.330293273925781250e+01,4.630982875823974609e-03,-8.880615234375000000e-03
5.684342980384826660e-01,3.329405212402343750e+01,4.451811313629150391e-03,-7.934570312500000000e-03
5.728861093521118164e-01,3.328611755371093750e+01,4.472017288208007812e-03,-9.826660156250000000e-03
5.773581266403198242e-01,3.327629089355468750e+01,4.399836063385009766e-03,-8.995056152343750000e-03
5.817579627037048340e-01,3.326729583740234375e+01,4.302978515625000000e-03,-8.754730224609375000e-03
5.860609412193298340e-01,3.325854110717773438e+01,4.473805427551269531e-03,-8.945465087890625000e-03
5.905347466468811035e-01,3.324959564208984375e+01,3.844320774078369141e-03,-7.755279541015625000e-03
5.943790674209594727e-01,3.324184036254882812e+01,4.587948322296142578e-03,-9.582519531250000000e-03
5.989670157432556152e-01,3.323225784301757812e+01,4.626095294952392578e-03,-9.544372558593750000e-03
6.035931110382080078e-01,3.322271347045898438e+01,4.622817039489746094e-03,-9.258270263671875000e-03
6.082159280776977539e-01,3.321345520019531250e+01,3.848373889923095703e-03,-7.968902587890625000e-03
6.120643019676208496e-01,3.320548629760742188e+01,3.702759742736816406e-03,-7.911682128906250000e-03
6.157670617103576660e-01,3.319757461547851562e+01,4.055678844451904297e-03,-7.816314697265625000e-03
6.198227405548095703e-01,3.318975830078125000e+01,4.539906978607177734e-03,-9.910583496093750000e-03
6.243626475334167480e-01,3.317984771728515625e+01,4.147291183471679688e-03,-9.693145751953125000e-03
6.285099387168884277e-01,3.317015457153320312e+01,4.158079624176025391e-03,-8.899688720703125000e-03
6.326680183410644531e-01,3.316125488281250000e+01,4.300057888031005859e-03,-8.834838867187500000e-03
6.369680762290954590e-01,3.315242004394531250e+01,4.173338413238525391e-03,-8.712768554687500000e-03
6.411414146423339844e-01,3.314370727539062500e+01,4.295051097869873047e-03,-8.609771728515625000e-03
6.454364657402038574e-01,3.313509750366210938e+01,3.597021102905273438e-03,-7.617950439453125000e-03
6.490334868431091309e-01,3.312747955322265625e+01,4.076421260833740234e-03,-8.499145507812500000e-03
6.531099081039428711e-01,3.311898040771484375e+01,4.160940647125244141e-03,-8.697509765625000000e-03
6.572708487510681152e-01,3.311028289794921875e+01,4.035532474517822266e-03,-8.544921875000000000e-03
6.613063812255859375e-01,3.310173797607421875e+01,3.947019577026367188e-03,-8.728027343750000000e-03
6.652534008026123047e-01,3.309300994873046875e+01,3.998816013336181641e-03,-8.876800537109375000e-03
6.692522168159484863e-01,3.308413314819335938e+01,3.668069839477539062e-03,-7.823944091796875000e-03
6.729202866554260254e-01,3.307630920410156250e+01,4.552125930786132812e-03,-9.666442871093750000e-03
6.774724125862121582e-01,3.306664276123046875e+01,4.088521003723144531e-03,-8.575439453125000000e-03
6.815609335899353027e-01,3.305806732177734375e+01,4.313468933105468750e-03,-8.422851562500000000e-03
6.858744025230407715e-01,3.304964447021484375e+01,4.229485988616943359e-03,-8.743286132812500000e-03
6.901038885116577148e-01,3.304090118408203125e+01,4.365622997283935547e-03,-8.720397949218750000e-03
6.944695115089416504e-01,3.303218078613281250e+01,4.386007785797119141e-03,-8.712768554687500000e-03
6.988555192947387695e-01,3.302346801757812500e+01,4.462242126464843750e-03,-7.987976074218750000e-03
7.033177614212036133e-01,3.301548004150390625e+01,4.838347434997558594e-03,-1.065063476562500000e-02
7.081561088562011719e-01,3.300482940673828125e+01,3.958761692047119141e-03,-8.163452148437500000e-03
7.121148705482482910e-01,3.299666595458984375e+01,4.905283451080322266e-03,-9.677886962890625000e-03
7.170201539993286133e-01,3.298698806762695312e+01,3.452360630035400391e-03,-7.022857666015625000e-03
7.204725146293640137e-01,3.297996520996093750e+01,5.070865154266357422e-03,-1.011276245117187500e-02
7.255433797836303711e-01,3.296985244750976562e+01,4.037678241729736328e-03,-7.793426513671875000e-03
7.295810580253601074e-01,3.296205902099609375e+01,4.920005798339843750e-03,-9.620666503906250000e-03
7.345010638236999512e-01,3.295243835449218750e+01,4.035949707031250000e-03,-7.728576660156250000e-03
7.385370135307312012e-01,3.294470977783203125e+01,4.449725151062011719e-03,-8.834838867187500000e-03
7.429867386817932129e-01,3.293587493896484375e+01,4.007816314697265625e-03,-7.911682128906250000e-03
7.469945549964904785e-01,3.292796325683593750e+01,4.219293594360351562e-03,-8.529663085937500000e-03
7.512138485908508301e-01,3.291943359375000000e+01,4.211544990539550781e-03,-8.438110351562500000e-03
7.554253935813903809e-01,3.291099548339843750e+01,4.536867141723632812e-03,-8.445739746093750000e-03
7.599622607231140137e-01,3.290254974365234375e+01,3.945827484130859375e-03,-8.888244628906250000e-03
7.639080882072448730e-01,3.289366149902343750e+01,4.302144050598144531e-03,-8.850097656250000000e-03
7.682102322578430176e-01,3.288481140136718750e+01,3.839254379272460938e-03,-7.598876953125000000e-03
7.720494866371154785e-01,3.287721252441406250e+01,3.907322883605957031e-03,-7.781982421875000000e-03
7.759568095207214355e-01,3.286943054199218750e+01,4.033327102661132812e-03,-7.896423339843750000e-03
7.799901366233825684e-01,3.286153411865234375e+01,3.852128982543945312e-03,-7.583618164062500000e-03
7.838422656059265137e-01,3.285395050048828125e+01,3.326475620269775391e-03,-6.210327148437500000e-03
7.871687412261962891e-01,3.284774017333984375e+01,4.126906394958496094e-03,-8.327484130859375000e-03
7.912956476211547852e-01,3.283941268920898438e+01,3.945708274841308594e-03,-7.133483886718750000e-03
7.952413558959960938e-01,3.283227920532226562e+01,3.624320030212402344e-03,-6.305694580078125000e-03
7.988656759262084961e-01,3.282597351074218750e+01,3.804743289947509766e-03,-6.797790527343750000e-03
8.026704192161560059e-01,3.281917572021484375e+01,3.557741641998291016e-03,-7.125854492187500000e-03
8.062281608581542969e-01,3.281204986572265625e+01,3.333508968353271484e-03,-5.897521972656250000e-03
8.095616698265075684e-01,3.280615234375000000e+01,3.692507743835449219e-03,-6.649017333984375000e-03
8.132541775703430176e-01,3.279950332641601562e+01,2.988457679748535156e-03,-5.176544189453125000e-03
8.162426352500915527e-01,3.279432678222656250e+01,3.006041049957275391e-03,-4.894256591796875000e-03
8.192486763000488281e-01,3.278943252563476562e+01,3.194034099578857422e-03,-5.718231201171875000e-03
8.224427103996276855e-01,3.278371429443359375e+01,3.014147281646728516e-03,-5.203247070312500000e-03
8.254568576812744141e-01,3.277851104736328125e+01,2.742886543273925781e-03,-4.341125488281250000e-03
8.281997442245483398e-01,3.277416992187500000e+01,3.130555152893066406e-03,-5.115509033203125000e-03
8.313302993774414062e-01,3.276905441284179688e+01,2.219557762145996094e-03,-3.597259521484375000e-03
8.335498571395874023e-01,3.276545715332031250e+01,2.773940563201904297e-03,-4.188537597656250000e-03
8.363237977027893066e-01,3.276126861572265625e+01,2.158284187316894531e-03,-3.395080566406250000e-03
8.384820818901062012e-01,3.275787353515625000e+01,2.092421054840087891e-03,-3.349304199218750000e-03
8.405745029449462891e-01,3.275452423095703125e+01,2.040803432464599609e-03,-2.395629882812500000e-03
8.426153063774108887e-01,3.275212860107421875e+01,1.960098743438720703e-03,-2.426147460937500000e-03
8.445754051208496094e-01,3.274970245361328125e+01,1.593768596649169922e-03,-1.579284667968750000e-03
8.461691737174987793e-01,3.274812316894531250e+01,1.464784145355224609e-03,-1.251220703125000000e-03
8.476339578628540039e-01,3.274687194824218750e+01,1.164793968200683594e-03,-9.651184082031250000e-04
8.487987518310546875e-01,3.274590682983398438e+01,1.074314117431640625e-03,-4.844665527343750000e-04
8.498730659484863281e-01,3.274542236328125000e+01,9.664893150329589844e-04,-9.155273437500000000e-05
8.508395552635192871e-01,3.274533081054687500e+01,6.086230278015136719e-04,2.975463867187500000e-04
8.514481782913208008e-01,3.274562835693359375e+01,5.942583084106445312e-04,4.005432128906250000e-04
8.520424365997314453e-01,3.274602890014648438e+01,3.867149353027343750e-04,3.623962402343750000e-04
8.524291515350341797e-01,3.274639129638671875e+01,3.064274787902832031e-04,3.051757812500000000e-04
8.527355790138244629e-01,3.274669647216796875e+01,-7.122755050659179688e-05,1.525878906250000000e-04
8.526643514633178711e-01,3.274684906005859375e+01,-6.341934204101562500e-05,9.460449218750000000e-04
8.526009321212768555e-01,3.274779510498046875e+01,-1.890063285827636719e-04,2.285003662109375000e-03
8.524119257926940918e-01,3.275008010864257812e+01,-2.312064170837402344e-04,2.307891845703125000e-03
8.521807193756103516e-01,3.275238800048828125e+01,-1.635551452636718750e-04,2.067565917968750000e-03
8.520171642303466797e-01,3.275445556640625000e+01,-5.246400833129882812e-04,2.170562744140625000e-03
8.514925241470336914e-01,3.275662612915039062e+01,-2.307891845703125000e-04,1.941680908203125000e-03
8.512617349624633789e-01,3.275856781005859375e+01,-2.222061157226562500e-04,1.892089843750000000e-03
8.510395288467407227e-01,3.276045989990234375e+01,-6.569623947143554688e-04,3.448486328125000000e-03
8.503825664520263672e-01,3.276390838623046875e+01,-7.389187812805175781e-04,3.890991210937500000e-03
8.496436476707458496e-01,3.276779937744140625e+01,-7.393956184387207031e-04,4.932403564453125000e-03
8.489042520523071289e-01,3.277273178100585938e+01,-9.427070617675781250e-04,5.924224853515625000e-03
8.479615449905395508e-01,3.277865600585937500e+01,-1.115679740905761719e-03,6.668090820312500000e-03
8.468458652496337891e-01,3.278532409667968750e+01,-1.363456249237060547e-03,7.183074951171875000e-03
8.454824090003967285e-01,3.279250717163085938e+01,-1.378417015075683594e-03,7.179260253906250000e-03
8.441039919853210449e-01,3.279968643188476562e+01,-1.521527767181396484e-03,7.350921630859375000e-03
8.425824642181396484e-01,3.280703735351562500e+01,-1.451551914215087891e-03,6.942749023437500000e-03
8.411309123039245605e-01,3.281398010253906250e+01,-1.452803611755371094e-03,8.399963378906250000e-03
8.396781086921691895e-01,3.282238006591796875e+01,-1.259088516235351562e-03,6.683349609375000000e-03
8.384190201759338379e-01,3.282906341552734375e+01,-1.573264598846435547e-03,8.018493652343750000e-03
8.368457555770874023e-01,3.283708190917968750e+01,-1.656234264373779297e-03,9.338378906250000000e-03
8.351895213127136230e-01,3.284642028808593750e+01,-1.199364662170410156e-03,7.198333740234375000e-03
8.339901566505432129e-01,3.285361862182617188e+01,-1.806318759918212891e-03,9.319305419921875000e-03
8.321838378906250000e-01,3.286293792724609375e+01,-1.196980476379394531e-03,6.843566894531250000e-03
8.309868574142456055e-01,3.286978149414062500e+01,-1.832902431488037109e-03,8.773803710937500000e-03
8.291539549827575684e-01,3.287855529785156250e+01,-1.871526241302490234e-03,1.015853881835937500e-02
8.272824287414550781e-01,3.288871383666992188e+01,-2.069175243377685547e-03,9.983062744140625000e-03
8.252132534980773926e-01,3.289869689941406250e+01,-1.818299293518066406e-03,8.499145507812500000e-03
8.233949542045593262e-01,3.290719604492187500e+01,-2.647757530212402344e-03,1.150512695312500000e-02
8.207471966743469238e-01,3.291870117187500000e+01,-1.928150653839111328e-03,7.888793945312500000e-03
8.188190460205078125e-01,3.292658996582031250e+01,-2.723395824432373047e-03,9.963989257812500000e-03
8.160956501960754395e-01,3.293655395507812500e+01,-2.378344535827636719e-03,1.001739501953125000e-02
8.137173056602478027e-01,3.294657135009765625e+01,-2.835750579833984375e-03,1.030731201171875000e-02
8.108815550804138184e-01,3.295687866210937500e+01,-3.001689910888671875e-03,1.058197021484375000e-02
8.078798651695251465e-01,3.296746063232421875e+01,-3.258228302001953125e-03,1.060485839843750000e-02
8.046216368675231934e-01,3.297806549072265625e+01,-3.335952758789062500e-03,1.080703735351562500e-02
8.012856841087341309e-01,3.298887252807617188e+01,-3.512442111968994141e-03,9.929656982421875000e-03
7.977732419967651367e-01,3.299880218505859375e+01,-3.725528717041015625e-03,1.248168945312500000e-02
7.940477132797241211e-01,3.301128387451171875e+01,-3.900587558746337891e-03,1.141357421875000000e-02
7.901471257209777832e-01,3.302269744873046875e+01,-4.167556762695312500e-03,1.160812377929687500e-02
7.859795689582824707e-01,3.303430557250976562e+01,-4.122257232666015625e-03,1.134872436523437500e-02
7.818573117256164551e-01,3.304565429687500000e+01,-4.299879074096679688e-03,1.058197021484375000e-02
7.775574326515197754e-01,3.305623626708984375e+01,-4.405140876770019531e-03,1.300048828125000000e-02
7.731522917747497559e-01,3.306923675537109375e+01,-4.291117191314697266e-03,1.211166381835937500e-02
7.688611745834350586e-01,3.308134841918945312e+01,-4.812121391296386719e-03,1.339340209960937500e-02
7.640490531921386719e-01,3.309474182128906250e+01,-3.977894783020019531e-03,1.097106933593750000e-02
7.600711584091186523e-01,3.310571289062500000e+01,-3.972411155700683594e-03,1.094818115234375000e-02
7.560987472534179688e-01,3.311666107177734375e+01,-4.663407802581787109e-03,1.342391967773437500e-02
7.514353394508361816e-01,3.313008499145507812e+01,-4.359662532806396484e-03,1.241683959960937500e-02
7.470756769180297852e-01,3.314250183105468750e+01,-4.101395606994628906e-03,1.234817504882812500e-02
7.429742813110351562e-01,3.315485000610351562e+01,-4.598021507263183594e-03,1.361083984375000000e-02
7.383762598037719727e-01,3.316846084594726562e+01,-3.600776195526123047e-03,1.117706298828125000e-02
7.347754836082458496e-01,3.317963790893554688e+01,-4.038870334625244141e-03,1.234054565429687500e-02
7.307366132736206055e-01,3.319197845458984375e+01,-3.770828247070312500e-03,1.243591308593750000e-02
7.269657850265502930e-01,3.320441436767578125e+01,-3.866791725158691406e-03,1.243591308593750000e-02
7.230989933013916016e-01,3.321685028076171875e+01,-3.838837146759033203e-03,1.243591308593750000e-02
7.192601561546325684e-01,3.322928619384765625e+01,-3.619670867919921875e-03,1.244354248046875000e-02
7.156404852867126465e-01,3.324172973632812500e+01,-3.457963466644287109e-03,1.261138916015625000e-02
7.121825218200683594e-01,3.325434112548828125e+01,-3.526747226715087891e-03,1.250457763671875000e-02
7.086557745933532715e-01,3.326684570312500000e+01,-3.377199172973632812e-03,1.251220703125000000e-02
7.052785754203796387e-01,3.327935791015625000e+01,-3.348350524902343750e-03,1.244735717773437500e-02
7.019302248954772949e-01,3.329180526733398438e+01,-3.390908241271972656e-03,1.127243041992187500e-02
6.985393166542053223e-01,3.330307769775390625e+01,-3.223001956939697266e-03,1.368713378906250000e-02
6.953163146972656250e-01,3.331676483154296875e+01,-3.381669521331787109e-03,1.232528686523437500e-02
6.919346451759338379e-01,3.332909011840820312e+01,-3.282546997070312500e-03,1.227951049804687500e-02
6.886520981788635254e-01,3.334136962890625000e+01,-3.418684005737304688e-03,1.116943359375000000e-02
6.852334141731262207e-01,3.335253906250000000e+01,-3.520011901855468750e-03,1.377105712890625000e-02
6.817134022712707520e-01,3.336631011962890625e+01,-3.079891204833984375e-03,1.089477539062500000e-02
6.786335110664367676e-01,3.337720489501953125e+01,-4.263341426849365234e-03,1.484680175781250000e-02
6.743701696395874023e-01,3.339205169677734375e+01,-3.121197223663330078e-03,1.094055175781250000e-02
6.712489724159240723e-01,3.340299224853515625e+01,-3.873527050018310547e-03,1.218032836914062500e-02
6.673754453659057617e-01,3.341517257690429688e+01,-2.908647060394287109e-03,1.115036010742187500e-02
6.644667983055114746e-01,3.342632293701171875e+01,-3.869175910949707031e-03,1.229858398437500000e-02
6.605976223945617676e-01,3.343862152099609375e+01,-3.348708152770996094e-03,1.249313354492187500e-02
6.572489142417907715e-01,3.345111465454101562e+01,-4.312813282012939453e-03,1.478958129882812500e-02
6.529361009597778320e-01,3.346590423583984375e+01,-3.778934478759765625e-03,1.226806640625000000e-02
6.491571664810180664e-01,3.347817230224609375e+01,-3.813207149505615234e-03,1.231384277343750000e-02
6.453439593315124512e-01,3.349048614501953125e+01,-3.827333450317382812e-03,1.266479492187500000e-02
6.415166258811950684e-01,3.350315093994140625e+01,-3.623068332672119141e-03,1.130676269531250000e-02
6.378935575485229492e-01,3.351445770263671875e+01,-4.023373126983642578e-03,1.260757446289062500e-02
6.338701844215393066e-01,3.352706527709960938e+01,-4.603683948516845703e-03,1.382827758789062500e-02
6.292665004730224609e-01,3.354089355468750000e+01,-3.492414951324462891e-03,1.130676269531250000e-02
6.257740855216979980e-01,3.355220031738281250e+01,-4.518270492553710938e-03,1.382446289062500000e-02
6.212558150291442871e-01,3.356602478027343750e+01,-4.003167152404785156e-03,1.258850097656250000e-02
6.172526478767395020e-01,3.357861328125000000e+01,-3.807365894317626953e-03,1.134490966796875000e-02
6.134452819824218750e-01,3.358995819091796875e+01,-4.225790500640869141e-03,1.263427734375000000e-02
6.092194914817810059e-01,3.360259246826171875e+01,-4.612147808074951172e-03,1.385116577148437500e-02
6.046073436737060547e-01,3.361644363403320312e+01,-4.189908504486083984e-03,1.238250732421875000e-02
6.004174351692199707e-01,3.362882614135742188e+01,-4.209697246551513672e-03,1.118087768554687500e-02
5.962077379226684570e-01,3.364000701904296875e+01,-3.752589225769042969e-03,1.258468627929687500e-02
5.924551486968994141e-01,3.365259170532226562e+01,-4.090130329132080078e-03,1.236343383789062500e-02
5.883650183677673340e-01,3.366495513916015625e+01,-4.383265972137451172e-03,1.358413696289062500e-02
5.839817523956298828e-01,3.367853927612304688e+01,-3.505587577819824219e-03,1.115036010742187500e-02
5.804761648178100586e-01,3.368968963623046875e+01,-4.102945327758789062e-03,1.366043090820312500e-02
5.763732194900512695e-01,3.370335006713867188e+01,-3.676176071166992188e-03,1.228713989257812500e-02
5.726970434188842773e-01,3.371563720703125000e+01,-3.110527992248535156e-03,9.727478027343750000e-03
5.695865154266357422e-01,3.372536468505859375e+01,-3.431320190429687500e-03,1.336288452148437500e-02
5.661551952362060547e-01,3.373872756958007812e+01,-3.193020820617675781e-03,1.212692260742187500e-02
5.629621744155883789e-01,3.375085449218750000e+01,-2.952992916107177734e-03,1.081848144531250000e-02
5.600091814994812012e-01,3.376167297363281250e+01,-2.929568290710449219e-03,1.315689086914062500e-02
5.570796132087707520e-01,3.377482986450195312e+01,-2.688825130462646484e-03,1.189804077148437500e-02
5.543907880783081055e-01,3.378672790527343750e+01,-2.590835094451904297e-03,1.201629638671875000e-02
5.517999529838562012e-01,3.379874420166015625e+01,-2.613008022308349609e-03,1.288604736328125000e-02
5.491869449615478516e-01,3.381163024902343750e+01,-2.148807048797607422e-03,1.148986816406250000e-02
5.470381379127502441e-01,3.382312011718750000e+01,-2.081573009490966797e-03,1.169204711914062500e-02
5.449565649032592773e-01,3.383481216430664062e+01,-2.035617828369140625e-03,1.194763183593750000e-02
5.429209470748901367e-01,3.384675979614257812e+01,-1.726329326629638672e-03,1.055526733398437500e-02
5.411946177482604980e-01,3.385731506347656250e+01,-1.732885837554931641e-03,1.156616210937500000e-02
5.394617319107055664e-01,3.386888122558593750e+01,-2.036869525909423828e-03,1.383972167968750000e-02
5.374248623847961426e-01,3.388272094726562500e+01,-1.355886459350585938e-03,1.025390625000000000e-02
5.360689759254455566e-01,3.389297485351562500e+01,-1.480162143707275391e-03,1.136779785156250000e-02
5.345888137817382812e-01,3.390434265136718750e+01,-1.335740089416503906e-03,9.941101074218750000e-03
5.332530736923217773e-01,3.391428375244140625e+01,-1.397430896759033203e-03,1.110076904296875000e-02
5.318556427955627441e-01,3.392538452148437500e+01,-1.524865627288818359e-03,1.226043701171875000e-02
5.303307771682739258e-01,3.393764495849609375e+01,-1.236200332641601562e-03,9.643554687500000000e-03
5.290945768356323242e-01,3.394728851318359375e+01,-1.350998878479003906e-03,1.040649414062500000e-02
5.277435779571533203e-01,3.395769500732421875e+01,-1.336753368377685547e-03,1.019668579101562500e-02
5.264068245887756348e-01,3.396789169311523438e+01,-1.389086246490478516e-03,9.181976318359375000e-03
5.250177383422851562e-01,3.397707366943359375e+01,-1.422226428985595703e-03,1.158142089843750000e-02
5.235955119132995605e-01,3.398865509033203125e+01,-1.328110694885253906e-03,7.591247558593750000e-03
5.222674012184143066e-01,3.399624633789062500e+01,-1.352250576019287109e-03,1.000976562500000000e-02
5.209151506423950195e-01,3.400625610351562500e+01,-1.387238502502441406e-03,8.777618408203125000e-03
5.195279121398925781e-01,3.401503372192382812e+01,-1.307725906372070312e-03,8.556365966796875000e-03
5.182201862335205078e-01,3.402359008789062500e+01,-1.405656337738037109e-03,7.266998291015625000e-03
5.168145298957824707e-01,3.403085708618164062e+01,-1.534700393676757812e-03,8.777618408203125000e-03
5.152798295021057129e-01,3.403963470458984375e+01,-1.409471035003662109e-03,7.186889648437500000e-03
5.138703584671020508e-01,3.404682159423828125e+01,-1.381576061248779297e-03,6.980895996093750000e-03
5.124887824058532715e-01,3.405380249023437500e+01,-1.471102237701416016e-03,6.660461425781250000e-03
5.110176801681518555e-01,3.406046295166015625e+01,-1.691937446594238281e-03,6.256103515625000000e-03
5.093257427215576172e-01,3.406671905517578125e+01,-1.317977905273437500e-03,6.267547607421875000e-03
5.080077648162841797e-01,3.407298660278320312e+01,-1.573860645294189453e-03,6.008148193359375000e-03
5.064339041709899902e-01,3.407899475097656250e+01,-1.504957675933837891e-03,5.722045898437500000e-03
5.049289464950561523e-01,3.408471679687500000e+01,-1.326441764831542969e-03,4.875183105468750000e-03
5.036025047302246094e-01,3.408959197998046875e+01,-1.452684402465820312e-03,6.408691406250000000e-03
5.021498203277587891e-01,3.409600067138671875e+01,-1.189947128295898438e-03,4.692077636718750000e-03
5.009598731994628906e-01,3.410069274902343750e+01,-1.191586256027221680e-03,5.096435546875000000e-03
4.997682869434356689e-01,3.410578918457031250e+01,-1.278162002563476562e-03,4.302978515625000000e-03
4.984901249408721924e-01,3.411009216308593750e+01,-9.973645210266113281e-04,5.447387695312500000e-03
4.974927604198455811e-01,3.411553955078125000e+01,-1.257985830307006836e-03,5.714416503906250000e-03
4.962347745895385742e-01,3.412125396728515625e+01,-9.349882602691650391e-04,4.611968994140625000e-03
4.952997863292694092e-01,3.412586593627929688e+01,-1.183778047561645508e-03,4.322052001953125000e-03
4.941160082817077637e-01,3.413018798828125000e+01,-9.678304195404052734e-04,5.294799804687500000e-03
4.931481778621673584e-01,3.413548278808593750e+01,-1.016080379486083984e-03,5.023956298828125000e-03
4.921320974826812744e-01,3.414050674438476562e+01,-1.153409481048583984e-03,5.268096923828125000e-03
4.909786880016326904e-01,3.414577484130859375e+01,-1.002669334411621094e-03,5.580902099609375000e-03
4.899760186672210693e-01,3.415135574340820312e+01,-8.485317230224609375e-04,4.714965820312500000e-03
4.891274869441986084e-01,3.415607070922851562e+01,-9.056925773620605469e-04,4.116058349609375000e-03
4.882217943668365479e-01,3.416018676757812500e+01,-9.545981884002685547e-04,4.753112792968750000e-03
4.872671961784362793e-01,3.416493988037109375e+01,-8.180439472198486328e-04,5.256652832031250000e-03
4.864491522312164307e-01,3.417019653320312500e+01,-8.943974971771240234e-04,5.233764648437500000e-03
4.855547547340393066e-01,3.417543029785156250e+01,-9.277462959289550781e-04,5.203247070312500000e-03
4.846270084381103516e-01,3.418063354492187500e+01,-9.534060955047607422e-04,5.958557128906250000e-03
4.836736023426055908e-01,3.418659210205078125e+01,-7.862150669097900391e-04,4.257202148437500000e-03
4.828873872756958008e-01,3.419084930419921875e+01,-7.057189941406250000e-04,5.851745605468750000e-03
4.821816682815551758e-01,3.419670104980468750e+01,-9.440183639526367188e-04,4.776000976562500000e-03
4.812376499176025391e-01,3.420147705078125000e+01,-7.280409336090087891e-04,4.608154296875000000e-03
4.805096089839935303e-01,3.420608520507812500e+01,-1.038074493408203125e-03,5.317687988281250000e-03
4.794715344905853271e-01,3.421140289306640625e+01,-5.812346935272216797e-04,4.402160644531250000e-03
4.788902997970581055e-01,3.421580505371093750e+01,-7.511079311370849609e-04,4.581451416015625000e-03
4.781391918659210205e-01,3.422038650512695312e+01,-8.335113525390625000e-04,4.787445068359375000e-03
4.773056805133819580e-01,3.422517395019531250e+01,-4.793405532836914062e-04,3.501892089843750000e-03
4.768263399600982666e-01,3.422867584228515625e+01,-5.485713481903076172e-04,5.226135253906250000e-03
4.762777686119079590e-01,3.423390197753906250e+01,-3.973543643951416016e-04,3.639221191406250000e-03
4.758804142475128174e-01,3.423754119873046875e+01,-2.153515815734863281e-04,5.088806152343750000e-03
4.756650626659393311e-01,3.424263000488281250e+01,-2.552270889282226562e-04,4.386901855468750000e-03
4.754098355770111084e-01,3.424701690673828125e+01,-1.086592674255371094e-04,4.875183105468750000e-03
4.753011763095855713e-01,3.425189208984375000e+01,7.072091102600097656e-05,5.325317382812500000e-03
4.753718972206115723e-01,3.425721740722656250e+01,2.664029598236083984e-04,5.836486816406250000e-03
4.756383001804351807e-01,3.426305389404296875e+01,-3.457069396972656250e-05,6.324768066406250000e-03
4.756037294864654541e-01,3.426937866210937500e+01,5.015730857849121094e-05,5.172729492187500000e-03
4.756538867950439453e-01,3.427455139160156250e+01,3.159940242767333984e-04,6.431579589843750000e-03
4.759698808193206787e-01,3.428098297119140625e+01,5.856156349182128906e-05,5.348205566406250000e-03
4.760284423828125000e-01,3.428633117675781250e+01,2.835392951965332031e-04,6.149291992187500000e-03
4.763119816780090332e-01,3.429248046875000000e+01,2.485513687133789062e-04,6.065368652343750000e-03
4.765605330467224121e-01,3.429854583740234375e+01,4.814863204956054688e-04,7.160186767578125000e-03
4.770420193672180176e-01,3.430570602416992188e+01,2.277195453643798828e-04,5.290985107421875000e-03
4.772697389125823975e-01,3.431099700927734375e+01,1.590549945831298828e-04,6.919860839843750000e-03
4.774287939071655273e-01,3.431791687011718750e+01,2.460777759552001953e-04,6.156921386718750000e-03
4.776748716831207275e-01,3.432407379150390625e+01,4.971027374267578125e-05,6.935119628906250000e-03
4.777245819568634033e-01,3.433100891113281250e+01,-7.414817810058593750e-05,5.752563476562500000e-03
4.776504337787628174e-01,3.433676147460937500e+01,-5.358457565307617188e-05,6.019592285156250000e-03
4.775968492031097412e-01,3.434278106689453125e+01,4.601478576660156250e-05,5.863189697265625000e-03
4.776428639888763428e-01,3.434864425659179688e+01,-4.827976226806640625e-05,7.640838623046875000e-03
4.775945842266082764e-01,3.435628509521484375e+01,-1.213848590850830078e-04,6.065368652343750000e-03
4.774731993675231934e-01,3.436235046386718750e+01,-1.092255115509033203e-04,7.362365722656250000e-03
4.773639738559722900e-01,3.436971282958984375e+01,-1.846849918365478516e-04,7.019042968750000000e-03
4.771792888641357422e-01,3.437673187255859375e+01,-3.814697265625000000e-06,7.110595703125000000e-03
4.771754741668701172e-01,3.438384246826171875e+01,7.867813110351562500e-06,6.973266601562500000e-03
4.771833419799804688e-01,3.439081573486328125e+01,-1.406669616699218750e-05,7.858276367187500000e-03
4.771692752838134766e-01,3.439867401123046875e+01,-9.697675704956054688e-05,9.063720703125000000e-03
4.770722985267639160e-01,3.440773773193359375e+01,5.343556404113769531e-05,8.232116699218750000e-03
4.771257340908050537e-01,3.441596984863281250e+01,-3.129243850708007812e-06,7.095336914062500000e-03
4.771226048469543457e-01,3.442306518554687500e+01,3.400444984436035156e-05,7.408142089843750000e-03
4.771566092967987061e-01,3.443047332763671875e+01,-3.403425216674804688e-05,7.713317871093750000e-03
4.771225750446319580e-01,3.443818664550781250e+01,1.312792301177978516e-04,6.328582763671875000e-03
4.772538542747497559e-01,3.444451522827148438e+01,8.949637413024902344e-05,7.312774658203125000e-03
4.773433506488800049e-01,3.445182800292968750e+01,5.710124969482421875e-05,6.938934326171875000e-03
4.774004518985748291e-01,3.445876693725585938e+01,2.250075340270996094e-04,7.038116455078125000e-03
4.776254594326019287e-01,3.446580505371093750e+01,5.701184272766113281e-05,8.064270019531250000e-03
4.776824712753295898e-01,3.447386932373046875e+01,1.115798950195312500e-04,6.378173828125000000e-03
4.777940511703491211e-01,3.448024749755859375e+01,9.471178054809570312e-05,7.278442382812500000e-03
4.778887629508972168e-01,3.448752593994140625e+01,-2.753734588623046875e-05,8.590698242187500000e-03
4.778612256050109863e-01,3.449611663818359375e+01,1.004636287689208984e-04,7.144927978515625000e-03
4.779616892337799072e-01,3.450326156616210938e+01,7.954239845275878906e-05,8.075714111328125000e-03
4.780412316322326660e-01,3.451133728027343750e+01,-3.832578659057617188e-05,8.293151855468750000e-03
4.780029058456420898e-01,3.451963043212890625e+01,-7.921457290649414062e-05,8.064270019531250000e-03
4.779236912727355957e-01,3.452769470214843750e+01,-7.340312004089355469e-05,8.285522460937500000e-03
4.778502881526947021e-01,3.453598022460937500e+01,-1.496076583862304688e-04,8.724212646484375000e-03
4.777006804943084717e-01,3.454470443725585938e+01,-4.276633262634277344e-05,7.854461669921875000e-03
4.776579141616821289e-01,3.455255889892578125e+01,-5.179643630981445312e-05,8.930206298828125000e-03
4.776061177253723145e-01,3.456148910522460938e+01,-3.397464752197265625e-05,9.471893310546875000e-03
4.775721430778503418e-01,3.457096099853515625e+01,-2.001225948333740234e-04,1.060104370117187500e-02
4.773720204830169678e-01,3.458156204223632812e+01,1.097619533538818359e-04,1.047134399414062500e-02
4.774817824363708496e-01,3.459203338623046875e+01,-8.654594421386718750e-05,1.213455200195312500e-02
4.773952364921569824e-01,3.460416793823242188e+01,-7.373094558715820312e-05,9.166717529296875000e-03
4.773215055465698242e-01,3.461333465576171875e+01,8.940696716308593750e-08,1.290130615234375000e-02
4.773215949535369873e-01,3.462623596191406250e+01,3.707408905029296875e-05,1.216125488281250000e-02
4.773586690425872803e-01,3.463839721679687500e+01,-9.697675704956054688e-05,1.261138916015625000e-02
4.772616922855377197e-01,3.465100860595703125e+01,7.465481758117675781e-05,1.264953613281250000e-02
4.773363471031188965e-01,3.466365814208984375e+01,-1.396536827087402344e-04,1.265716552734375000e-02
4.771966934204101562e-01,3.467631530761718750e+01,-1.032352447509765625e-04,1.277923583984375000e-02
4.770934581756591797e-01,3.468909454345703125e+01,-2.176165580749511719e-04,1.292419433593750000e-02
4.768758416175842285e-01,3.470201873779296875e+01,-2.542734146118164062e-04,1.285552978515625000e-02
4.766215682029724121e-01,3.471487426757812500e+01,-2.752840518951416016e-04,1.396942138671875000e-02
4.763462841510772705e-01,3.472884368896484375e+01,-4.970133304595947266e-04,1.140594482421875000e-02
4.758492708206176758e-01,3.474024963378906250e+01,-4.115402698516845703e-04,1.234436035156250000e-02
4.754377305507659912e-01,3.475259399414062500e+01,-6.131529808044433594e-04,1.209259033203125000e-02
4.748245775699615479e-01,3.476468658447265625e+01,-6.408989429473876953e-04,1.213836669921875000e-02
4.741836786270141602e-01,3.477682495117187500e+01,-8.652508258819580078e-04,1.374816894531250000e-02
4.733184278011322021e-01,3.479057312011718750e+01,-7.920861244201660156e-04,1.246261596679687500e-02
4.725263416767120361e-01,3.480303573608398438e+01,-1.060277223587036133e-03,1.076126098632812500e-02
4.714660644531250000e-01,3.481379699707031250e+01,-1.378297805786132812e-03,1.166915893554687500e-02
4.700877666473388672e-01,3.482546615600585938e+01,-1.759320497512817383e-03,1.171493530273437500e-02
4.683284461498260498e-01,3.483718109130859375e+01,-1.822352409362792969e-03,1.294708251953125000e-02
4.665060937404632568e-01,3.485012817382812500e+01,-1.788258552551269531e-03,1.054763793945312500e-02
4.647178351879119873e-01,3.486067581176757812e+01,-2.343207597732543945e-03,1.154708862304687500e-02
4.623746275901794434e-01,3.487222290039062500e+01,-2.654522657394409180e-03,1.166534423828125000e-02
4.597201049327850342e-01,3.488388824462890625e+01,-3.030240535736083984e-03,1.139068603515625000e-02
4.566898643970489502e-01,3.489527893066406250e+01,-3.309071063995361328e-03,1.071929931640625000e-02
4.533807933330535889e-01,3.490599822998046875e+01,-3.747999668121337891e-03,9.834289550781250000e-03
4.496327936649322510e-01,3.491583251953125000e+01,-4.089057445526123047e-03,9.887695312500000000e-03
4.455437362194061279e-01,3.492572021484375000e+01,-4.459083080291748047e-03,9.349822998046875000e-03
4.410846531391143799e-01,3.493507003784179688e+01,-4.470378160476684570e-03,9.090423583984375000e-03
4.366142749786376953e-01,3.494416046142578125e+01,-4.804521799087524414e-03,7.667541503906250000e-03
4.318097531795501709e-01,3.495182800292968750e+01,-5.082756280899047852e-03,8.789062500000000000e-03
4.267269968986511230e-01,3.496061706542968750e+01,-5.411267280578613281e-03,7.705688476562500000e-03
4.213157296180725098e-01,3.496832275390625000e+01,-5.543023347854614258e-03,7.659912109375000000e-03
4.157727062702178955e-01,3.497598266601562500e+01,-5.798161029815673828e-03,7.812500000000000000e-03
4.099745452404022217e-01,3.498379516601562500e+01,-6.122350692749023438e-03,7.865905761718750000e-03
4.038521945476531982e-01,3.499166107177734375e+01,-6.314277648925781250e-03,7.469177246093750000e-03
3.975379168987274170e-01,3.499913024902343750e+01,-6.437242031097412109e-03,7.644653320312500000e-03
3.911006748676300049e-01,3.500677490234375000e+01,-6.654262542724609375e-03,7.621765136718750000e-03
3.844464123249053955e-01,3.501439666748046875e+01,-6.913453340530395508e-03,7.530212402343750000e-03
3.775329589843750000e-01,3.502192687988281250e+01,-7.191419601440429688e-03,7.431030273437500000e-03
3.703415393829345703e-01,3.502935791015625000e+01,-8.015185594558715820e-03,8.239746093750000000e-03
3.623263537883758545e-01,3.503759765625000000e+01,-6.672471761703491211e-03,6.347656250000000000e-03
3.556538820266723633e-01,3.504394531250000000e+01,-7.766485214233398438e-03,7.186889648437500000e-03
3.478873968124389648e-01,3.505113220214843750e+01,-8.607506752014160156e-03,8.193969726562500000e-03
3.392798900604248047e-01,3.505932617187500000e+01,-7.510393857955932617e-03,6.469726562500000000e-03
3.317694962024688721e-01,3.506579589843750000e+01,-8.159935474395751953e-03,7.289886474609375000e-03
3.236095607280731201e-01,3.507308578491210938e+01,-8.337527513504028320e-03,7.114410400390625000e-03
3.152720332145690918e-01,3.508020019531250000e+01,-8.435904979705810547e-03,6.755828857421875000e-03
3.068361282348632812e-01,3.508695602416992188e+01,-9.332597255706787109e-03,7.114410400390625000e-03
2.975035309791564941e-01,3.509407043457031250e+01,-7.688224315643310547e-03,6.000518798828125000e-03
2.898153066635131836e-01,3.510007095336914062e+01,-8.677840232849121094e-03,6.267547607421875000e-03
2.811374664306640625e-01,3.510633850097656250e+01,-8.664608001708984375e-03,6.011962890625000000e-03
2.724728584289550781e-01,3.511235046386718750e+01,-8.841574192047119141e-03,5.958557128906250000e-03
2.636312842369079590e-01,3.511830902099609375e+01,-8.783966302871704102e-03,5.886077880859375000e-03
2.548473179340362549e-01,3.512419509887695312e+01,-9.012326598167419434e-03,5.420684814453125000e-03
2.458349913358688354e-01,3.512961578369140625e+01,-9.138524532318115234e-03,5.119323730468750000e-03
2.366964668035507202e-01,3.513473510742187500e+01,-9.242057800292968750e-03,5.222320556640625000e-03
2.274544090032577515e-01,3.513995742797851562e+01,-1.020407676696777344e-02,5.313873291015625000e-03
2.172503322362899780e-01,3.514527130126953125e+01,-8.188560605049133301e-03,3.974914550781250000e-03
2.090617716312408447e-01,3.514924621582031250e+01,-9.598761796951293945e-03,4.257202148437500000e-03
1.994630098342895508e-01,3.515350341796875000e+01,-1.061816513538360596e-02,4.871368408203125000e-03
1.888448446989059448e-01,3.515837478637695312e+01,-8.887395262718200684e-03,4.207611083984375000e-03
1.799574494361877441e-01,3.516258239746093750e+01,-9.635478258132934570e-03,4.508972167968750000e-03
1.703219711780548096e-01,3.516709136962890625e+01,-9.828746318817138672e-03,4.096984863281250000e-03
1.604932248592376709e-01,3.517118835449218750e+01,-1.022820174694061279e-02,4.226684570312500000e-03
1.502650231122970581e-01,3.517541503906250000e+01,-1.037700474262237549e-02,4.184722900390625000e-03
1.398880183696746826e-01,3.517959976196289062e+01,-1.003327965736389160e-02,4.318237304687500000e-03
1.298547387123107910e-01,3.518391799926757812e+01,-9.974561631679534912e-03,4.142761230468750000e-03
1.198801770806312561e-01,3.518806076049804688e+01,-9.919270873069763184e-03,4.024505615234375000e-03
1.099609062075614929e-01,3.519208526611328125e+01,-1.010102778673171997e-02,3.959655761718750000e-03
9.985987842082977295e-02,3.519604492187500000e+01,-9.970553219318389893e-03,4.287719726562500000e-03
8.988932520151138306e-02,3.520033264160156250e+01,-1.076439023017883301e-02,5.012512207031250000e-03
7.912493497133255005e-02,3.520534515380859375e+01,-8.650146424770355225e-03,4.508972167968750000e-03
7.047478854656219482e-02,3.520985412597656250e+01,-1.083202660083770752e-02,4.978179931640625000e-03
5.964276194572448730e-02,3.521483230590820312e+01,-8.607164025306701660e-03,4.810333251953125000e-03
5.103559792041778564e-02,3.521964263916015625e+01,-9.636860340833663940e-03,4.878997802734375000e-03
4.139873757958412170e-02,3.522452163696289062e+01,-9.332429617643356323e-03,4.985809326171875000e-03
3.206630796194076538e-02,3.522950744628906250e+01,-8.953586220741271973e-03,5.020141601562500000e-03
2.311272174119949341e-02,3.523452758789062500e+01,-9.235724806785583496e-03,4.688262939453125000e-03
1.387699693441390991e-02,3.523921585083007812e+01,-1.009749062359333038e-02,4.920959472656250000e-03
3.779506310820579529e-03,3.524413681030273438e+01,-9.082962293177843094e-03,4.070281982421875000e-03
-5.303455982357263565e-03,3.524820709228515625e+01,-8.173897396773099899e-03,4.825592041015625000e-03
-1.347735337913036346e-02,3.525303268432617188e+01,-1.002733036875724792e-02,5.496978759765625000e-03
-2.350468374788761139e-02,3.525852966308593750e+01,-8.503446355462074280e-03,4.325866699218750000e-03
-3.200813010334968567e-02,3.526285552978515625e+01,-1.073590666055679321e-02,5.126953125000000000e-03
-4.274403676390647888e-02,3.526798248291015625e+01,-8.558955043554306030e-03,5.256652832031250000e-03
-5.130299180746078491e-02,3.527323913574218750e+01,-9.130634367465972900e-03,5.607604980468750000e-03
-6.043362617492675781e-02,3.527884674072265625e+01,-8.976489305496215820e-03,5.439758300781250000e-03
-6.941011548042297363e-02,3.528428649902343750e+01,-9.981706738471984863e-03,5.187988281250000000e-03
-7.939182221889495850e-02,3.528947448730468750e+01,-8.266918361186981201e-03,4.577636718750000000e-03
-8.765874058008193970e-02,3.529405212402343750e+01,-9.208820760250091553e-03,6.065368652343750000e-03
-9.686756134033203125e-02,3.530011749267578125e+01,-8.860804140567779541e-03,5.634307861328125000e-03
-1.057283654808998108e-01,3.530575180053710938e+01,-8.911289274692535400e-03,5.424499511718750000e-03
-1.146396547555923462e-01,3.531117630004882812e+01,-8.936628699302673340e-03,5.439758300781250000e-03
-1.235762834548950195e-01,3.531661605834960938e+01,-8.982747793197631836e-03,5.676269531250000000e-03
-1.325590312480926514e-01,3.532229232788085938e+01,-8.781850337982177734e-03,5.664825439453125000e-03
-1.413408815860748291e-01,3.532795715332031250e+01,-8.631005883216857910e-03,5.500793457031250000e-03
-1.499718874692916870e-01,3.533345794677734375e+01,-8.655518293380737305e-03,5.641937255859375000e-03
-1.586274057626724243e-01,3.533909988403320312e+01,-9.563401341438293457e-03,6.664276123046875000e-03
-1.681908071041107178e-01,3.534576416015625000e+01,-7.769629359245300293e-03,5.752563476562500000e-03
-1.759604364633560181e-01,3.535151672363281250e+01,-8.748158812522888184e-03,6.416320800781250000e-03
-1.847085952758789062e-01,3.535793304443359375e+01,-8.633762598037719727e-03,6.004333496093750000e-03
-1.933423578739166260e-01,3.536393737792968750e+01,-9.270876646041870117e-03,6.568908691406250000e-03
-2.026132345199584961e-01,3.537050628662109375e+01,-7.424563169479370117e-03,4.932403564453125000e-03
-2.100377976894378662e-01,3.537543869018554688e+01,-7.757648825645446777e-03,5.565643310546875000e-03
-2.177954465150833130e-01,3.538100433349609375e+01,-7.390439510345458984e-03,4.337310791015625000e-03
-2.251858860254287720e-01,3.538534164428710938e+01,-8.927494287490844727e-03,5.157470703125000000e-03
-2.341133803129196167e-01,3.539049911499023438e+01,-8.044362068176269531e-03,4.680633544921875000e-03
-2.421577423810958862e-01,3.539517974853515625e+01,-7.159441709518432617e-03,3.822326660156250000e-03
-2.493171840906143188e-01,3.539900207519531250e+01,-7.908031344413757324e-03,4.177093505859375000e-03
-2.572252154350280762e-01,3.540317916870117188e+01,-7.641494274139404297e-03,4.535675048828125000e-03
-2.648667097091674805e-01,3.540771484375000000e+01,-7.564395666122436523e-03,4.943847656250000000e-03
-2.724311053752899170e-01,3.541265869140625000e+01,-8.324712514877319336e-03,5.100250244140625000e-03
-2.807558178901672363e-01,3.541775894165039062e+01,-7.323890924453735352e-03,3.562927246093750000e-03
-2.880797088146209717e-01,3.542132186889648438e+01,-7.147580385208129883e-03,3.498077392578125000e-03
-2.952272891998291016e-01,3.542481994628906250e+01,-6.921857595443725586e-03,3.829956054687500000e-03
-3.021491467952728271e-01,3.542864990234375000e+01,-6.100326776504516602e-03,3.265380859375000000e-03
-3.082494735717773438e-01,3.543191528320312500e+01,-7.053345441818237305e-03,3.654479980468750000e-03
-3.153028190135955811e-01,3.543556976318359375e+01,-6.933748722076416016e-03,3.677368164062500000e-03
-3.222365677356719971e-01,3.543924713134765625e+01,-6.690233945846557617e-03,3.467559814453125000e-03
-3.289268016815185547e-01,3.544271469116210938e+01,-6.876528263092041016e-03,3.452301025390625000e-03
-3.358033299446105957e-01,3.544616699218750000e+01,-6.514638662338256836e-03,3.494262695312500000e-03
-3.423179686069488525e-01,3.544966125488281250e+01,-6.954163312911987305e-03,4.035949707031250000e-03
-3.492721319198608398e-01,3.545369720458984375e+01,-5.704253911972045898e-03,3.219604492187500000e-03
-3.549763858318328857e-01,3.545691680908203125e+01,-6.660372018814086914e-03,3.520965576171875000e-03
-3.616367578506469727e-01,3.546043777465820312e+01,-5.349695682525634766e-03,2.826690673828125000e-03
-3.669864535331726074e-01,3.546326446533203125e+01,-6.259649991989135742e-03,2.353668212890625000e-03
-3.732461035251617432e-01,3.546561813354492188e+01,-4.634767770767211914e-03,1.457214355468750000e-03
-3.778808712959289551e-01,3.546707534790039062e+01,-5.487471818923950195e-03,1.926422119140625000e-03
-3.833683431148529053e-01,3.546900177001953125e+01,-4.271954298019409180e-03,1.312255859375000000e-03
-3.876402974128723145e-01,3.547031402587890625e+01,-4.411220550537109375e-03,1.449584960937500000e-03
-3.920515179634094238e-01,3.547176361083984375e+01,-4.184365272521972656e-03,1.029968261718750000e-03
-3.962358832359313965e-01,3.547279357910156250e+01,-4.394859075546264648e-03,1.228332519531250000e-03
-4.006307423114776611e-01,3.547402191162109375e+01,-3.577828407287597656e-03,8.697509765625000000e-04
-4.042085707187652588e-01,3.547489166259765625e+01,-3.758162260055541992e-03,8.621215820312500000e-04
-4.079667329788208008e-01,3.547575378417968750e+01,-3.580212593078613281e-03,4.501342773437500000e-04
-4.115469455718994141e-01,3.547620391845703125e+01,-3.395110368728637695e-03,2.441406250000000000e-04
-4.149420559406280518e-01,3.547644805908203125e+01,-3.191471099853515625e-03,-1.983642578125000000e-04
-4.181335270404815674e-01,3.547624969482421875e+01,-3.401130437850952148e-03,-3.204345703125000000e-04
-4.215346574783325195e-01,3.547592926025390625e+01,-2.548635005950927734e-03,-2.746582031250000000e-04
-4.240832924842834473e-01,3.547565460205078125e+01,-2.599060535430908203e-03,-6.256103515625000000e-04
-4.266823530197143555e-01,3.547502899169921875e+01,-2.133339643478393555e-03,-2.216339111328125000e-03
-4.288156926631927490e-01,3.547281265258789062e+01,-2.106755971908569336e-03,-2.910614013671875000e-03
-4.309224486351013184e-01,3.546990203857421875e+01,-1.900970935821533203e-03,-3.101348876953125000e-03
-4.328234195709228516e-01,3.546680068969726562e+01,-1.594394445419311523e-03,-3.299713134765625000e-03
-4.344178140163421631e-01,3.546350097656250000e+01,-1.632392406463623047e-03,-3.299713134765625000e-03
-4.360502064228057861e-01,3.546020126342773438e+01,-1.232266426086425781e-03,-3.009796142578125000e-03
-4.372824728488922119e-01,3.545719146728515625e+01,-9.413063526153564453e-04,-2.895355224609375000e-03
-4.382237792015075684e-01,3.545429611206054688e+01,-7.666647434234619141e-04,-2.677917480468750000e-03
-4.389904439449310303e-01,3.545161819458007812e+01,-5.359649658203125000e-04,-2.964019775390625000e-03
-4.395264089107513428e-01,3.544865417480468750e+01,-2.927780151367187500e-04,-3.227233886718750000e-03
-4.398191869258880615e-01,3.544542694091796875e+01,-2.583563327789306641e-04,-3.952026367187500000e-03
-4.400775432586669922e-01,3.544147491455078125e+01,1.332163810729980469e-04,-3.479003906250000000e-03
-4.399443268775939941e-01,3.543799591064453125e+01,1.685321331024169922e-04,-4.127502441406250000e-03
-4.397757947444915771e-01,3.543386840820312500e+01,2.623200416564941406e-04,-4.432678222656250000e-03
-4.395134747028350830e-01,3.542943572998046875e+01,3.482997417449951172e-04,-4.695892333984375000e-03
-4.391651749610900879e-01,3.542473983764648438e+01,7.137060165405273438e-04,-4.409790039062500000e-03
-4.384514689445495605e-01,3.542033004760742188e+01,1.103997230529785156e-03,-4.302978515625000000e-03
-4.373474717140197754e-01,3.541602706909179688e+01,1.644343137741088867e-03,-4.894256591796875000e-03
-4.357031285762786865e-01,3.541113281250000000e+01,1.675128936767578125e-03,-4.508972167968750000e-03
-4.340279996395111084e-01,3.540662384033203125e+01,1.962065696716308594e-03,-5.615234375000000000e-03
-4.320659339427947998e-01,3.540100860595703125e+01,2.179682254791259766e-03,-6.153106689453125000e-03
-4.298862516880035400e-01,3.539485549926757812e+01,1.505285501480102539e-03,-4.970550537109375000e-03
-4.283809661865234375e-01,3.538988494873046875e+01,2.184778451919555664e-03,-6.252288818359375000e-03
-4.261961877346038818e-01,3.538363265991210938e+01,2.161085605621337891e-03,-8.495330810546875000e-03
-4.240351021289825439e-01,3.537513732910156250e+01,1.365721225738525391e-03,-5.767822265625000000e-03
-4.226693809032440186e-01,3.536936950683593750e+01,1.980572938919067383e-03,-7.335662841796875000e-03
-4.206888079643249512e-01,3.536203384399414062e+01,1.391410827636718750e-03,-7.770538330078125000e-03
-4.192973971366882324e-01,3.535426330566406250e+01,1.515448093414306641e-03,-7.667541503906250000e-03
-4.177819490432739258e-01,3.534659576416015625e+01,1.378893852233886719e-03,-7.637023925781250000e-03
-4.164030551910400391e-01,3.533895874023437500e+01,1.297146081924438477e-03,-7.801055908203125000e-03
-4.151059091091156006e-01,3.533115768432617188e+01,1.246988773345947266e-03,-7.984161376953125000e-03
-4.138589203357696533e-01,3.532317352294921875e+01,1.022785902023315430e-03,-7.324218750000000000e-03
-4.128361344337463379e-01,3.531584930419921875e+01,1.090496778488159180e-03,-6.904602050781250000e-03
-4.117456376552581787e-01,3.530894470214843750e+01,7.615983486175537109e-04,-6.866455078125000000e-03
-4.109840393066406250e-01,3.530207824707031250e+01,7.833540439605712891e-04,-7.122039794921875000e-03
-4.102006852626800537e-01,3.529495620727539062e+01,5.100071430206298828e-04,-5.786895751953125000e-03
-4.096906781196594238e-01,3.528916931152343750e+01,4.259645938873291016e-04,-6.935119628906250000e-03
-4.092647135257720947e-01,3.528223419189453125e+01,2.655684947967529297e-04,-7.122039794921875000e-03
-4.089991450309753418e-01,3.527511215209960938e+01,1.809000968933105469e-04,-7.144927978515625000e-03
-4.088182449340820312e-01,3.526796722412109375e+01,3.425180912017822266e-04,-7.755279541015625000e-03
-4.084757268428802490e-01,3.526021194458007812e+01,2.133846282958984375e-04,-6.225585937500000000e-03
-4.082623422145843506e-01,3.525398635864257812e+01,1.577138900756835938e-04,-6.572723388671875000e-03
-4.081046283245086670e-01,3.524741363525390625e+01,5.205571651458740234e-04,-6.458282470703125000e-03
-4.075840711593627930e-01,3.524095535278320312e+01,4.959106445312500000e-04,-6.855010986328125000e-03
-4.070881605148315430e-01,3.523410034179687500e+01,9.824633598327636719e-04,-7.717132568359375000e-03
-4.061056971549987793e-01,3.522638320922851562e+01,8.365809917449951172e-04,-6.565093994140625000e-03
-4.052691161632537842e-01,3.521981811523437500e+01,1.462310552597045898e-03,-8.522033691406250000e-03
-4.038068056106567383e-01,3.521129608154296875e+01,1.078873872756958008e-03,-7.202148437500000000e-03
-4.027279317378997803e-01,3.520409393310546875e+01,1.566737890243530273e-03,-8.914947509765625000e-03
-4.011611938476562500e-01,3.519517898559570312e+01,1.135170459747314453e-03,-7.900238037109375000e-03
-4.000260233879089355e-01,3.518727874755859375e+01,1.203000545501708984e-03,-9.147644042968750000e-03
-3.988230228424072266e-01,3.517813110351562500e+01,1.060247421264648438e-03,-9.391784667968750000e-03
-3.977627754211425781e-01,3.516873931884765625e+01,8.063018321990966797e-04,-9.578704833984375000e-03
-3.969564735889434814e-01,3.515916061401367188e+01,9.589493274688720703e-04,-1.132583618164062500e-02
-3.959975242614746094e-01,3.514783477783203125e+01,6.181597709655761719e-04,-7.728576660156250000e-03
-3.953793644905090332e-01,3.514010620117187500e+01,4.433691501617431641e-04,-1.051712036132812500e-02
-3.949359953403472900e-01,3.512958908081054688e+01,5.490481853485107422e-04,-8.731842041015625000e-03
-3.943869471549987793e-01,3.512085723876953125e+01,4.239976406097412109e-04,-9.643554687500000000e-03
-3.939629495143890381e-01,3.511121368408203125e+01,4.991590976715087891e-04,-9.971618652343750000e-03
-3.934637904167175293e-01,3.510124206542968750e+01,2.748370170593261719e-04,-1.025390625000000000e-02
-3.931889533996582031e-01,3.509098815917968750e+01,1.717805862426757812e-04,-1.017761230468750000e-02
-3.930171728134155273e-01,3.508081054687500000e+01,2.693831920623779297e-04,-1.018524169921875000e-02
-3.927477896213531494e-01,3.507062530517578125e+01,1.458823680877685547e-04,-9.742736816406250000e-03
-3.926019072532653809e-01,3.506088256835937500e+01,1.356005668640136719e-05,-9.361267089843750000e-03
-3.925883471965789795e-01,3.505152130126953125e+01,-7.808208465576171875e-06,-9.445190429687500000e-03
-3.925961554050445557e-01,3.504207611083984375e+01,-2.160668373107910156e-05,-9.765625000000000000e-03
-3.926177620887756348e-01,3.503231048583984375e+01,-2.124011516571044922e-04,-9.971618652343750000e-03
-3.928301632404327393e-01,3.502233886718750000e+01,-1.662373542785644531e-04,-1.004791259765625000e-02
-3.929964005947113037e-01,3.501229095458984375e+01,-2.284049987792968750e-04,-1.039886474609375000e-02
-3.932248055934906006e-01,3.500189208984375000e+01,-1.312494277954101562e-04,-1.045608520507812500e-02
-3.933560550212860107e-01,3.499143600463867188e+01,-2.882480621337890625e-04,-9.929656982421875000e-03
-3.936443030834197998e-01,3.498150634765625000e+01,-3.178417682647705078e-04,-1.058197021484375000e-02
-3.939621448516845703e-01,3.497092437744140625e+01,-4.799664020538330078e-04,-9.544372558593750000e-03
-3.944421112537384033e-01,3.496138000488281250e+01,-3.082454204559326172e-04,-8.743286132812500000e-03
-3.947503566741943359e-01,3.495263671875000000e+01,-6.608068943023681641e-04,-1.006317138671875000e-02
-3.954111635684967041e-01,3.494257354736328125e+01,-6.548464298248291016e-04,-9.994506835937500000e-03
-3.960660099983215332e-01,3.493257904052734375e+01,-6.549358367919921875e-04,-9.918212890625000000e-03
-3.967209458351135254e-01,3.492266082763671875e+01,-6.935596466064453125e-04,-1.010894775390625000e-02
-3.974145054817199707e-01,3.491255187988281250e+01,-6.017684936523437500e-04,-9.963989257812500000e-03
-3.980162739753723145e-01,3.490258789062500000e+01,-5.730986595153808594e-04,-9.750366210937500000e-03
-3.985893726348876953e-01,3.489283752441406250e+01,-5.194246768951416016e-04,-9.712219238281250000e-03
-3.991087973117828369e-01,3.488312530517578125e+01,-4.861652851104736328e-04,-9.777069091796875000e-03
-3.995949625968933105e-01,3.487334823608398438e+01,-3.789961338043212891e-04,-9.906768798828125000e-03
-3.999739587306976318e-01,3.486344146728515625e+01,-4.296898841857910156e-04,-1.011657714843750000e-02
-4.004036486148834229e-01,3.485332489013671875e+01,-2.751052379608154297e-04,-1.055908203125000000e-02
-4.006787538528442383e-01,3.484276580810546875e+01,-3.242492675781250000e-04,-1.029205322265625000e-02
-4.010030031204223633e-01,3.483247375488281250e+01,-3.040432929992675781e-04,-9.956359863281250000e-03
-4.013070464134216309e-01,3.482251739501953125e+01,-5.516409873962402344e-05,-1.085281372070312500e-02
-4.013622105121612549e-01,3.481166458129882812e+01,-1.312196254730224609e-04,-9.052276611328125000e-03
-4.014934301376342773e-01,3.480261230468750000e+01,1.612305641174316406e-05,-9.918212890625000000e-03
-4.014773070812225342e-01,3.479269409179687500e+01,-1.132488250732421875e-06,-9.941101074218750000e-03
-4.014784395694732666e-01,3.478275299072265625e+01,9.247660636901855469e-05,-1.124191284179687500e-02
-4.013859629631042480e-01,3.477151107788085938e+01,-3.808736801147460938e-05,-9.197235107421875000e-03
-4.014240503311157227e-01,3.476231384277343750e+01,7.319450378417968750e-05,-1.019287109375000000e-02
-4.013508558273315430e-01,3.475212097167968750e+01,-1.379847526550292969e-05,-1.002883911132812500e-02
-4.013646543025970459e-01,3.474209213256835938e+01,6.443262100219726562e-05,-1.032638549804687500e-02
-4.013002216815948486e-01,3.473176574707031250e+01,-3.933906555175781250e-06,-8.338928222656250000e-03
-4.013041555881500244e-01,3.472342681884765625e+01,1.383125782012939453e-04,-9.010314941406250000e-03
-4.011658430099487305e-01,3.471441650390625000e+01,1.470148563385009766e-04,-9.235382080078125000e-03
-4.010188281536102295e-01,3.470518112182617188e+01,1.106262207031250000e-04,-1.131820678710937500e-02
-4.009082019329071045e-01,3.469386291503906250e+01,1.725554466247558594e-05,-7.339477539062500000e-03
-4.008909463882446289e-01,3.468652343750000000e+01,2.101063728332519531e-05,-9.548187255859375000e-03
-4.008699357509613037e-01,3.467697525024414062e+01,7.453560829162597656e-05,-1.020050048828125000e-02
-4.007954001426696777e-01,3.466677474975585938e+01,1.221299171447753906e-04,-8.472442626953125000e-03
-4.006732702255249023e-01,3.465830230712890625e+01,8.162856101989746094e-05,-9.017944335937500000e-03
-4.005916416645050049e-01,3.464928436279296875e+01,2.950429916381835938e-06,-8.625030517578125000e-03
-4.005886912345886230e-01,3.464065933227539062e+01,4.309415817260742188e-05,-8.544921875000000000e-03
-4.005455970764160156e-01,3.463211441040039062e+01,1.814067363739013672e-04,-9.571075439453125000e-03
-4.003641903400421143e-01,3.462254333496093750e+01,9.194016456604003906e-05,-7.816314697265625000e-03
-4.002722501754760742e-01,3.461472702026367188e+01,-3.629922866821289062e-05,-8.861541748046875000e-03
-4.003085494041442871e-01,3.460586547851562500e+01,1.518130302429199219e-04,-8.613586425781250000e-03
-4.001567363739013672e-01,3.459725189208984375e+01,4.816055297851562500e-05,-8.792877197265625000e-03
-4.001085758209228516e-01,3.458845901489257812e+01,1.700520515441894531e-04,-9.685516357421875000e-03
-3.999385237693786621e-01,3.457877349853515625e+01,-1.024305820465087891e-04,-7.965087890625000000e-03
-4.000409543514251709e-01,3.457080841064453125e+01,2.614557743072509766e-04,-8.888244628906250000e-03
-3.997794985771179199e-01,3.456192016601562500e+01,1.242756843566894531e-04,-8.567810058593750000e-03
-3.996552228927612305e-01,3.455335235595703125e+01,5.237758159637451172e-04,-8.136749267578125000e-03
-3.991314470767974854e-01,3.454521560668945312e+01,4.584491252899169922e-04,-8.110046386718750000e-03
-3.986729979515075684e-01,3.453710556030273438e+01,5.587935447692871094e-04,-7.846832275390625000e-03
-3.981142044067382812e-01,3.452925872802734375e+01,6.356537342071533203e-04,-8.148193359375000000e-03
-3.974785506725311279e-01,3.452111053466796875e+01,8.037388324737548828e-04,-8.018493652343750000e-03
-3.966748118400573730e-01,3.451309204101562500e+01,7.221698760986328125e-04,-7.831573486328125000e-03
-3.959526419639587402e-01,3.450526046752929688e+01,1.043528318405151367e-03,-9.220123291015625000e-03
-3.949091136455535889e-01,3.449604034423828125e+01,7.268190383911132812e-04,-5.599975585937500000e-03
-3.941822946071624756e-01,3.449044036865234375e+01,1.264512538909912109e-03,-6.855010986328125000e-03
-3.929177820682525635e-01,3.448358535766601562e+01,1.226514577865600586e-03,-6.767272949218750000e-03
-3.916912674903869629e-01,3.447681808471679688e+01,1.316130161285400391e-03,-7.583618164062500000e-03
-3.903751373291015625e-01,3.446923446655273438e+01,9.781122207641601562e-04,-4.795074462890625000e-03
-3.893970251083374023e-01,3.446443939208984375e+01,1.529335975646972656e-03,-6.008148193359375000e-03
-3.878676891326904297e-01,3.445843124389648438e+01,1.263618469238281250e-03,-5.764007568359375000e-03
-3.866040706634521484e-01,3.445266723632812500e+01,1.708269119262695312e-03,-5.340576171875000000e-03
-3.848958015441894531e-01,3.444732666015625000e+01,1.602113246917724609e-03,-5.523681640625000000e-03
-3.832936882972717285e-01,3.444180297851562500e+01,1.467615365982055664e-03,-4.848480224609375000e-03
-3.818260729312896729e-01,3.443695449829101562e+01,1.670181751251220703e-03,-5.420684814453125000e-03
-3.801558911800384521e-01,3.443153381347656250e+01,1.916497945785522461e-03,-5.207061767578125000e-03
-3.782393932342529297e-01,3.442632675170898438e+01,1.635968685150146484e-03,-4.940032958984375000e-03
-3.766034245491027832e-01,3.442138671875000000e+01,1.991897821426391602e-03,-4.974365234375000000e-03
-3.746115267276763916e-01,3.441641235351562500e+01,1.953899860382080078e-03,-4.814147949218750000e-03
-3.726576268672943115e-01,3.441159820556640625e+01,2.208292484283447266e-03,-4.207611083984375000e-03
-3.704493343830108643e-01,3.440739059448242188e+01,2.230197191238403320e-03,-3.963470458984375000e-03
-3.682191371917724609e-01,3.440342712402343750e+01,2.539038658142089844e-03,-3.723144531250000000e-03
-3.656800985336303711e-01,3.439970397949218750e+01,2.150326967239379883e-03,-3.021240234375000000e-03
-3.635297715663909912e-01,3.439668273925781250e+01,2.511769533157348633e-03,-3.517150878906250000e-03
-3.610180020332336426e-01,3.439316558837890625e+01,2.436757087707519531e-03,-3.387451171875000000e-03
-3.585812449455261230e-01,3.438977813720703125e+01,2.790868282318115234e-03,-3.383636474609375000e-03
-3.557903766632080078e-01,3.438639450073242188e+01,2.164393663406372070e-03,-3.120422363281250000e-03
-3.536259829998016357e-01,3.438327407836914062e+01,2.629846334457397461e-03,-3.185272216796875000e-03
-3.509961366653442383e-01,3.438008880615234375e+01,2.709686756134033203e-03,-3.002166748046875000e-03
-3.482864499092102051e-01,3.437708663940429688e+01,2.646356821060180664e-03,-3.250122070312500000e-03
-3.456400930881500244e-01,3.437383651733398438e+01,2.621144056320190430e-03,-3.208160400390625000e-03
-3.430189490318298340e-01,3.437062835693359375e+01,2.835482358932495117e-03,-3.082275390625000000e-03
-3.401834666728973389e-01,3.436754608154296875e+01,2.813786268234252930e-03,-2.883911132812500000e-03
-3.373696804046630859e-01,3.436466217041015625e+01,3.440499305725097656e-03,-3.105163574218750000e-03
-3.339291810989379883e-01,3.436155700683593750e+01,3.171920776367187500e-03,-2.948760986328125000e-03
-3.307572603225708008e-01,3.435860824584960938e+01,2.859175205230712891e-03,-2.056121826171875000e-03
-3.278980851173400879e-01,3.435655212402343750e+01,3.030478954315185547e-03,-2.723693847656250000e-03
-3.248676061630249023e-01,3.435382843017578125e+01,3.482699394226074219e-03,-2.758026123046875000e-03
-3.213849067687988281e-01,3.435107040405273438e+01,3.474205732345581055e-03,-2.727508544921875000e-03
-3.179107010364532471e-01,3.434834289550781250e+01,3.716766834259033203e-03,-2.838134765625000000e-03
-3.141939342021942139e-01,3.434550476074218750e+01,3.727227449417114258e-03,-2.674102783203125000e-03
-3.104667067527770996e-01,3.434283065795898438e+01,4.090338945388793945e-03,-3.032684326171875000e-03
-3.063763678073883057e-01,3.433979797363281250e+01,3.599196672439575195e-03,-2.471923828125000000e-03
-3.027771711349487305e-01,3.433732604980468750e+01,3.880232572555541992e-03,-2.685546875000000000e-03
-2.988969385623931885e-01,3.433464050292968750e+01,3.993034362792968750e-03,-2.876281738281250000e-03
-2.949039041996002197e-01,3.433176422119140625e+01,3.994286060333251953e-03,-2.826690673828125000e-03
-2.909096181392669678e-01,3.432893753051757812e+01,4.460096359252929688e-03,-3.391265869140625000e-03
-2.864495217800140381e-01,3.432554626464843750e+01,4.054695367813110352e-03,-2.571105957031250000e-03
-2.823948264122009277e-01,3.432297515869140625e+01,3.708392381668090820e-03,-2.868652343750000000e-03
-2.786864340305328369e-01,3.432010650634765625e+01,4.120588302612304688e-03,-2.887725830078125000e-03
-2.745658457279205322e-01,3.431721878051757812e+01,4.167348146438598633e-03,-2.895355224609375000e-03
-2.703984975814819336e-01,3.431432342529296875e+01,4.328340291976928711e-03,-2.876281738281250000e-03
-2.660701572895050049e-01,3.431144714355468750e+01,4.902243614196777344e-03,-2.914428710937500000e-03
-2.611679136753082275e-01,3.430853271484375000e+01,4.354357719421386719e-03,-2.910614013671875000e-03
-2.568135559558868408e-01,3.430562210083007812e+01,4.392266273498535156e-03,-3.406524658203125000e-03
-2.524212896823883057e-01,3.430221557617187500e+01,4.301637411117553711e-03,-3.128051757812500000e-03
-2.481196522712707520e-01,3.429908752441406250e+01,3.805458545684814453e-03,-2.662658691406250000e-03
-2.443141937255859375e-01,3.429642486572265625e+01,4.163473844528198242e-03,-3.120422363281250000e-03
-2.401507198810577393e-01,3.429330444335937500e+01,4.312381148338317871e-03,-3.097534179687500000e-03
-2.358383387327194214e-01,3.429020690917968750e+01,4.594877362251281738e-03,-3.185272216796875000e-03
-2.312434613704681396e-01,3.428702163696289062e+01,4.033923149108886719e-03,-2.494812011718750000e-03
-2.272095382213592529e-01,3.428452682495117188e+01,4.890710115432739258e-03,-3.471374511718750000e-03
-2.223188281059265137e-01,3.428105545043945312e+01,4.375889897346496582e-03,-2.979278564453125000e-03
-2.179429382085800171e-01,3.427807617187500000e+01,4.541873931884765625e-03,-2.777099609375000000e-03
-2.134010642766952515e-01,3.427529907226562500e+01,4.576250910758972168e-03,-2.845764160156250000e-03
-2.088248133659362793e-01,3.427245330810546875e+01,4.506781697273254395e-03,-2.799987792968750000e-03
-2.043180316686630249e-01,3.426965332031250000e+01,4.182413220405578613e-03,-2.613067626953125000e-03
-2.001356184482574463e-01,3.426704025268554688e+01,4.696086049079895020e-03,-2.704620361328125000e-03
-1.954395323991775513e-01,3.426433563232421875e+01,4.715815186500549316e-03,-2.746582031250000000e-03
-1.907237172126770020e-01,3.426158905029296875e+01,5.033805966377258301e-03,-3.139495849609375000e-03
-1.856899112462997437e-01,3.425844955444335938e+01,4.291802644729614258e-03,-2.712249755859375000e-03
-1.813981086015701294e-01,3.425573730468750000e+01,4.583641886711120605e-03,-2.906799316406250000e-03
-1.768144667148590088e-01,3.425283050537109375e+01,4.375725984573364258e-03,-2.880096435546875000e-03
-1.724387407302856445e-01,3.424995040893554688e+01,4.519671201705932617e-03,-3.086090087890625000e-03
-1.679190695285797119e-01,3.424686431884765625e+01,4.615321755409240723e-03,-2.868652343750000000e-03
-1.633037477731704712e-01,3.424399566650390625e+01,4.339814186096191406e-03,-2.902984619140625000e-03
-1.589639335870742798e-01,3.424109268188476562e+01,5.193755030632019043e-03,-3.139495849609375000e-03
-1.537701785564422607e-01,3.423795318603515625e+01,4.624813795089721680e-03,-3.013610839843750000e-03
-1.491453647613525391e-01,3.423493957519531250e+01,4.142522811889648438e-03,-2.662658691406250000e-03
-1.450028419494628906e-01,3.423227691650390625e+01,5.236417055130004883e-03,-2.967834472656250000e-03
-1.397664248943328857e-01,3.422930908203125000e+01,4.764914512634277344e-03,-2.906799316406250000e-03
-1.350015103816986084e-01,3.422640228271484375e+01,5.501091480255126953e-03,-3.417968750000000000e-03
-1.295004189014434814e-01,3.422298431396484375e+01,4.485607147216796875e-03,-2.593994140625000000e-03
-1.250148117542266846e-01,3.422039031982421875e+01,4.484653472900390625e-03,-2.471923828125000000e-03
-1.205301582813262939e-01,3.421791839599609375e+01,5.314081907272338867e-03,-2.853393554687500000e-03
-1.152160763740539551e-01,3.421506500244140625e+01,5.255959928035736084e-03,-3.074645996093750000e-03
-1.099601164460182190e-01,3.421199035644531250e+01,5.788363516330718994e-03,-3.356933593750000000e-03
-1.041717529296875000e-01,3.420863342285156250e+01,4.604682326316833496e-03,-2.632141113281250000e-03
-9.956707060337066650e-02,3.420600128173828125e+01,5.581036210060119629e-03,-3.303527832031250000e-03
-9.398603439331054688e-02,3.420269775390625000e+01,5.019269883632659912e-03,-2.807617187500000000e-03
-8.896676450967788696e-02,3.419989013671875000e+01,5.461968481540679932e-03,-3.906250000000000000e-03
-8.350479602813720703e-02,3.419598388671875000e+01,3.885455429553985596e-03,-2.471923828125000000e-03
-7.961934059858322144e-02,3.419351196289062500e+01,4.845932126045227051e-03,-3.574371337890625000e-03
-7.477340847253799438e-02,3.418993759155273438e+01,5.380742251873016357e-03,-3.868103027343750000e-03
-6.939266622066497803e-02,3.418606948852539062e+01,4.639312624931335449e-03,-3.025054931640625000e-03
-6.475335359573364258e-02,3.418304443359375000e+01,5.199164152145385742e-03,-3.509521484375000000e-03
-5.955418944358825684e-02,3.417953491210937500e+01,5.604743957519531250e-03,-3.700256347656250000e-03
-5.394944548606872559e-02,3.417583465576171875e+01,4.728183150291442871e-03,-3.131866455078125000e-03
-4.922126233577728271e-02,3.417270278930664062e+01,5.461789667606353760e-03,-3.452301025390625000e-03
-4.375947266817092896e-02,3.416925048828125000e+01,5.370058119297027588e-03,-3.456115722656250000e-03
-3.838941454887390137e-02,3.416579437255859375e+01,5.491040647029876709e-03,-3.417968750000000000e-03
-3.289837390184402466e-02,3.416237640380859375e+01,6.737899035215377808e-03,-3.654479980468750000e-03
-2.616047486662864685e-02,3.415872192382812500e+01,4.568291828036308289e-03,-3.044128417968750000e-03
-2.159218303859233856e-02,3.415567779541015625e+01,7.005193270742893219e-03,-3.929138183593750000e-03
-1.458698976784944534e-02,3.415174865722656250e+01,5.732245743274688721e-03,-3.509521484375000000e-03
-8.854744024574756622e-03,3.414823913574218750e+01,5.223195999860763550e-03,-3.326416015625000000e-03
-3.631548024713993073e-03,3.414491271972656250e+01,6.390648195520043373e-03,-4.684448242187500000e-03
2.759100170806050301e-03,3.414022827148437500e+01,4.873663419857621193e-03,-3.490447998046875000e-03
7.632763590663671494e-03,3.413673782348632812e+01,5.037871655076742172e-03,-3.612518310546875000e-03
1.267063524574041367e-02,3.413312530517578125e+01,5.704472772777080536e-03,-4.043579101562500000e-03
1.837510801851749420e-02,3.412908172607421875e+01,5.655944347381591797e-03,-4.074096679687500000e-03
2.403105236589908600e-02,3.412500762939453125e+01,5.803162232041358948e-03,-4.287719726562500000e-03
2.983421459794044495e-02,3.412071990966796875e+01,6.937567144632339478e-03,-5.264282226562500000e-03
3.677178174257278442e-02,3.411545562744140625e+01,4.573374986648559570e-03,-3.482818603515625000e-03
4.134515672922134399e-02,3.411197280883789062e+01,5.675245076417922974e-03,-4.337310791015625000e-03
4.702040180563926697e-02,3.410763549804687500e+01,5.899619311094284058e-03,-4.516601562500000000e-03
5.292002111673355103e-02,3.410311889648437500e+01,6.978213787078857422e-03,-5.779266357421875000e-03
5.989823490381240845e-02,3.409733963012695312e+01,4.739508032798767090e-03,-3.974914550781250000e-03
6.463774293661117554e-02,3.409336471557617188e+01,6.006151437759399414e-03,-4.764556884765625000e-03
7.064389437437057495e-02,3.408860015869140625e+01,6.783321499824523926e-03,-5.386352539062500000e-03
7.742721587419509888e-02,3.408321380615234375e+01,5.351163446903228760e-03,-4.470825195312500000e-03
8.277837932109832764e-02,3.407874298095703125e+01,7.167451083660125732e-03,-5.455017089843750000e-03
8.994583040475845337e-02,3.407328796386718750e+01,5.245506763458251953e-03,-5.168914794921875000e-03
9.519133716821670532e-02,3.406811904907226562e+01,5.327820777893066406e-03,-4.474639892578125000e-03
1.005191579461097717e-01,3.406364440917968750e+01,5.570285022258758545e-03,-5.073547363281250000e-03
1.060894429683685303e-01,3.405857086181640625e+01,5.799874663352966309e-03,-5.233764648437500000e-03
1.118893176317214966e-01,3.405333709716796875e+01,6.482757627964019775e-03,-6.183624267578125000e-03
1.183720752596855164e-01,3.404715347290039062e+01,5.273185670375823975e-03,-5.043029785156250000e-03
1.236452609300613403e-01,3.404211044311523438e+01,6.057962775230407715e-03,-5.268096923828125000e-03
1.297032237052917480e-01,3.403684234619140625e+01,5.975365638732910156e-03,-5.409240722656250000e-03
1.356785893440246582e-01,3.403143310546875000e+01,5.953013896942138672e-03,-5.607604980468750000e-03
1.416316032409667969e-01,3.402582550048828125e+01,5.862861871719360352e-03,-5.805969238281250000e-03
1.474944651126861572e-01,3.402001953125000000e+01,6.168007850646972656e-03,-5.401611328125000000e-03
1.536624729633331299e-01,3.401461791992187500e+01,6.272211670875549316e-03,-6.904602050781250000e-03
1.599346846342086792e-01,3.400771331787109375e+01,5.782201886177062988e-03,-6.126403808593750000e-03
1.657168865203857422e-01,3.400158691406250000e+01,5.310565233230590820e-03,-5.516052246093750000e-03
1.710274517536163330e-01,3.399607086181640625e+01,5.061089992523193359e-03,-5.496978759765625000e-03
1.760885417461395264e-01,3.399057388305664062e+01,5.478456616401672363e-03,-6.023406982421875000e-03
1.815669983625411987e-01,3.398455047607421875e+01,5.426481366157531738e-03,-6.118774414062500000e-03
1.869934797286987305e-01,3.397843170166015625e+01,5.450993776321411133e-03,-6.072998046875000000e-03
1.924444735050201416e-01,3.397235870361328125e+01,5.873441696166992188e-03,-6.530761718750000000e-03
1.983179152011871338e-01,3.396582794189453125e+01,4.757374525070190430e-03,-5.348205566406250000e-03
2.030752897262573242e-01,3.396047973632812500e+01,5.947649478912353516e-03,-7.049560546875000000e-03
2.090229392051696777e-01,3.395343017578125000e+01,5.444169044494628906e-03,-5.840301513671875000e-03
2.144671082496643066e-01,3.394758987426757812e+01,4.775971174240112305e-03,-6.221771240234375000e-03
2.192430794239044189e-01,3.394136810302734375e+01,5.326420068740844727e-03,-6.668090820312500000e-03
2.245694994926452637e-01,3.393470001220703125e+01,4.969552159309387207e-03,-6.561279296875000000e-03
2.295390516519546509e-01,3.392813873291015625e+01,4.912257194519042969e-03,-6.435394287109375000e-03
2.344513088464736938e-01,3.392170333862304688e+01,5.550175905227661133e-03,-6.370544433593750000e-03
2.400014847517013550e-01,3.391533279418945312e+01,4.824191331863403320e-03,-7.331848144531250000e-03
2.448256760835647583e-01,3.390800094604492188e+01,4.955708980560302734e-03,-6.488800048828125000e-03
2.497813850641250610e-01,3.390151214599609375e+01,4.403069615364074707e-03,-5.779266357421875000e-03
2.541844546794891357e-01,3.389573287963867188e+01,5.301982164382934570e-03,-7.129669189453125000e-03
2.594864368438720703e-01,3.388860321044921875e+01,4.513263702392578125e-03,-5.931854248046875000e-03
2.639997005462646484e-01,3.388267135620117188e+01,5.197346210479736328e-03,-6.542205810546875000e-03
2.691970467567443848e-01,3.387612915039062500e+01,4.745960235595703125e-03,-6.454467773437500000e-03
2.739430069923400879e-01,3.386967468261718750e+01,4.178524017333984375e-03,-6.862640380859375000e-03
2.781215310096740723e-01,3.386281204223632812e+01,4.479378461837768555e-03,-6.778717041015625000e-03
2.826009094715118408e-01,3.385603332519531250e+01,4.946649074554443359e-03,-6.599426269531250000e-03
2.875475585460662842e-01,3.384943389892578125e+01,3.945112228393554688e-03,-6.851196289062500000e-03
2.914926707744598389e-01,3.384258270263671875e+01,4.501253366470336914e-03,-6.809234619140625000e-03
2.959939241409301758e-01,3.383577346801757812e+01,4.534691572189331055e-03,-6.488800048828125000e-03
3.005286157131195068e-01,3.382928466796875000e+01,4.562705755233764648e-03,-6.557464599609375000e-03
3.050913214683532715e-01,3.382272720336914062e+01,4.713118076324462891e-03,-6.603240966796875000e-03
3.098044395446777344e-01,3.381612396240234375e+01,5.199164152145385742e-03,-7.236480712890625000e-03
3.150036036968231201e-01,3.380888748168945312e+01,4.777878522872924805e-03,-6.427764892578125000e-03
3.197814822196960449e-01,3.380245971679687500e+01,4.127055406570434570e-03,-5.874633789062500000e-03
3.239085376262664795e-01,3.379658508300781250e+01,5.113571882247924805e-03,-7.484436035156250000e-03
3.290221095085144043e-01,3.378910064697265625e+01,4.001945257186889648e-03,-5.840301513671875000e-03
3.330240547657012939e-01,3.378326034545898438e+01,4.871159791946411133e-03,-6.469726562500000000e-03
3.378952145576477051e-01,3.377679061889648438e+01,4.264414310455322266e-03,-6.855010986328125000e-03
3.421596288681030273e-01,3.376993560791015625e+01,4.273027181625366211e-03,-7.453918457031250000e-03
3.464326560497283936e-01,3.376248168945312500e+01,3.911554813385009766e-03,-6.072998046875000000e-03
3.503442108631134033e-01,3.375640869140625000e+01,4.374682903289794922e-03,-6.881713867187500000e-03
3.547188937664031982e-01,3.374952697753906250e+01,4.936873912811279297e-03,-6.961822509765625000e-03
3.596557676792144775e-01,3.374256515502929688e+01,4.608958959579467773e-03,-6.603240966796875000e-03
3.642647266387939453e-01,3.373596191406250000e+01,4.624634981155395508e-03,-7.064819335937500000e-03
3.688893616199493408e-01,3.372889709472656250e+01,4.352033138275146484e-03,-6.099700927734375000e-03
3.732413947582244873e-01,3.372279739379882812e+01,4.746973514556884766e-03,-6.748199462890625000e-03
3.779883682727813721e-01,3.371604919433593750e+01,4.890978336334228516e-03,-6.576538085937500000e-03
3.828793466091156006e-01,3.370947265625000000e+01,5.011588335037231445e-03,-6.919860839843750000e-03
3.878909349441528320e-01,3.370255279541015625e+01,5.823761224746704102e-03,-7.385253906250000000e-03
3.937146961688995361e-01,3.369516754150390625e+01,4.237413406372070312e-03,-6.050109863281250000e-03
3.979521095752716064e-01,3.368911743164062500e+01,5.159616470336914062e-03,-6.858825683593750000e-03
4.031117260456085205e-01,3.368225860595703125e+01,5.127280950546264648e-03,-7.171630859375000000e-03
4.082390069961547852e-01,3.367508697509765625e+01,5.044490098953247070e-03,-6.988525390625000000e-03
4.132834970951080322e-01,3.366809844970703125e+01,5.017429590225219727e-03,-7.064819335937500000e-03
4.183009266853332520e-01,3.366103363037109375e+01,5.028069019317626953e-03,-7.331848144531250000e-03
4.233289957046508789e-01,3.365370178222656250e+01,5.079388618469238281e-03,-7.034301757812500000e-03
4.284083843231201172e-01,3.364666748046875000e+01,5.301952362060546875e-03,-7.690429687500000000e-03
4.337103366851806641e-01,3.363897705078125000e+01,5.028396844863891602e-03,-7.217407226562500000e-03
4.387387335300445557e-01,3.363175964355468750e+01,5.079776048660278320e-03,-7.522583007812500000e-03
4.438185095787048340e-01,3.362423706054687500e+01,4.593968391418457031e-03,-6.614685058593750000e-03
4.484124779701232910e-01,3.361762237548828125e+01,5.328625440597534180e-03,-7.560729980468750000e-03
4.537411034107208252e-01,3.361006164550781250e+01,5.282402038574218750e-03,-7.728576660156250000e-03
4.590235054492950439e-01,3.360233306884765625e+01,5.288064479827880859e-03,-7.427215576171875000e-03
4.643115699291229248e-01,3.359490585327148438e+01,5.305230617523193359e-03,-7.579803466796875000e-03
4.696168005466461182e-01,3.358732604980468750e+01,6.337523460388183594e-03,-8.571624755859375000e-03
4.759543240070343018e-01,3.357875442504882812e+01,4.128873348236083984e-03,-6.969451904296875000e-03
4.800831973552703857e-01,3.357178497314453125e+01,5.777984857559204102e-03,-7.720947265625000000e-03
4.858611822128295898e-01,3.356406402587890625e+01,5.251020193099975586e-03,-8.995056152343750000e-03
4.911122024059295654e-01,3.355506896972656250e+01,5.364239215850830078e-03,-7.667541503906250000e-03
4.964764416217803955e-01,3.354740142822265625e+01,5.382269620895385742e-03,-7.835388183593750000e-03
5.018587112426757812e-01,3.353956604003906250e+01,5.253612995147705078e-03,-8.380889892578125000e-03
5.071123242378234863e-01,3.353118515014648438e+01,4.846751689910888672e-03,-7.335662841796875000e-03
5.119590759277343750e-01,3.352384948730468750e+01,5.299866199493408203e-03,-8.331298828125000000e-03
5.172589421272277832e-01,3.351551818847656250e+01,5.220353603363037109e-03,-8.590698242187500000e-03
5.224792957305908203e-01,3.350692749023437500e+01,5.230009555816650391e-03,-8.304595947265625000e-03
5.277093052864074707e-01,3.349862289428710938e+01,5.802929401397705078e-03,-9.494781494140625000e-03
5.335122346878051758e-01,3.348912811279296875e+01,4.953682422637939453e-03,-7.778167724609375000e-03
5.384659171104431152e-01,3.348134994506835938e+01,6.059885025024414062e-03,-9.433746337890625000e-03
5.445258021354675293e-01,3.347191619873046875e+01,5.818963050842285156e-03,-8.941650390625000000e-03
5.503447651863098145e-01,3.346297454833984375e+01,5.775272846221923828e-03,-8.987426757812500000e-03
5.561200380325317383e-01,3.345398712158203125e+01,5.192995071411132812e-03,-8.193969726562500000e-03
5.613130331039428711e-01,3.344579315185546875e+01,5.874752998352050781e-03,-9.315490722656250000e-03
5.671877861022949219e-01,3.343647766113281250e+01,5.700826644897460938e-03,-9.593963623046875000e-03
5.728886127471923828e-01,3.342688369750976562e+01,6.247639656066894531e-03,-1.081466674804687500e-02
5.791362524032592773e-01,3.341606903076171875e+01,5.003929138183593750e-03,-8.735656738281250000e-03
5.841401815414428711e-01,3.340733337402343750e+01,5.774199962615966797e-03,-9.891510009765625000e-03
5.899143815040588379e-01,3.339744186401367188e+01,5.650699138641357422e-03,-1.012039184570312500e-02
5.955650806427001953e-01,3.338732147216796875e+01,6.104648113250732422e-03,-1.118850708007812500e-02
6.016697287559509277e-01,3.337613296508789062e+01,5.178153514862060547e-03,-9.510040283203125000e-03
6.068478822708129883e-01,3.336662292480468750e+01,5.667507648468017578e-03,-1.085662841796875000e-02
6.125153899192810059e-01,3.335576629638671875e+01,6.650626659393310547e-03,-1.193237304687500000e-02
6.191660165786743164e-01,3.334383392333984375e+01,5.157291889190673828e-03,-1.117706298828125000e-02
6.243233084678649902e-01,3.333265686035156250e+01,4.912495613098144531e-03,-1.007461547851562500e-02
6.292358040809631348e-01,3.332258224487304688e+01,5.890369415283203125e-03,-1.141738891601562500e-02
6.351261734962463379e-01,3.331116485595703125e+01,5.860865116119384766e-03,-1.154327392578125000e-02
6.409870386123657227e-01,3.329962158203125000e+01,6.970643997192382812e-03,-1.425552368164062500e-02
6.479576826095581055e-01,3.328536605834960938e+01,4.642784595489501953e-03,-9.738922119140625000e-03
6.526004672050476074e-01,3.327562713623046875e+01,5.758523941040039062e-03,-1.245117187500000000e-02
6.583589911460876465e-01,3.326317596435546875e+01,5.769908428192138672e-03,-1.280212402343750000e-02
6.641288995742797852e-01,3.325037384033203125e+01,5.602300167083740234e-03,-1.268005371093750000e-02
6.697311997413635254e-01,3.323769378662109375e+01,5.490362644195556641e-03,-1.294708251953125000e-02
6.752215623855590820e-01,3.322474670410156250e+01,6.609320640563964844e-03,-1.527404785156250000e-02
6.818308830261230469e-01,3.320947265625000000e+01,4.574656486511230469e-03,-1.042175292968750000e-02
6.864055395126342773e-01,3.319905090332031250e+01,6.112813949584960938e-03,-1.481628417968750000e-02
6.925183534622192383e-01,3.318423461914062500e+01,5.074918270111083984e-03,-1.224517822265625000e-02
6.975932717323303223e-01,3.317198944091796875e+01,5.867838859558105469e-03,-1.349639892578125000e-02
7.034611105918884277e-01,3.315849304199218750e+01,6.216228008270263672e-03,-1.528930664062500000e-02
7.096773386001586914e-01,3.314320373535156250e+01,5.694985389709472656e-03,-1.371002197265625000e-02
7.153723239898681641e-01,3.312949371337890625e+01,5.638480186462402344e-03,-1.384353637695312500e-02
7.210108041763305664e-01,3.311565017700195312e+01,5.167365074157714844e-03,-1.287841796875000000e-02
7.261781692504882812e-01,3.310277175903320312e+01,5.669891834259033203e-03,-1.460647583007812500e-02
7.318480610847473145e-01,3.308816528320312500e+01,6.723225116729736328e-03,-1.464843750000000000e-02
7.385712862014770508e-01,3.307351684570312500e+01,5.369305610656738281e-03,-1.487731933593750000e-02
7.439405918121337891e-01,3.305863952636718750e+01,6.564021110534667969e-03,-1.622772216796875000e-02
7.505046129226684570e-01,3.304241180419921875e+01,5.604028701782226562e-03,-1.491546630859375000e-02
7.561086416244506836e-01,3.302749633789062500e+01,5.141496658325195312e-03,-1.350402832031250000e-02
7.612501382827758789e-01,3.301399230957031250e+01,5.453884601593017578e-03,-1.551055908203125000e-02
7.667040228843688965e-01,3.299848175048828125e+01,5.433261394500732422e-03,-1.556396484375000000e-02
7.721372842788696289e-01,3.298291778564453125e+01,6.613075733184814453e-03,-1.859283447265625000e-02
7.787503600120544434e-01,3.296432495117187500e+01,5.007326602935791016e-03,-1.370620727539062500e-02
7.837576866149902344e-01,3.295061874389648438e+01,4.986047744750976562e-03,-1.428604125976562500e-02
7.887437343597412109e-01,3.293633270263671875e+01,5.636453628540039062e-03,-1.599884033203125000e-02
7.943801879882812500e-01,3.292033386230468750e+01,5.567431449890136719e-03,-1.628494262695312500e-02
7.999476194381713867e-01,3.290404891967773438e+01,6.111443042755126953e-03,-1.764297485351562500e-02
8.060590624809265137e-01,3.288640594482421875e+01,4.847407341003417969e-03,-1.407241821289062500e-02
8.109064698219299316e-01,3.287233352661132812e+01,5.678594112396240234e-03,-1.754379272460937500e-02
8.165850639343261719e-01,3.285478973388671875e+01,4.770874977111816406e-03,-1.490783691406250000e-02
8.213559389114379883e-01,3.283988189697265625e+01,5.813002586364746094e-03,-1.663589477539062500e-02
8.271689414978027344e-01,3.282324600219726562e+01,5.238056182861328125e-03,-1.832199096679687500e-02
8.324069976806640625e-01,3.280492401123046875e+01,5.728542804718017578e-03,-1.834869384765625000e-02
8.381355404853820801e-01,3.278657531738281250e+01,5.072116851806640625e-03,-1.659774780273437500e-02
8.432076573371887207e-01,3.276997756958007812e+01,3.965675830841064453e-03,-1.371383666992187500e-02
8.471733331680297852e-01,3.275626373291015625e+01,5.534052848815917969e-03,-1.757812500000000000e-02
8.527073860168457031e-01,3.273868560791015625e+01,5.483150482177734375e-03,-2.093505859375000000e-02
8.581905364990234375e-01,3.271775054931640625e+01,3.830373287200927734e-03,-1.405715942382812500e-02
8.620209097862243652e-01,3.270369338989257812e+01,4.830062389373779297e-03,-1.727676391601562500e-02
8.668509721755981445e-01,3.268641662597656250e+01,5.407035350799560547e-03,-1.997375488281250000e-02
8.722580075263977051e-01,3.266644287109375000e+01,5.040287971496582031e-03,-1.657104492187500000e-02
8.772982954978942871e-01,3.264987182617187500e+01,4.534900188446044922e-03,-1.825714111328125000e-02
8.818331956863403320e-01,3.263161468505859375e+01,5.058228969573974609e-03,-1.804351806640625000e-02
8.868914246559143066e-01,3.261357116699218750e+01,4.921853542327880859e-03,-1.894378662109375000e-02
8.918132781982421875e-01,3.259462738037109375e+01,5.622208118438720703e-03,-2.140045166015625000e-02
8.974354863166809082e-01,3.257322692871093750e+01,4.217267036437988281e-03,-1.811981201171875000e-02
9.016527533531188965e-01,3.255510711669921875e+01,4.781246185302734375e-03,-2.195739746093750000e-02
9.064339995384216309e-01,3.253314971923828125e+01,4.185438156127929688e-03,-1.802825927734375000e-02
9.106194376945495605e-01,3.251512145996093750e+01,4.530251026153564453e-03,-2.019500732421875000e-02
9.151496887207031250e-01,3.249492645263671875e+01,5.156576633453369141e-03,-2.079010009765625000e-02
9.203062653541564941e-01,3.247413635253906250e+01,4.919409751892089844e-03,-2.268218994140625000e-02
9.252256751060485840e-01,3.245145416259765625e+01,4.351913928985595703e-03,-1.848602294921875000e-02
9.295775890350341797e-01,3.243296813964843750e+01,5.165994167327880859e-03,-2.132415771484375000e-02
9.347435832023620605e-01,3.241164398193359375e+01,5.001246929168701172e-03,-2.188110351562500000e-02
9.397448301315307617e-01,3.238976287841796875e+01,5.321085453033447266e-03,-2.175140380859375000e-02
9.450659155845642090e-01,3.236801147460937500e+01,4.438340663909912109e-03,-2.149200439453125000e-02
9.495042562484741211e-01,3.234651947021484375e+01,4.472017288208007812e-03,-2.440643310546875000e-02
9.539762735366821289e-01,3.232211303710937500e+01,4.353284835815429688e-03,-2.255249023437500000e-02
9.583295583724975586e-01,3.229956054687500000e+01,3.560960292816162109e-03,-2.003479003906250000e-02
9.618905186653137207e-01,3.227952575683593750e+01,3.638744354248046875e-03,-2.227020263671875000e-02
9.655292630195617676e-01,3.225725555419921875e+01,4.159092903137207031e-03,-2.313232421875000000e-02
9.696883559226989746e-01,3.223412322998046875e+01,3.770112991333007812e-03,-2.368164062500000000e-02
9.734584689140319824e-01,3.221044158935546875e+01,3.858983516693115234e-03,-2.293395996093750000e-02
9.773174524307250977e-01,3.218750762939453125e+01,3.377079963684082031e-03,-2.560806274414062500e-02
9.806945323944091797e-01,3.216189956665039062e+01,3.640532493591308594e-03,-2.594375610351562500e-02
9.843350648880004883e-01,3.213595581054687500e+01,2.434551715850830078e-03,-1.860046386718750000e-02
9.867696166038513184e-01,3.211735534667968750e+01,2.670764923095703125e-03,-2.257156372070312500e-02
9.894403815269470215e-01,3.209478378295898438e+01,2.658784389495849609e-03,-2.311706542968750000e-02
9.920991659164428711e-01,3.207166671752929688e+01,2.861976623535156250e-03,-2.310943603515625000e-02
9.949611425399780273e-01,3.204855728149414062e+01,1.953005790710449219e-03,-2.505493164062500000e-02
9.969141483306884766e-01,3.202350234985351562e+01,2.055466175079345703e-03,-2.372932434082031250e-02
9.989696145057678223e-01,3.199977302551269531e+01,1.377522945404052734e-03,-1.777267456054687500e-02
1.000347137451171875e+00,3.198200035095214844e+01,1.489400863647460938e-03,-2.184295654296875000e-02
1.001836538314819336e+00,3.196015739440917969e+01,1.419425010681152344e-03,-2.114868164062500000e-02
1.003255963325500488e+00,3.193900871276855469e+01,1.231789588928222656e-03,-2.316284179687500000e-02
1.004487752914428711e+00,3.191584587097167969e+01,9.341239929199218750e-04,-1.999855041503906250e-02
1.005421876907348633e+00,3.189584732055664062e+01,1.038312911987304688e-03,-2.236557006835937500e-02
1.006460189819335938e+00,3.187348175048828125e+01,1.096010208129882812e-03,-2.161216735839843750e-02
1.007556200027465820e+00,3.185186958312988281e+01,1.018643379211425781e-03,-2.220916748046875000e-02
1.008574843406677246e+00,3.182966041564941406e+01,1.118421554565429688e-03,-2.436828613281250000e-02
1.009693264961242676e+00,3.180529212951660156e+01,9.922981262207031250e-04,-2.179908752441406250e-02
1.010685563087463379e+00,3.178349304199218750e+01,8.232593536376953125e-04,-2.293777465820312500e-02
1.011508822441101074e+00,3.176055526733398438e+01,6.226301193237304688e-04,-1.754951477050781250e-02
1.012131452560424805e+00,3.174300575256347656e+01,9.571313858032226562e-04,-2.193641662597656250e-02
1.013088583946228027e+00,3.172106933593750000e+01,6.872415542602539062e-04,-2.169990539550781250e-02
1.013775825500488281e+00,3.169936943054199219e+01,6.434917449951171875e-04,-2.123069763183593750e-02
1.014419317245483398e+00,3.167813873291015625e+01,1.067638397216796875e-03,-2.584457397460937500e-02
1.015486955642700195e+00,3.165229415893554688e+01,8.103847503662109375e-04,-1.897239685058593750e-02
1.016297340393066406e+00,3.163332176208496094e+01,6.344318389892578125e-04,-1.991271972656250000e-02
1.016931772232055664e+00,3.161340904235839844e+01,3.416538238525390625e-04,-1.730537414550781250e-02
1.017273426055908203e+00,3.159610366821289062e+01,3.811120986938476562e-04,-2.094078063964843750e-02
1.017654538154602051e+00,3.157516288757324219e+01,3.647804260253906250e-04,-1.707077026367187500e-02
1.018019318580627441e+00,3.155809211730957031e+01,1.807212829589843750e-04,-1.993179321289062500e-02
1.018200039863586426e+00,3.153816032409667969e+01,-2.372264862060546875e-05,-1.527404785156250000e-02
1.018176317214965820e+00,3.152288627624511719e+01,-1.231431961059570312e-04,-1.668739318847656250e-02
1.018053174018859863e+00,3.150619888305664062e+01,-4.351139068603515625e-05,-1.622200012207031250e-02
1.018009662628173828e+00,3.148997688293457031e+01,-2.750158309936523438e-04,-1.882362365722656250e-02
1.017734646797180176e+00,3.147115325927734375e+01,-5.564689636230468750e-04,-1.333618164062500000e-02
1.017178177833557129e+00,3.145781707763671875e+01,-8.313655853271484375e-04,-1.231002807617187500e-02
1.016346812248229980e+00,3.144550704956054688e+01,-1.063346862792968750e-03,-1.310348510742187500e-02
1.015283465385437012e+00,3.143240356445312500e+01,-1.017928123474121094e-03,-1.267433166503906250e-02
1.014265537261962891e+00,3.141972923278808594e+01,-9.413957595825195312e-04,-1.228904724121093750e-02
1.013324141502380371e+00,3.140744018554687500e+01,-1.060128211975097656e-03,-1.195144653320312500e-02
1.012264013290405273e+00,3.139548873901367188e+01,-1.037836074829101562e-03,-1.129531860351562500e-02
1.011226177215576172e+00,3.138419342041015625e+01,-1.173853874206542969e-03,-1.062202453613281250e-02
1.010052323341369629e+00,3.137357139587402344e+01,-1.381754875183105469e-03,-9.696960449218750000e-03
1.008670568466186523e+00,3.136387443542480469e+01,-1.389503479003906250e-03,-9.645462036132812500e-03
1.007281064987182617e+00,3.135422897338867188e+01,-1.561999320983886719e-03,-1.022148132324218750e-02
1.005719065666198730e+00,3.134400749206542969e+01,-1.423597335815429688e-03,-7.915496826171875000e-03
1.004295468330383301e+00,3.133609199523925781e+01,-1.707911491394042969e-03,-9.613037109375000000e-03
1.002587556838989258e+00,3.132647895812988281e+01,-1.531481742858886719e-03,-7.160186767578125000e-03
1.001056075096130371e+00,3.131931877136230469e+01,-1.330733299255371094e-03,-8.260726928710937500e-03
9.997253417968750000e-01,3.131105804443359375e+01,-1.719951629638671875e-03,-7.434844970703125000e-03
9.980053901672363281e-01,3.130362319946289062e+01,-1.533448696136474609e-03,-6.902694702148437500e-03
9.964719414710998535e-01,3.129672050476074219e+01,-1.821160316467285156e-03,-7.902145385742187500e-03
9.946507811546325684e-01,3.128881835937500000e+01,-1.552522182464599609e-03,-6.589889526367187500e-03
9.930982589721679688e-01,3.128222846984863281e+01,-1.786649227142333984e-03,-7.129669189453125000e-03
9.913116097450256348e-01,3.127509880065917969e+01,-1.278817653656005859e-03,-6.265640258789062500e-03
9.900327920913696289e-01,3.126883316040039062e+01,-1.560449600219726562e-03,-5.910873413085937500e-03
9.884723424911499023e-01,3.126292228698730469e+01,-1.882731914520263672e-03,-6.591796875000000000e-03
9.865896105766296387e-01,3.125633049011230469e+01,-1.608550548553466797e-03,-6.401062011718750000e-03
9.849810600280761719e-01,3.124992942810058594e+01,-1.708209514617919922e-03,-6.929397583007812500e-03
9.832728505134582520e-01,3.124300003051757812e+01,-1.334488391876220703e-03,-4.764556884765625000e-03
9.819383621215820312e-01,3.123823547363281250e+01,-1.748323440551757812e-03,-6.479263305664062500e-03
9.801900386810302734e-01,3.123175621032714844e+01,-1.355648040771484375e-03,-5.353927612304687500e-03
9.788343906402587891e-01,3.122640228271484375e+01,-1.685023307800292969e-03,-6.402969360351562500e-03
9.771493673324584961e-01,3.121999931335449219e+01,-1.547276973724365234e-03,-5.268096923828125000e-03
9.756020903587341309e-01,3.121473121643066406e+01,-1.472592353820800781e-03,-4.688262939453125000e-03
9.741294980049133301e-01,3.121004295349121094e+01,-1.320362091064453125e-03,-5.163192749023437500e-03
9.728091359138488770e-01,3.120487976074218750e+01,-1.126348972320556641e-03,-4.697799682617187500e-03
9.716827869415283203e-01,3.120018196105957031e+01,-1.372516155242919922e-03,-5.056381225585937500e-03
9.703102707862854004e-01,3.119512557983398438e+01,-1.332402229309082031e-03,-4.606246948242187500e-03
9.689778685569763184e-01,3.119051933288574219e+01,-1.412630081176757812e-03,-5.640029907226562500e-03
9.675652384757995605e-01,3.118487930297851562e+01,-1.246273517608642578e-03,-5.325317382812500000e-03
9.663189649581909180e-01,3.117955398559570312e+01,-1.208722591400146484e-03,-4.446029663085937500e-03
9.651102423667907715e-01,3.117510795593261719e+01,-1.378715038299560547e-03,-4.848480224609375000e-03
9.637315273284912109e-01,3.117025947570800781e+01,-1.311659812927246094e-03,-4.570007324218750000e-03
9.624198675155639648e-01,3.116568946838378906e+01,-1.345932483673095703e-03,-4.907608032226562500e-03
9.610739350318908691e-01,3.116078186035156250e+01,-1.310169696807861328e-03,-5.373001098632812500e-03
9.597637653350830078e-01,3.115540885925292969e+01,-1.050949096679687500e-03,-4.364013671875000000e-03
9.587128162384033203e-01,3.115104484558105469e+01,-1.215040683746337891e-03,-4.787445068359375000e-03
9.574977755546569824e-01,3.114625740051269531e+01,-1.031041145324707031e-03,-4.350662231445312500e-03
9.564667344093322754e-01,3.114190673828125000e+01,-8.853673934936523438e-04,-5.062103271484375000e-03
9.555813670158386230e-01,3.113684463500976562e+01,-7.089972496032714844e-04,-5.098342895507812500e-03
9.548723697662353516e-01,3.113174629211425781e+01,-7.965564727783203125e-04,-4.369735717773437500e-03
9.540758132934570312e-01,3.112737655639648438e+01,-8.098483085632324219e-04,-4.669189453125000000e-03
9.532659649848937988e-01,3.112270736694335938e+01,-1.020193099975585938e-03,-5.380630493164062500e-03
9.522457718849182129e-01,3.111732673645019531e+01,-7.092356681823730469e-04,-6.120681762695312500e-03
9.515365362167358398e-01,3.111120605468750000e+01,-5.835890769958496094e-04,-4.884719848632812500e-03
9.509529471397399902e-01,3.110632133483886719e+01,-6.848573684692382812e-04,-5.002975463867187500e-03
9.502680897712707520e-01,3.110131835937500000e+01,-7.396936416625976562e-04,-5.687713623046875000e-03
9.495283961296081543e-01,3.109563064575195312e+01,-6.675124168395996094e-04,-6.994247436523437500e-03
9.488608837127685547e-01,3.108863639831542969e+01,-5.049109458923339844e-04,-5.855560302734375000e-03
9.483559727668762207e-01,3.108278083801269531e+01,-6.318688392639160156e-04,-6.793975830078125000e-03
9.477241039276123047e-01,3.107598686218261719e+01,-7.379055023193359375e-04,-6.940841674804687500e-03
9.469861984252929688e-01,3.106904602050781250e+01,-4.218220710754394531e-04,-5.775451660156250000e-03
9.465643763542175293e-01,3.106327056884765625e+01,-5.592107772827148438e-04,-5.855560302734375000e-03
9.460051655769348145e-01,3.105741500854492188e+01,-6.715059280395507812e-04,-5.784988403320312500e-03
9.453336596488952637e-01,3.105163002014160156e+01,-6.591677665710449219e-04,-6.423950195312500000e-03
9.446744918823242188e-01,3.104520606994628906e+01,-6.555914878845214844e-04,-6.095886230468750000e-03
9.440189003944396973e-01,3.103911018371582031e+01,-7.008314132690429688e-04,-4.840850830078125000e-03
9.433180689811706543e-01,3.103426933288574219e+01,-7.990598678588867188e-04,-5.287170410156250000e-03
9.425190091133117676e-01,3.102898216247558594e+01,-7.781386375427246094e-04,-5.714416503906250000e-03
9.417408704757690430e-01,3.102326774597167969e+01,-5.466938018798828125e-04,-4.417419433593750000e-03
9.411941766738891602e-01,3.101885032653808594e+01,-6.386637687683105469e-04,-5.109786987304687500e-03
9.405555129051208496e-01,3.101374053955078125e+01,-7.125735282897949219e-04,-3.833770751953125000e-03
9.398429393768310547e-01,3.100990676879882812e+01,-4.881620407104492188e-04,-4.364013671875000000e-03
9.393547773361206055e-01,3.100554275512695312e+01,-5.090832710266113281e-04,-4.371643066406250000e-03
9.388456940650939941e-01,3.100117111206054688e+01,-4.817843437194824219e-04,-5.006790161132812500e-03
9.383639097213745117e-01,3.099616432189941406e+01,-4.793405532836914062e-04,-5.075454711914062500e-03
9.378845691680908203e-01,3.099108886718750000e+01,-3.429055213928222656e-04,-5.023956298828125000e-03
9.375416636466979980e-01,3.098606491088867188e+01,-5.535483360290527344e-04,-5.167007446289062500e-03
9.369881153106689453e-01,3.098089790344238281e+01,-4.143118858337402344e-04,-6.320953369140625000e-03
9.365738034248352051e-01,3.097457695007324219e+01,-2.558231353759765625e-04,-4.964828491210937500e-03
9.363179802894592285e-01,3.096961212158203125e+01,-6.760954856872558594e-04,-5.346298217773437500e-03
9.356418848037719727e-01,3.096426582336425781e+01,-7.247328758239746094e-04,-4.835128784179687500e-03
9.349171519279479980e-01,3.095943069458007812e+01,-7.179975509643554688e-04,-5.369186401367187500e-03
9.341991543769836426e-01,3.095406150817871094e+01,-7.576346397399902344e-04,-6.134033203125000000e-03
9.334415197372436523e-01,3.094792747497558594e+01,-8.069276809692382812e-04,-5.109786987304687500e-03
9.326345920562744141e-01,3.094281768798828125e+01,-7.152557373046875000e-04,-4.482269287109375000e-03
9.319193363189697266e-01,3.093833541870117188e+01,-8.161067962646484375e-04,-5.373001098632812500e-03
9.311032295227050781e-01,3.093296241760253906e+01,-8.880496025085449219e-04,-5.390167236328125000e-03
9.302151799201965332e-01,3.092757225036621094e+01,-7.325410842895507812e-04,-5.212783813476562500e-03
9.294826388359069824e-01,3.092235946655273438e+01,-7.922649383544921875e-04,-5.327224731445312500e-03
9.286903738975524902e-01,3.091703224182128906e+01,-7.246136665344238281e-04,-5.735397338867187500e-03
9.279657602310180664e-01,3.091129684448242188e+01,-6.583333015441894531e-04,-6.462097167968750000e-03
9.273074269294738770e-01,3.090483474731445312e+01,-5.166530609130859375e-04,-6.908416748046875000e-03
9.267907738685607910e-01,3.089792633056640625e+01,-6.510019302368164062e-04,-7.572174072265625000e-03
9.261397719383239746e-01,3.089035415649414062e+01,-3.730058670043945312e-04,-6.383895874023437500e-03
9.257667660713195801e-01,3.088397026062011719e+01,-3.805160522460937500e-04,-7.488250732421875000e-03
9.253862500190734863e-01,3.087648200988769531e+01,-4.434585571289062500e-04,-7.516860961914062500e-03
9.249427914619445801e-01,3.086896514892578125e+01,-5.290508270263671875e-04,-6.666183471679687500e-03
9.244137406349182129e-01,3.086229896545410156e+01,-3.544092178344726562e-04,-7.287979125976562500e-03
9.240593314170837402e-01,3.085501098632812500e+01,-4.494786262512207031e-04,-8.192062377929687500e-03
9.236098527908325195e-01,3.084681892395019531e+01,-3.421306610107421875e-04,-6.769180297851562500e-03
9.232677221298217773e-01,3.084004974365234375e+01,-4.184842109680175781e-04,-7.635116577148437500e-03
9.228492379188537598e-01,3.083241462707519531e+01,-4.642605781555175781e-04,-7.221221923828125000e-03
9.223849773406982422e-01,3.082519340515136719e+01,-3.268122673034667969e-04,-6.753921508789062500e-03
9.220581650733947754e-01,3.081843948364257812e+01,-3.426671028137207031e-04,-7.011413574218750000e-03
9.217154979705810547e-01,3.081142807006835938e+01,-2.205371856689453125e-04,-7.080078125000000000e-03
9.214949607849121094e-01,3.080434799194335938e+01,-2.219080924987792969e-04,-7.251739501953125000e-03
9.212730526924133301e-01,3.079709625244140625e+01,-2.614855766296386719e-04,-6.237030029296875000e-03
9.210115671157836914e-01,3.079085922241210938e+01,1.943111419677734375e-05,-6.530761718750000000e-03
9.210309982299804688e-01,3.078432846069335938e+01,-2.020597457885742188e-04,-6.967544555664062500e-03
9.208289384841918945e-01,3.077736091613769531e+01,-6.794929504394531250e-06,-5.592346191406250000e-03
9.208221435546875000e-01,3.077176856994628906e+01,3.576278686523437500e-06,-6.132125854492187500e-03
9.208257198333740234e-01,3.076563644409179688e+01,9.238719940185546875e-05,-7.085800170898437500e-03
9.209181070327758789e-01,3.075855064392089844e+01,-8.624792098999023438e-05,-4.871368408203125000e-03
9.208318591117858887e-01,3.075367927551269531e+01,1.378655433654785156e-04,-5.300521850585937500e-03
9.209697246551513672e-01,3.074837875366210938e+01,1.086592674255371094e-04,-5.764007568359375000e-03
9.210783839225769043e-01,3.074261474609375000e+01,3.420114517211914062e-04,-5.155563354492187500e-03
9.214203953742980957e-01,3.073745918273925781e+01,1.945495605468750000e-04,-5.651473999023437500e-03
9.216149449348449707e-01,3.073180770874023438e+01,2.422332763671875000e-04,-4.486083984375000000e-03
9.218571782112121582e-01,3.072732162475585938e+01,1.435279846191406250e-04,-5.582809448242187500e-03
9.220007061958312988e-01,3.072173881530761719e+01,2.709031105041503906e-04,-5.500793457031250000e-03
9.222716093063354492e-01,3.071623802185058594e+01,1.688003540039062500e-04,-5.046844482421875000e-03
9.224404096603393555e-01,3.071119117736816406e+01,1.677870750427246094e-04,-5.840301513671875000e-03
9.226081967353820801e-01,3.070535087585449219e+01,5.609989166259765625e-04,-5.590438842773437500e-03
9.231691956520080566e-01,3.069976043701171875e+01,5.081892013549804688e-04,-5.138397216796875000e-03
9.236773848533630371e-01,3.069462203979492188e+01,6.347894668579101562e-04,-5.584716796875000000e-03
9.243121743202209473e-01,3.068903732299804688e+01,7.099509239196777344e-04,-5.363464355468750000e-03
9.250221252441406250e-01,3.068367385864257812e+01,7.988810539245605469e-04,-5.247116088867187500e-03
9.258210062980651855e-01,3.067842674255371094e+01,8.659958839416503906e-04,-5.374908447265625000e-03
9.266870021820068359e-01,3.067305183410644531e+01,1.184701919555664062e-03,-6.456375122070312500e-03
9.278717041015625000e-01,3.066659545898437500e+01,1.144528388977050781e-03,-6.237030029296875000e-03
9.290162324905395508e-01,3.066035842895507812e+01,1.230478286743164062e-03,-6.725311279296875000e-03
9.302467107772827148e-01,3.065363311767578125e+01,1.282989978790283203e-03,-6.549835205078125000e-03
9.315297007560729980e-01,3.064708328247070312e+01,1.571357250213623047e-03,-7.171630859375000000e-03
9.331010580062866211e-01,3.063991165161132812e+01,1.989185810089111328e-03,-7.755279541015625000e-03
9.350902438163757324e-01,3.063215637207031250e+01,1.523554325103759766e-03,-7.503509521484375000e-03
9.366137981414794922e-01,3.062465286254882812e+01,1.987934112548828125e-03,-8.512496948242187500e-03
9.386017322540283203e-01,3.061614036560058594e+01,1.648664474487304688e-03,-7.236480712890625000e-03
9.402503967285156250e-01,3.060890388488769531e+01,2.088367938995361328e-03,-8.537292480468750000e-03
9.423387646675109863e-01,3.060036659240722656e+01,2.179503440856933594e-03,-9.099960327148437500e-03
9.445182681083679199e-01,3.059126663208007812e+01,2.828478813171386719e-03,-1.020431518554687500e-02
9.473467469215393066e-01,3.058106231689453125e+01,2.473533153533935547e-03,-8.842468261718750000e-03
9.498202800750732422e-01,3.057221984863281250e+01,3.329813480377197266e-03,-1.124191284179687500e-02
9.531500935554504395e-01,3.056097793579101562e+01,2.493739128112792969e-03,-9.807586669921875000e-03
9.556438326835632324e-01,3.055117034912109375e+01,2.767801284790039062e-03,-9.820938110351562500e-03
9.584116339683532715e-01,3.054134941101074219e+01,3.580391407012939453e-03,-1.063346862792968750e-02
9.619920253753662109e-01,3.053071594238281250e+01,3.475010395050048828e-03,-1.090621948242187500e-02
9.654670357704162598e-01,3.051980972290039062e+01,3.877878189086914062e-03,-1.143455505371093750e-02
9.693449139595031738e-01,3.050837516784667969e+01,3.927052021026611328e-03,-1.146316528320312500e-02
9.732719659805297852e-01,3.049691200256347656e+01,4.311263561248779297e-03,-1.147270202636718750e-02
9.775832295417785645e-01,3.048543930053710938e+01,4.914224147796630859e-03,-1.283073425292968750e-02
9.824974536895751953e-01,3.047260856628417969e+01,4.047989845275878906e-03,-1.065254211425781250e-02
9.865454435348510742e-01,3.046195602416992188e+01,4.973948001861572266e-03,-1.166152954101562500e-02
9.915193915367126465e-01,3.045029449462890625e+01,4.479467868804931641e-03,-1.210403442382812500e-02
9.959988594055175781e-01,3.043819046020507812e+01,4.168152809143066406e-03,-9.895324707031250000e-03
1.000167012214660645e+00,3.042829513549804688e+01,4.516005516052246094e-03,-1.095008850097656250e-02
1.004683017730712891e+00,3.041734504699707031e+01,4.532933235168457031e-03,-1.067161560058593750e-02
1.009215950965881348e+00,3.040667343139648438e+01,4.997014999389648438e-03,-1.029205322265625000e-02
1.014212965965270996e+00,3.039638137817382812e+01,5.043745040893554688e-03,-1.106643676757812500e-02
1.019256711006164551e+00,3.038531494140625000e+01,4.312634468078613281e-03,-8.710861206054687500e-03
1.023569345474243164e+00,3.037660408020019531e+01,5.637407302856445312e-03,-1.050567626953125000e-02
1.029206752777099609e+00,3.036609840393066406e+01,4.508018493652343750e-03,-8.182525634765625000e-03
1.033714771270751953e+00,3.035791587829589844e+01,5.608081817626953125e-03,-8.569717407226562500e-03
1.039322853088378906e+00,3.034934616088867188e+01,5.352377891540527344e-03,-9.660720825195312500e-03
1.044675230979919434e+00,3.033968544006347656e+01,4.839897155761718750e-03,-8.184432983398437500e-03
1.049515128135681152e+00,3.033150100708007812e+01,6.115794181823730469e-03,-9.527206420898437500e-03
1.055630922317504883e+00,3.032197380065917969e+01,5.691289901733398438e-03,-1.028442382812500000e-02
1.061322212219238281e+00,3.031168937683105469e+01,6.141066551208496094e-03,-9.225845336914062500e-03
1.067463278770446777e+00,3.030246353149414062e+01,5.861759185791015625e-03,-7.972717285156250000e-03
1.073325037956237793e+00,3.029449081420898438e+01,6.759643554687500000e-03,-8.691787719726562500e-03
1.080084681510925293e+00,3.028579902648925781e+01,6.383657455444335938e-03,-8.716583251953125000e-03
1.086468338966369629e+00,3.027708244323730469e+01,6.055593490600585938e-03,-9.572982788085937500e-03
1.092523932456970215e+00,3.026750946044921875e+01,6.152510643005371094e-03,-8.897781372070312500e-03
1.098676443099975586e+00,3.025861167907714844e+01,6.341695785522460938e-03,-8.834838867187500000e-03
1.105018138885498047e+00,3.024977684020996094e+01,5.704045295715332031e-03,-8.262634277343750000e-03
1.110722184181213379e+00,3.024151420593261719e+01,6.631493568420410156e-03,-9.431838989257812500e-03
1.117353677749633789e+00,3.023208236694335938e+01,7.587194442749023438e-03,-9.767532348632812500e-03
1.124940872192382812e+00,3.022231483459472656e+01,7.229208946228027344e-03,-1.058578491210937500e-02
1.132170081138610840e+00,3.021172904968261719e+01,7.001519203186035156e-03,-9.502410888671875000e-03
1.139171600341796875e+00,3.020222663879394531e+01,6.521821022033691406e-03,-9.811401367187500000e-03
1.145693421363830566e+00,3.019241523742675781e+01,6.664633750915527344e-03,-1.040458679199218750e-02
1.152358055114746094e+00,3.018201065063476562e+01,6.133794784545898438e-03,-9.145736694335937500e-03
1.158491849899291992e+00,3.017286491394042969e+01,7.490634918212890625e-03,-1.137351989746093750e-02
1.165982484817504883e+00,3.016149139404296875e+01,6.186246871948242188e-03,-9.132385253906250000e-03
1.172168731689453125e+00,3.015235900878906250e+01,8.237838745117187500e-03,-1.230239868164062500e-02
1.180406570434570312e+00,3.014005661010742188e+01,6.138801574707031250e-03,-9.399414062500000000e-03
1.186545372009277344e+00,3.013065719604492188e+01,6.452918052673339844e-03,-9.895324707031250000e-03
1.192998290061950684e+00,3.012076187133789062e+01,6.250500679016113281e-03,-9.857177734375000000e-03
1.199248790740966797e+00,3.011090469360351562e+01,6.280899047851562500e-03,-9.649276733398437500e-03
1.205529689788818359e+00,3.010125541687011719e+01,5.656838417053222656e-03,-8.718490600585937500e-03
1.211186528205871582e+00,3.009253692626953125e+01,6.204962730407714844e-03,-9.639739990234375000e-03
1.217391490936279297e+00,3.008289718627929688e+01,6.153702735900878906e-03,-9.660720825195312500e-03
1.223545193672180176e+00,3.007323646545410156e+01,5.990743637084960938e-03,-9.775161743164062500e-03
1.229535937309265137e+00,3.006346130371093750e+01,5.719423294067382812e-03,-9.443283081054687500e-03
1.235255360603332520e+00,3.005401802062988281e+01,6.087779998779296875e-03,-1.067733764648437500e-02
1.241343140602111816e+00,3.004334068298339844e+01,5.292773246765136719e-03,-9.641647338867187500e-03
1.246635913848876953e+00,3.003369903564453125e+01,5.125284194946289062e-03,-9.696960449218750000e-03
1.251761198043823242e+00,3.002400207519531250e+01,4.997253417968750000e-03,-9.536743164062500000e-03
1.256758451461791992e+00,3.001446533203125000e+01,4.519343376159667969e-03,-8.472442626953125000e-03
1.261277794837951660e+00,3.000599288940429688e+01,5.632758140563964844e-03,-1.066207885742187500e-02
1.266910552978515625e+00,2.999533081054687500e+01,4.880547523498535156e-03,-9.857177734375000000e-03
1.271791100502014160e+00,2.998547363281250000e+01,4.302144050598144531e-03,-8.882522583007812500e-03
1.276093244552612305e+00,2.997659111022949219e+01,4.682064056396484375e-03,-9.586334228515625000e-03
1.280775308609008789e+00,2.996700477600097656e+01,4.419922828674316406e-03,-9.578704833984375000e-03
1.285195231437683105e+00,2.995742607116699219e+01,4.171609878540039062e-03,-9.725570678710937500e-03
1.289366841316223145e+00,2.994770050048828125e+01,4.288554191589355469e-03,-1.067733764648437500e-02
1.293655395507812500e+00,2.993702316284179688e+01,3.426432609558105469e-03,-8.716583251953125000e-03
1.297081828117370605e+00,2.992830657958984375e+01,3.922343254089355469e-03,-1.051521301269531250e-02
1.301004171371459961e+00,2.991779136657714844e+01,3.622531890869140625e-03,-9.618759155273437500e-03
1.304626703262329102e+00,2.990817260742187500e+01,3.922820091247558594e-03,-1.069641113281250000e-02
1.308549523353576660e+00,2.989747619628906250e+01,2.843976020812988281e-03,-7.966995239257812500e-03
1.311393499374389648e+00,2.988950920104980469e+01,3.938913345336914062e-03,-1.091384887695312500e-02
1.315332412719726562e+00,2.987859535217285156e+01,3.191590309143066406e-03,-8.897781372070312500e-03
1.318524003028869629e+00,2.986969757080078125e+01,3.662705421447753906e-03,-1.079559326171875000e-02
1.322186708450317383e+00,2.985890197753906250e+01,3.185033798217773438e-03,-9.040832519531250000e-03
1.325371742248535156e+00,2.984986114501953125e+01,2.889871597290039062e-03,-1.122856140136718750e-02
1.328261613845825195e+00,2.983863258361816406e+01,2.553343772888183594e-03,-1.025009155273437500e-02
1.330814957618713379e+00,2.982838249206542969e+01,1.015782356262207031e-03,-8.441925048828125000e-03
1.331830739974975586e+00,2.981994056701660156e+01,-8.531808853149414062e-04,-9.122848510742187500e-03
1.330977559089660645e+00,2.981081771850585938e+01,-2.985000610351562500e-04,-8.888244628906250000e-03
1.330679059028625488e+00,2.980192947387695312e+01,-1.013278961181640625e-04,-6.746292114257812500e-03
1.330577731132507324e+00,2.979518318176269531e+01,-6.210803985595703125e-05,-7.595062255859375000e-03
1.330515623092651367e+00,2.978758811950683594e+01,-4.457235336303710938e-04,-7.486343383789062500e-03
1.330069899559020996e+00,2.978010177612304688e+01,-5.538463592529296875e-04,-8.361816406250000000e-03
1.329516053199768066e+00,2.977173995971679688e+01,-3.062486648559570312e-04,-7.501602172851562500e-03
1.329209804534912109e+00,2.976423835754394531e+01,-4.022121429443359375e-04,-8.983612060546875000e-03
1.328807592391967773e+00,2.975525474548339844e+01,-2.782344818115234375e-04,-9.395599365234375000e-03
1.328529357910156250e+00,2.974585914611816406e+01,-3.571510314941406250e-04,-1.117515563964843750e-02
1.328172206878662109e+00,2.973468399047851562e+01,-2.864599227905273438e-04,-9.014129638671875000e-03
1.327885746955871582e+00,2.972566986083984375e+01,-3.329515457153320312e-04,-1.045036315917968750e-02
1.327552795410156250e+00,2.971521949768066406e+01,-3.036260604858398438e-04,-1.257514953613281250e-02
1.327249169349670410e+00,2.970264434814453125e+01,-3.757476806640625000e-04,-9.496688842773437500e-03
1.326873421669006348e+00,2.969314765930175781e+01,-3.546476364135742188e-04,-1.077842712402343750e-02
1.326518774032592773e+00,2.968236923217773438e+01,-5.185604095458984375e-04,-9.740829467773437500e-03
1.326000213623046875e+00,2.967262840270996094e+01,-3.579854965209960938e-04,-1.228523254394531250e-02
1.325642228126525879e+00,2.966034317016601562e+01,-4.312992095947265625e-04,-1.020622253417968750e-02
1.325210928916931152e+00,2.965013694763183594e+01,-6.030797958374023438e-04,-1.150131225585937500e-02
1.324607849121093750e+00,2.963863563537597656e+01,-7.693767547607421875e-04,-1.251602172851562500e-02
1.323838472366333008e+00,2.962611961364746094e+01,-7.313489913940429688e-04,-1.042556762695312500e-02
1.323107123374938965e+00,2.961569404602050781e+01,-7.659196853637695312e-04,-1.147079467773437500e-02
1.322341203689575195e+00,2.960422325134277344e+01,-1.109123229980468750e-03,-1.132583618164062500e-02
1.321232080459594727e+00,2.959289741516113281e+01,-1.230001449584960938e-03,-1.090240478515625000e-02
1.320002079010009766e+00,2.958199501037597656e+01,-1.280784606933593750e-03,-1.116561889648437500e-02
1.318721294403076172e+00,2.957082939147949219e+01,-1.350760459899902344e-03,-1.118850708007812500e-02
1.317370533943176270e+00,2.955964088439941406e+01,-1.619219779968261719e-03,-1.157951354980468750e-02
1.315751314163208008e+00,2.954806137084960938e+01,-1.586914062500000000e-03,-1.136016845703125000e-02
1.314164400100708008e+00,2.953670120239257812e+01,-1.900196075439453125e-03,-1.257705688476562500e-02
1.312264204025268555e+00,2.952412414550781250e+01,-1.845479011535644531e-03,-1.144981384277343750e-02
1.310418725013732910e+00,2.951267433166503906e+01,-1.693487167358398438e-03,-1.181793212890625000e-02
1.308725237846374512e+00,2.950085639953613281e+01,-1.748561859130859375e-03,-1.030158996582031250e-02
1.306976675987243652e+00,2.949055480957031250e+01,-2.243757247924804688e-03,-1.307296752929687500e-02
1.304732918739318848e+00,2.947748184204101562e+01,-2.103805541992187500e-03,-1.203346252441406250e-02
1.302629113197326660e+00,2.946544837951660156e+01,-1.868009567260742188e-03,-1.073646545410156250e-02
1.300761103630065918e+00,2.945471191406250000e+01,-2.356052398681640625e-03,-1.125717163085937500e-02
1.298405051231384277e+00,2.944345474243164062e+01,-2.428293228149414062e-03,-1.225090026855468750e-02
1.295976758003234863e+00,2.943120384216308594e+01,-2.317070960998535156e-03,-1.100921630859375000e-02
1.293659687042236328e+00,2.942019462585449219e+01,-2.326726913452148438e-03,-1.137161254882812500e-02
1.291332960128784180e+00,2.940882301330566406e+01,-2.173304557800292969e-03,-9.735107421875000000e-03
1.289159655570983887e+00,2.939908790588378906e+01,-2.570390701293945312e-03,-1.156234741210937500e-02
1.286589264869689941e+00,2.938752555847167969e+01,-1.978397369384765625e-03,-1.062965393066406250e-02
1.284610867500305176e+00,2.937689590454101562e+01,-1.888632774353027344e-03,-9.798049926757812500e-03
1.282722234725952148e+00,2.936709785461425781e+01,-1.815199851989746094e-03,-1.089096069335937500e-02
1.280907034873962402e+00,2.935620689392089844e+01,-1.521587371826171875e-03,-1.017189025878906250e-02
1.279385447502136230e+00,2.934603500366210938e+01,-1.419186592102050781e-03,-1.049423217773437500e-02
1.277966260910034180e+00,2.933554077148437500e+01,-1.234173774719238281e-03,-1.162528991699218750e-02
1.276732087135314941e+00,2.932391548156738281e+01,-9.958744049072265625e-04,-9.012222290039062500e-03
1.275736212730407715e+00,2.931490325927734375e+01,-8.231401443481445312e-04,-1.022911071777343750e-02
1.274913072586059570e+00,2.930467414855957031e+01,-6.189346313476562500e-04,-7.987976074218750000e-03
1.274294137954711914e+00,2.929668617248535156e+01,-6.682872772216796875e-04,-9.063720703125000000e-03
1.273625850677490234e+00,2.928762245178222656e+01,-4.372596740722656250e-04,-7.175445556640625000e-03
1.273188591003417969e+00,2.928044700622558594e+01,-6.302595138549804688e-04,-8.609771728515625000e-03
1.272558331489562988e+00,2.927183723449707031e+01,-7.377862930297851562e-04,-7.289886474609375000e-03
1.271820545196533203e+00,2.926454734802246094e+01,-9.146928787231445312e-04,-6.025314331054687500e-03
1.270905852317810059e+00,2.925852203369140625e+01,-1.249790191650390625e-03,-6.006240844726562500e-03
1.269656062126159668e+00,2.925251579284667969e+01,-1.711487770080566406e-03,-5.716323852539062500e-03
1.267944574356079102e+00,2.924679946899414062e+01,-1.800894737243652344e-03,-4.896163940429687500e-03
1.266143679618835449e+00,2.924190330505371094e+01,-2.320885658264160156e-03,-4.238128662109375000e-03
1.263822793960571289e+00,2.923766517639160156e+01,-2.354741096496582031e-03,-3.416061401367187500e-03
1.261468052864074707e+00,2.923424911499023438e+01,-2.932906150817871094e-03,-3.051757812500000000e-03
1.258535146713256836e+00,2.923119735717773438e+01,-3.461956977844238281e-03,-3.055572509765625000e-03
1.255073189735412598e+00,2.922814178466796875e+01,-3.156065940856933594e-03,-2.058029174804687500e-03
1.251917123794555664e+00,2.922608375549316406e+01,-3.929138183593750000e-03,-2.487182617187500000e-03
1.247987985610961914e+00,2.922359657287597656e+01,-4.747152328491210938e-03,-3.011703491210937500e-03
1.243240833282470703e+00,2.922058486938476562e+01,-4.820585250854492188e-03,-2.489089965820312500e-03
1.238420248031616211e+00,2.921809577941894531e+01,-4.902362823486328125e-03,-2.233505249023437500e-03
1.233517885208129883e+00,2.921586227416992188e+01,-5.970358848571777344e-03,-2.216339111328125000e-03
1.227547526359558105e+00,2.921364593505859375e+01,-6.227374076843261719e-03,-2.042770385742187500e-03
1.221320152282714844e+00,2.921160316467285156e+01,-6.491422653198242188e-03,-1.777648925781250000e-03
1.214828729629516602e+00,2.920982551574707031e+01,-6.839871406555175781e-03,-1.594543457031250000e-03
1.207988858222961426e+00,2.920823097229003906e+01,-6.092190742492675781e-03,-1.161575317382812500e-03
1.201896667480468750e+00,2.920706939697265625e+01,-7.681369781494140625e-03,-1.514434814453125000e-03
1.194215297698974609e+00,2.920555496215820312e+01,-6.870269775390625000e-03,-1.470565795898437500e-03
1.187345027923583984e+00,2.920408439636230469e+01,-6.199836730957031250e-03,-1.232147216796875000e-03
1.181145191192626953e+00,2.920285224914550781e+01,-8.387565612792968750e-03,-1.756668090820312500e-03
1.172757625579833984e+00,2.920109558105468750e+01,-6.236076354980468750e-03,-1.531600952148437500e-03
1.166521549224853516e+00,2.919956398010253906e+01,-6.403923034667968750e-03,-1.550674438476562500e-03
1.160117626190185547e+00,2.919801330566406250e+01,-7.666468620300292969e-03,-1.752853393554687500e-03
1.152451157569885254e+00,2.919626045227050781e+01,-7.056832313537597656e-03,-1.434326171875000000e-03
1.145394325256347656e+00,2.919482612609863281e+01,-6.960391998291015625e-03,-1.825332641601562500e-03
1.138433933258056641e+00,2.919300079345703125e+01,-6.188154220581054688e-03,-1.327514648437500000e-03
1.132245779037475586e+00,2.919167327880859375e+01,-7.683515548706054688e-03,-1.712799072265625000e-03
1.124562263488769531e+00,2.918996047973632812e+01,-7.675170898437500000e-03,-1.813888549804687500e-03
1.116887092590332031e+00,2.918814659118652344e+01,-7.079482078552246094e-03,-1.558303833007812500e-03
1.109807610511779785e+00,2.918658828735351562e+01,-6.383180618286132812e-03,-1.802444458007812500e-03
1.103424429893493652e+00,2.918478584289550781e+01,-6.792783737182617188e-03,-2.063751220703125000e-03
1.096631646156311035e+00,2.918272209167480469e+01,-6.056547164916992188e-03,-1.958847045898437500e-03
1.090575098991394043e+00,2.918076324462890625e+01,-6.759047508239746094e-03,-2.418518066406250000e-03
1.083816051483154297e+00,2.917834472656250000e+01,-7.431864738464355469e-03,-2.805709838867187500e-03
1.076384186744689941e+00,2.917553901672363281e+01,-6.533384323120117188e-03,-2.357482910156250000e-03
1.069850802421569824e+00,2.917318153381347656e+01,-6.928920745849609375e-03,-3.009796142578125000e-03
1.062921881675720215e+00,2.917017173767089844e+01,-6.168365478515625000e-03,-2.038955688476562500e-03
1.056753516197204590e+00,2.916813278198242188e+01,-6.656169891357421875e-03,-2.065658569335937500e-03
1.050097346305847168e+00,2.916606712341308594e+01,-6.818890571594238281e-03,-1.836776733398437500e-03
1.043278455734252930e+00,2.916423034667968750e+01,-7.489323616027832031e-03,-1.890182495117187500e-03
1.035789132118225098e+00,2.916234016418457031e+01,-6.164431571960449219e-03,-1.588821411132812500e-03
1.029624700546264648e+00,2.916075134277343750e+01,-6.282925605773925781e-03,-1.529693603515625000e-03
1.023341774940490723e+00,2.915922164916992188e+01,-7.807970046997070312e-03,-2.050399780273437500e-03
1.015533804893493652e+00,2.915717124938964844e+01,-7.037043571472167969e-03,-2.374649047851562500e-03
1.008496761322021484e+00,2.915479660034179688e+01,-6.369113922119140625e-03,-1.895904541015625000e-03
1.002127647399902344e+00,2.915290069580078125e+01,-7.011413574218750000e-03,-1.897811889648437500e-03
9.951162338256835938e-01,2.915100288391113281e+01,-8.551061153411865234e-03,-2.250671386718750000e-03
9.865651726722717285e-01,2.914875221252441406e+01,-6.899297237396240234e-03,-1.539230346679687500e-03
9.796658754348754883e-01,2.914721298217773438e+01,-6.378591060638427734e-03,-1.159667968750000000e-03
9.732872843742370605e-01,2.914605331420898438e+01,-7.136344909667968750e-03,-9.002685546875000000e-04
9.661509394645690918e-01,2.914515304565429688e+01,-7.109522819519042969e-03,-5.168914794921875000e-04
9.590414166450500488e-01,2.914463615417480469e+01,-6.479859352111816406e-03,-7.438659667968750000e-05
9.525615572929382324e-01,2.914456176757812500e+01,-7.918000221252441406e-03,-1.335144042968750000e-05
9.446435570716857910e-01,2.914454841613769531e+01,-7.277369499206542969e-03,-1.144409179687500000e-05
9.373661875724792480e-01,2.914453697204589844e+01,-6.565332412719726562e-03,6.484985351562500000e-05
9.308008551597595215e-01,2.914460182189941406e+01,-8.158206939697265625e-03,7.629394531250000000e-05
9.226426482200622559e-01,2.914467811584472656e+01,-7.447063922882080078e-03,8.010864257812500000e-05
9.151955842971801758e-01,2.914475822448730469e+01,-8.305430412292480469e-03,4.310607910156250000e-04
9.068901538848876953e-01,2.914518928527832031e+01,-6.829917430877685547e-03,2.536773681640625000e-04
9.000602364540100098e-01,2.914544296264648438e+01,-7.665097713470458984e-03,7.171630859375000000e-04
8.923951387405395508e-01,2.914616012573242188e+01,-6.939589977264404297e-03,1.171112060546875000e-03
8.854555487632751465e-01,2.914733123779296875e+01,-8.450269699096679688e-03,1.697540283203125000e-03
8.770052790641784668e-01,2.914902877807617188e+01,-7.887780666351318359e-03,1.749038696289062500e-03
8.691174983978271484e-01,2.915077781677246094e+01,-8.668720722198486328e-03,2.363204956054687500e-03
8.604487776756286621e-01,2.915314102172851562e+01,-7.264852523803710938e-03,2.042770385742187500e-03
8.531839251518249512e-01,2.915518379211425781e+01,-7.935702800750732422e-03,2.468109130859375000e-03
8.452482223510742188e-01,2.915765190124511719e+01,-7.260024547576904297e-03,2.040863037109375000e-03
8.379881978034973145e-01,2.915969276428222656e+01,-8.729517459869384766e-03,2.265930175781250000e-03
8.292586803436279297e-01,2.916195869445800781e+01,-7.842004299163818359e-03,1.771926879882812500e-03
8.214166760444641113e-01,2.916373062133789062e+01,-8.758187294006347656e-03,1.794815063476562500e-03
8.126584887504577637e-01,2.916552543640136719e+01,-7.114648818969726562e-03,1.073837280273437500e-03
8.055438399314880371e-01,2.916659927368164062e+01,-7.849752902984619141e-03,1.235961914062500000e-03
7.976940870285034180e-01,2.916783523559570312e+01,-7.026314735412597656e-03,7.877349853515625000e-04
7.906677722930908203e-01,2.916862297058105469e+01,-7.968187332153320312e-03,7.667541503906250000e-04
7.826995849609375000e-01,2.916938972473144531e+01,-9.517431259155273438e-03,4.825592041015625000e-04
7.731821537017822266e-01,2.916987228393554688e+01,-6.767511367797851562e-03,5.207061767578125000e-04
7.664146423339843750e-01,2.917039299011230469e+01,-7.834315299987792969e-03,3.070831298828125000e-04
7.585803270339965820e-01,2.917070007324218750e+01,-7.061600685119628906e-03,3.623962402343750000e-05
7.515187263488769531e-01,2.917073631286621094e+01,-7.598340511322021484e-03,-2.632141113281250000e-04
7.439203858375549316e-01,2.917047309875488281e+01,-7.989764213562011719e-03,-4.310607910156250000e-04
7.359306216239929199e-01,2.917004203796386719e+01,-7.341146469116210938e-03,-7.438659667968750000e-04
7.285894751548767090e-01,2.916929817199707031e+01,-7.081747055053710938e-03,-1.218795776367187500e-03
7.215077280998229980e-01,2.916807937622070312e+01,-6.300091743469238281e-03,-1.775741577148437500e-03
7.152076363563537598e-01,2.916630363464355469e+01,-7.525861263275146484e-03,-2.910614013671875000e-03
7.076817750930786133e-01,2.916339302062988281e+01,-6.619215011596679688e-03,-3.503799438476562500e-03
7.010625600814819336e-01,2.915988922119140625e+01,-6.504118442535400391e-03,-4.442214965820312500e-03
6.945584416389465332e-01,2.915544700622558594e+01,-6.147384643554687500e-03,-4.291534423828125000e-03
6.884110569953918457e-01,2.915115547180175781e+01,-7.659733295440673828e-03,-5.588531494140625000e-03
6.807513236999511719e-01,2.914556694030761719e+01,-6.712794303894042969e-03,-4.833221435546875000e-03
6.740385293960571289e-01,2.914073371887207031e+01,-7.466912269592285156e-03,-6.509780883789062500e-03
6.665716171264648438e-01,2.913422393798828125e+01,-5.851745605468750000e-03,-6.809234619140625000e-03
6.607198715209960938e-01,2.912741470336914062e+01,-6.387710571289062500e-03,-7.339477539062500000e-03
6.543321609497070312e-01,2.912007522583007812e+01,-6.032824516296386719e-03,-7.265090942382812500e-03
6.482993364334106445e-01,2.911281013488769531e+01,-5.268812179565429688e-03,-6.608963012695312500e-03
6.430305242538452148e-01,2.910620117187500000e+01,-6.232321262359619141e-03,-9.042739868164062500e-03
6.367982029914855957e-01,2.909715843200683594e+01,-4.965305328369140625e-03,-7.823944091796875000e-03
6.318328976631164551e-01,2.908933448791503906e+01,-6.509542465209960938e-03,-1.145935058593750000e-02
6.253233551979064941e-01,2.907787513732910156e+01,-4.312694072723388672e-03,-7.904052734375000000e-03
6.210106611251831055e-01,2.906997108459472656e+01,-5.941271781921386719e-03,-1.179695129394531250e-02
6.150693893432617188e-01,2.905817413330078125e+01,-4.926383495330810547e-03,-1.058578491210937500e-02
6.101430058479309082e-01,2.904758834838867188e+01,-4.241406917572021484e-03,-9.860992431640625000e-03
6.059015989303588867e-01,2.903772735595703125e+01,-4.286944866180419922e-03,-1.036834716796875000e-02
6.016146540641784668e-01,2.902735900878906250e+01,-4.991948604583740234e-03,-1.067543029785156250e-02
5.966227054595947266e-01,2.901668357849121094e+01,-5.505084991455078125e-03,-1.228141784667968750e-02
5.911176204681396484e-01,2.900440216064453125e+01,-5.057394504547119141e-03,-1.135635375976562500e-02
5.860602259635925293e-01,2.899304580688476562e+01,-5.006372928619384766e-03,-1.184082031250000000e-02
5.810538530349731445e-01,2.898120498657226562e+01,-4.399001598358154297e-03,-1.000785827636718750e-02
5.766548514366149902e-01,2.897119712829589844e+01,-4.787027835845947266e-03,-1.131820678710937500e-02
5.718678236007690430e-01,2.895987892150878906e+01,-5.406737327575683594e-03,-1.264762878417968750e-02
5.664610862731933594e-01,2.894723129272460938e+01,-5.395591259002685547e-03,-1.292228698730468750e-02
5.610654950141906738e-01,2.893430900573730469e+01,-4.358828067779541016e-03,-1.066207885742187500e-02
5.567066669464111328e-01,2.892364692687988281e+01,-4.459202289581298828e-03,-1.077079772949218750e-02
5.522474646568298340e-01,2.891287612915039062e+01,-5.518436431884765625e-03,-1.336860656738281250e-02
5.467290282249450684e-01,2.889950752258300781e+01,-5.022943019866943359e-03,-1.253509521484375000e-02
5.417060852050781250e-01,2.888697242736816406e+01,-4.680693149566650391e-03,-1.115608215332031250e-02
5.370253920555114746e-01,2.887581634521484375e+01,-5.990028381347656250e-03,-1.209259033203125000e-02
5.310353636741638184e-01,2.886372375488281250e+01,-5.454421043395996094e-03,-1.325798034667968750e-02
5.255809426307678223e-01,2.885046577453613281e+01,-5.749464035034179688e-03,-1.201438903808593750e-02
5.198314785957336426e-01,2.883845138549804688e+01,-5.406618118286132812e-03,-1.084327697753906250e-02
5.144248604774475098e-01,2.882760810852050781e+01,-6.135523319244384766e-03,-1.190185546875000000e-02
5.082893371582031250e-01,2.881570625305175781e+01,-6.466209888458251953e-03,-1.203536987304687500e-02
5.018231272697448730e-01,2.880367088317871094e+01,-7.229089736938476562e-03,-1.292991638183593750e-02
4.945940375328063965e-01,2.879074096679687500e+01,-6.680786609649658203e-03,-1.092147827148437500e-02
4.879132509231567383e-01,2.877981948852539062e+01,-6.112724542617797852e-03,-9.738922119140625000e-03
4.818005263805389404e-01,2.877008056640625000e+01,-8.146494626998901367e-03,-1.262855529785156250e-02
4.736540317535400391e-01,2.875745201110839844e+01,-6.386965513229370117e-03,-9.418487548828125000e-03
4.672670662403106689e-01,2.874803352355957031e+01,-6.048411130905151367e-03,-9.119033813476562500e-03
4.612186551094055176e-01,2.873891448974609375e+01,-7.894337177276611328e-03,-1.100349426269531250e-02
4.533243179321289062e-01,2.872791099548339844e+01,-7.115602493286132812e-03,-9.483337402343750000e-03
4.462087154388427734e-01,2.871842765808105469e+01,-7.263511419296264648e-03,-9.210586547851562500e-03
4.389452040195465088e-01,2.870921707153320312e+01,-7.178097963333129883e-03,-8.987426757812500000e-03
4.317671060562133789e-01,2.870022964477539062e+01,-8.177936077117919922e-03,-9.134292602539062500e-03
4.235891699790954590e-01,2.869109535217285156e+01,-7.392078638076782227e-03,-8.455276489257812500e-03
4.161970913410186768e-01,2.868264007568359375e+01,-6.718426942825317383e-03,-7.743835449218750000e-03
4.094786643981933594e-01,2.867489624023437500e+01,-7.296919822692871094e-03,-8.600234985351562500e-03
4.021817445755004883e-01,2.866629600524902344e+01,-7.410913705825805664e-03,-8.892059326171875000e-03
3.947708308696746826e-01,2.865740394592285156e+01,-8.071422576904296875e-03,-9.674072265625000000e-03
3.866994082927703857e-01,2.864772987365722656e+01,-6.622254848480224609e-03,-7.959365844726562500e-03
3.800771534442901611e-01,2.863977050781250000e+01,-8.042544126510620117e-03,-9.428024291992187500e-03
3.720346093177795410e-01,2.863034248352050781e+01,-7.219791412353515625e-03,-8.274078369140625000e-03
3.648148179054260254e-01,2.862206840515136719e+01,-6.169646978378295898e-03,-7.423400878906250000e-03
3.586451709270477295e-01,2.861464500427246094e+01,-6.944268941879272461e-03,-7.957458496093750000e-03
3.517009019851684570e-01,2.860668754577636719e+01,-6.818234920501708984e-03,-7.524490356445312500e-03
3.448826670646667480e-01,2.859916305541992188e+01,-6.704807281494140625e-03,-7.947921752929687500e-03
3.381778597831726074e-01,2.859121513366699219e+01,-6.723076105117797852e-03,-8.073806762695312500e-03
3.314547836780548096e-01,2.858314132690429688e+01,-5.693882703781127930e-03,-7.127761840820312500e-03
3.257609009742736816e-01,2.857601356506347656e+01,-6.272494792938232422e-03,-8.203506469726562500e-03
3.194884061813354492e-01,2.856781005859375000e+01,-6.541609764099121094e-03,-8.975982666015625000e-03
3.129467964172363281e-01,2.855883407592773438e+01,-5.824923515319824219e-03,-7.984161376953125000e-03
3.071218729019165039e-01,2.855084991455078125e+01,-5.851119756698608398e-03,-7.831573486328125000e-03
3.012707531452178955e-01,2.854301834106445312e+01,-5.118906497955322266e-03,-6.984710693359375000e-03
2.961518466472625732e-01,2.853603363037109375e+01,-6.268024444580078125e-03,-7.190704345703125000e-03
2.898838222026824951e-01,2.852884292602539062e+01,-5.583226680755615234e-03,-7.982254028320312500e-03
2.843005955219268799e-01,2.852086067199707031e+01,-4.876554012298583984e-03,-6.425857543945312500e-03
2.794240415096282959e-01,2.851443481445312500e+01,-5.342721939086914062e-03,-6.938934326171875000e-03
2.740813195705413818e-01,2.850749588012695312e+01,-5.542755126953125000e-03,-7.701873779296875000e-03
2.685385644435882568e-01,2.849979400634765625e+01,-5.129307508468627930e-03,-7.009506225585937500e-03
2.634092569351196289e-01,2.849278450012207031e+01,-4.902034997940063477e-03,-6.862640380859375000e-03
2.585072219371795654e-01,2.848592185974121094e+01,-4.902809858322143555e-03,-6.742477416992187500e-03
2.536044120788574219e-01,2.847917938232421875e+01,-4.095852375030517578e-03,-6.195068359375000000e-03
2.495085597038269043e-01,2.847298431396484375e+01,-5.216345191001892090e-03,-7.135391235351562500e-03
2.442922145128250122e-01,2.846584892272949219e+01,-4.520043730735778809e-03,-6.116867065429687500e-03
2.397721707820892334e-01,2.845973205566406250e+01,-4.596695303916931152e-03,-6.046295166015625000e-03
2.351754754781723022e-01,2.845368576049804688e+01,-5.000814795494079590e-03,-6.210327148437500000e-03
2.301746606826782227e-01,2.844747543334960938e+01,-3.826096653938293457e-03,-4.177093505859375000e-03
2.263485640287399292e-01,2.844329833984375000e+01,-4.816994071006774902e-03,-5.649566650390625000e-03
2.215315699577331543e-01,2.843764877319335938e+01,-4.473969340324401855e-03,-5.432128906250000000e-03
2.170576006174087524e-01,2.843221664428710938e+01,-4.348292946815490723e-03,-5.472183227539062500e-03
2.127093076705932617e-01,2.842674446105957031e+01,-4.052147269248962402e-03,-4.674911499023437500e-03
2.086571604013442993e-01,2.842206954956054688e+01,-4.972323775291442871e-03,-5.594253540039062500e-03
2.036848366260528564e-01,2.841647529602050781e+01,-4.333004355430603027e-03,-5.338668823242187500e-03
1.993518322706222534e-01,2.841113662719726562e+01,-4.467055201530456543e-03,-5.014419555664062500e-03
1.948847770690917969e-01,2.840612220764160156e+01,-4.611849784851074219e-03,-5.033493041992187500e-03
1.902729272842407227e-01,2.840108871459960938e+01,-4.122853279113769531e-03,-4.005432128906250000e-03
1.861500740051269531e-01,2.839708328247070312e+01,-4.576906561851501465e-03,-4.419326782226562500e-03
1.815731674432754517e-01,2.839266395568847656e+01,-5.125388503074645996e-03,-5.094528198242187500e-03
1.764477789402008057e-01,2.838756942749023438e+01,-4.563078284263610840e-03,-4.524230957031250000e-03
1.718847006559371948e-01,2.838304519653320312e+01,-4.709690809249877930e-03,-4.245758056640625000e-03
1.671750098466873169e-01,2.837879943847656250e+01,-4.637911915779113770e-03,-3.833770751953125000e-03
1.625370979309082031e-01,2.837496566772460938e+01,-4.097908735275268555e-03,-3.231048583984375000e-03
1.584391891956329346e-01,2.837173461914062500e+01,-4.930704832077026367e-03,-3.589630126953125000e-03
1.535084843635559082e-01,2.836814498901367188e+01,-5.041360855102539062e-03,-4.117965698242187500e-03
1.484671235084533691e-01,2.836402702331542969e+01,-5.043223500251770020e-03,-3.974914550781250000e-03
1.434239000082015991e-01,2.836005210876464844e+01,-4.113048315048217773e-03,-2.958297729492187500e-03
1.393108516931533813e-01,2.835709381103515625e+01,-4.457116127014160156e-03,-3.097534179687500000e-03
1.348537355661392212e-01,2.835399627685546875e+01,-4.516243934631347656e-03,-3.009796142578125000e-03
1.303374916315078735e-01,2.835098648071289062e+01,-3.942936658859252930e-03,-2.628326416015625000e-03
1.263945549726486206e-01,2.834835815429687500e+01,-4.776604473590850830e-03,-3.833770751953125000e-03
1.216179504990577698e-01,2.834452438354492188e+01,-4.675388336181640625e-03,-4.024505615234375000e-03
1.169425621628761292e-01,2.834049987792968750e+01,-3.929793834686279297e-03,-3.307342529296875000e-03
1.130127683281898499e-01,2.833719253540039062e+01,-4.143759608268737793e-03,-3.561019897460937500e-03
1.088690087199211121e-01,2.833363151550292969e+01,-4.524879157543182373e-03,-3.442764282226562500e-03
1.043441295623779297e-01,2.833018875122070312e+01,-4.338599741458892822e-03,-3.189086914062500000e-03
1.000055298209190369e-01,2.832699966430664062e+01,-4.021167755126953125e-03,-3.036499023437500000e-03
9.598436206579208374e-02,2.832396316528320312e+01,-4.852086305618286133e-03,-4.219055175781250000e-03
9.113227576017379761e-02,2.831974411010742188e+01,-4.270233213901519775e-03,-4.127502441406250000e-03
8.686204254627227783e-02,2.831561660766601562e+01,-4.655465483665466309e-03,-4.383087158203125000e-03
8.220657706260681152e-02,2.831123352050781250e+01,-3.332756459712982178e-03,-3.124237060546875000e-03
7.887382060289382935e-02,2.830810928344726562e+01,-4.575818777084350586e-03,-3.749847412109375000e-03
7.429800182580947876e-02,2.830435943603515625e+01,-4.240080714225769043e-03,-4.207611083984375000e-03
7.005792111158370972e-02,2.830015182495117188e+01,-4.043154418468475342e-03,-4.215240478515625000e-03
6.601476669311523438e-02,2.829593658447265625e+01,-3.975741565227508545e-03,-4.562377929687500000e-03
6.203902512788772583e-02,2.829137420654296875e+01,-4.547007381916046143e-03,-4.835128784179687500e-03
5.749201774597167969e-02,2.828653907775878906e+01,-3.074157983064651489e-03,-3.244400024414062500e-03
5.441785976290702820e-02,2.828329467773437500e+01,-4.239283502101898193e-03,-4.291534423828125000e-03
5.017857626080513000e-02,2.827900314331054688e+01,-3.905449062585830688e-03,-4.299163818359375000e-03
4.627312719821929932e-02,2.827470397949218750e+01,-3.806095570325851440e-03,-4.713058471679687500e-03
4.246703162789344788e-02,2.826999092102050781e+01,-4.044581204652786255e-03,-4.674911499023437500e-03
3.842245042324066162e-02,2.826531600952148438e+01,-3.813214600086212158e-03,-4.753112792968750000e-03
3.460923582315444946e-02,2.826056289672851562e+01,-3.937995061278343201e-03,-4.310607910156250000e-03
3.067124076187610626e-02,2.825625228881835938e+01,-3.971358761191368103e-03,-5.043029785156250000e-03
2.669988200068473816e-02,2.825120925903320312e+01,-3.987392410635948181e-03,-6.130218505859375000e-03
2.271248959004878998e-02,2.824507904052734375e+01,-4.204450175166130066e-03,-5.706787109375000000e-03
1.850803941488265991e-02,2.823937225341796875e+01,-3.778979182243347168e-03,-5.022048950195312500e-03
1.472906023263931274e-02,2.823435020446777344e+01,-4.570055752992630005e-03,-6.317138671875000000e-03
1.015900447964668274e-02,2.822803306579589844e+01,-4.242915660142898560e-03,-6.090164184570312500e-03
5.916088819503784180e-03,2.822194290161132812e+01,-4.210020066238939762e-03,-6.355285644531250000e-03
1.706068753264844418e-03,2.821558761596679688e+01,-4.790114122442901134e-03,-6.801605224609375000e-03
-3.084045369178056717e-03,2.820878601074218750e+01,-3.526162356138229370e-03,-4.951477050781250000e-03
-6.610207725316286087e-03,2.820383453369140625e+01,-4.989599343389272690e-03,-7.152557373046875000e-03
-1.159980706870555878e-02,2.819668197631835938e+01,-4.097376018762588501e-03,-6.469726562500000000e-03
-1.569718308746814728e-02,2.819021224975585938e+01,-4.125578328967094421e-03,-6.450653076171875000e-03
-1.982276141643524170e-02,2.818376159667968750e+01,-4.152372479438781738e-03,-6.940841674804687500e-03
-2.397513389587402344e-02,2.817682075500488281e+01,-4.518855363130569458e-03,-8.062362670898437500e-03
-2.849398925900459290e-02,2.816875839233398438e+01,-3.785721957683563232e-03,-6.456375122070312500e-03
-3.227971121668815613e-02,2.816230201721191406e+01,-3.570776432752609253e-03,-6.578445434570312500e-03
-3.585048764944076538e-02,2.815572357177734375e+01,-4.130236804485321045e-03,-7.785797119140625000e-03
-3.998072445392608643e-02,2.814793777465820312e+01,-4.003807902336120605e-03,-7.925033569335937500e-03
-4.398453235626220703e-02,2.814001274108886719e+01,-4.946772009134292603e-03,-9.620666503906250000e-03
-4.893130436539649963e-02,2.813039207458496094e+01,-4.031971096992492676e-03,-8.211135864257812500e-03
-5.296327546238899231e-02,2.812218093872070312e+01,-4.081562161445617676e-03,-7.942199707031250000e-03
-5.704483762383460999e-02,2.811423873901367188e+01,-3.470331430435180664e-03,-7.183074951171875000e-03
-6.051516905426979065e-02,2.810705566406250000e+01,-3.964688628911972046e-03,-8.049011230468750000e-03
-6.447985768318176270e-02,2.809900665283203125e+01,-4.170276224613189697e-03,-8.792877197265625000e-03
-6.865013390779495239e-02,2.809021377563476562e+01,-3.468178212642669678e-03,-7.472991943359375000e-03
-7.211831212043762207e-02,2.808274078369140625e+01,-3.820717334747314453e-03,-8.436203002929687500e-03
-7.593902945518493652e-02,2.807430458068847656e+01,-4.210904240608215332e-03,-9.111404418945312500e-03
-8.014993369579315186e-02,2.806519317626953125e+01,-3.544732928276062012e-03,-7.879257202148437500e-03
-8.369466662406921387e-02,2.805731391906738281e+01,-3.786027431488037109e-03,-8.893966674804687500e-03
-8.748069405555725098e-02,2.804841995239257812e+01,-3.871910274028778076e-03,-9.134292602539062500e-03
-9.135260432958602905e-02,2.803928565979003906e+01,-3.644876182079315186e-03,-9.004592895507812500e-03
-9.499748051166534424e-02,2.803028106689453125e+01,-3.924883902072906494e-03,-9.651184082031250000e-03
-9.892236441373825073e-02,2.802062988281250000e+01,-3.122545778751373291e-03,-7.848739624023437500e-03
-1.020449101924896240e-01,2.801278114318847656e+01,-3.255262970924377441e-03,-8.901596069335937500e-03
-1.053001731634140015e-01,2.800387954711914062e+01,-3.501661121845245361e-03,-9.174346923828125000e-03
-1.088018342852592468e-01,2.799470520019531250e+01,-2.753369510173797607e-03,-9.597778320312500000e-03
-1.115552037954330444e-01,2.798510742187500000e+01,-3.151856362819671631e-03,-1.078033447265625000e-02
-1.147070601582527161e-01,2.797432708740234375e+01,-2.720557153224945068e-03,-1.023864746093750000e-02
-1.174276173114776611e-01,2.796408843994140625e+01,-2.377264201641082764e-03,-9.477615356445312500e-03
-1.198048815131187439e-01,2.795461082458496094e+01,-2.645269036293029785e-03,-1.045417785644531250e-02
-1.224501505494117737e-01,2.794415664672851562e+01,-2.325780689716339111e-03,-9.140014648437500000e-03
-1.247759312391281128e-01,2.793501663208007812e+01,-2.508878707885742188e-03,-1.001358032226562500e-02
-1.272848099470138550e-01,2.792500305175781250e+01,-2.641677856445312500e-03,-1.111602783203125000e-02
-1.299264878034591675e-01,2.791388702392578125e+01,-2.500668168067932129e-03,-1.052474975585937500e-02
-1.324271559715270996e-01,2.790336227416992188e+01,-2.401053905487060547e-03,-1.075744628906250000e-02
-1.348282098770141602e-01,2.789260482788085938e+01,-2.522394061088562012e-03,-1.062393188476562500e-02
-1.373506039381027222e-01,2.788198089599609375e+01,-2.447023987770080566e-03,-1.078224182128906250e-02
-1.397976279258728027e-01,2.787119865417480469e+01,-2.612814307212829590e-03,-1.072120666503906250e-02
-1.424104422330856323e-01,2.786047744750976562e+01,-2.084195613861083984e-03,-9.643554687500000000e-03
-1.444946378469467163e-01,2.785083389282226562e+01,-2.580150961875915527e-03,-1.153182983398437500e-02
-1.470747888088226318e-01,2.783930206298828125e+01,-2.238333225250244141e-03,-1.041221618652343750e-02
-1.493131220340728760e-01,2.782888984680175781e+01,-2.263545989990234375e-03,-1.070976257324218750e-02
-1.515766680240631104e-01,2.781818008422851562e+01,-2.039358019828796387e-03,-9.593963623046875000e-03
-1.536160260438919067e-01,2.780858612060546875e+01,-2.557352185249328613e-03,-1.181602478027343750e-02
-1.561733782291412354e-01,2.779677009582519531e+01,-2.182006835937500000e-03,-1.045989990234375000e-02
-1.583553850650787354e-01,2.778631019592285156e+01,-2.094015479087829590e-03,-1.029396057128906250e-02
-1.604494005441665649e-01,2.777601623535156250e+01,-2.166330814361572266e-03,-1.010131835937500000e-02
-1.626157313585281372e-01,2.776591491699218750e+01,-1.852110028266906738e-03,-9.094238281250000000e-03
-1.644678413867950439e-01,2.775682067871093750e+01,-2.224251627922058105e-03,-9.925842285156250000e-03
-1.666920930147171021e-01,2.774689483642578125e+01,-1.975044608116149902e-03,-1.068878173828125000e-02
-1.686671376228332520e-01,2.773620605468750000e+01,-1.556977629661560059e-03,-8.609771728515625000e-03
-1.702241152524948120e-01,2.772759628295898438e+01,-2.069860696792602539e-03,-1.043701171875000000e-02
-1.722939759492874146e-01,2.771715927124023438e+01,-1.718550920486450195e-03,-9.201049804687500000e-03
-1.740125268697738647e-01,2.770795822143554688e+01,-1.702576875686645508e-03,-8.745193481445312500e-03
-1.757151037454605103e-01,2.769921302795410156e+01,-1.566499471664428711e-03,-7.402420043945312500e-03
-1.772816032171249390e-01,2.769181060791015625e+01,-1.664862036705017090e-03,-7.793426513671875000e-03
-1.789464652538299561e-01,2.768401718139648438e+01,-1.652553677558898926e-03,-8.106231689453125000e-03
-1.805990189313888550e-01,2.767591094970703125e+01,-1.665785908699035645e-03,-8.035659790039062500e-03
-1.822648048400878906e-01,2.766787528991699219e+01,-1.043200492858886719e-03,-5.699157714843750000e-03
-1.833080053329467773e-01,2.766217613220214844e+01,-1.646950840950012207e-03,-6.589889526367187500e-03
-1.849549561738967896e-01,2.765558624267578125e+01,-1.120582222938537598e-03,-7.087707519531250000e-03
-1.860755383968353271e-01,2.764849853515625000e+01,-1.212239265441894531e-03,-5.893707275390625000e-03
-1.872877776622772217e-01,2.764260482788085938e+01,-1.239269971847534180e-03,-5.222320556640625000e-03
-1.885270476341247559e-01,2.763738250732421875e+01,-9.689629077911376953e-04,-4.665374755859375000e-03
-1.894960105419158936e-01,2.763271713256835938e+01,-1.129791140556335449e-03,-5.577087402343750000e-03
-1.906258016824722290e-01,2.762714004516601562e+01,-8.512586355209350586e-04,-4.432678222656250000e-03
-1.914770603179931641e-01,2.762270736694335938e+01,-9.911954402923583984e-04,-4.322052001953125000e-03
-1.924682557582855225e-01,2.761838531494140625e+01,-8.592307567596435547e-04,-3.044128417968750000e-03
-1.933274865150451660e-01,2.761534118652343750e+01,-7.783919572830200195e-04,-3.585815429687500000e-03
-1.941058784723281860e-01,2.761175537109375000e+01,-8.312165737152099609e-04,-2.662658691406250000e-03
-1.949370950460433960e-01,2.760909271240234375e+01,-7.088631391525268555e-04,-2.290725708007812500e-03
-1.956459581851959229e-01,2.760680198669433594e+01,-6.383508443832397461e-04,-2.128601074218750000e-03
-1.962843090295791626e-01,2.760467338562011719e+01,-6.823986768722534180e-04,-1.859664916992187500e-03
-1.969667077064514160e-01,2.760281372070312500e+01,-5.087405443191528320e-04,-1.537322998046875000e-03
-1.974754482507705688e-01,2.760127639770507812e+01,-4.220753908157348633e-04,-9.918212890625000000e-04
-1.978975236415863037e-01,2.760028457641601562e+01,-2.608746290206909180e-04,-6.370544433593750000e-04
-1.981583982706069946e-01,2.759964752197265625e+01,-2.379268407821655273e-04,-3.147125244140625000e-04
-1.983963251113891602e-01,2.759933280944824219e+01,-4.115700721740722656e-05,-3.108978271484375000e-04
-1.984374821186065674e-01,2.759902191162109375e+01,-4.498660564422607422e-05,-3.261566162109375000e-04
-1.984824687242507935e-01,2.759869575500488281e+01,2.802163362503051758e-04,-1.926422119140625000e-04
-1.982022523880004883e-01,2.759850311279296875e+01,1.514554023742675781e-04,2.288818359375000000e-05
-1.980507969856262207e-01,2.759852600097656250e+01,3.461390733718872070e-04,1.602172851562500000e-04
-1.977046579122543335e-01,2.759868621826171875e+01,2.388954162597656250e-04,-1.010894775390625000e-04
-1.974657624959945679e-01,2.759858512878417969e+01,9.365528821945190430e-04,8.583068847656250000e-05
-1.965292096138000488e-01,2.759867095947265625e+01,1.031666994094848633e-03,9.536743164062500000e-06
-1.954975426197052002e-01,2.759868049621582031e+01,9.471923112869262695e-04,-1.087188720703125000e-04
-1.945503503084182739e-01,2.759857177734375000e+01,1.154243946075439453e-03,6.866455078125000000e-05
-1.933961063623428345e-01,2.759864044189453125e+01,8.523762226104736328e-04,4.577636718750000000e-05
-1.925437301397323608e-01,2.759868621826171875e+01,8.324831724166870117e-04,-6.675720214843750000e-05
-1.917112469673156738e-01,2.759861946105957031e+01,7.401257753372192383e-04,-3.242492675781250000e-05
-1.909711211919784546e-01,2.759858703613281250e+01,5.183666944503784180e-04,6.103515625000000000e-05
-1.904527544975280762e-01,2.759864807128906250e+01,4.033446311950683594e-04,-4.386901855468750000e-05
-1.900494098663330078e-01,2.759860420227050781e+01,2.714246511459350586e-04,8.201599121093750000e-05
-1.897779852151870728e-01,2.759868621826171875e+01,2.171397209167480469e-04,-3.623962402343750000e-05
-1.895608454942703247e-01,2.759864997863769531e+01,1.039654016494750977e-04,-7.438659667968750000e-05
-1.894568800926208496e-01,2.759857559204101562e+01,-1.499801874160766602e-04,1.029968261718750000e-04
-1.896068602800369263e-01,2.759867858886718750e+01,-8.110702037811279297e-05,-2.288818359375000000e-05
-1.896879673004150391e-01,2.759865570068359375e+01,-2.294629812240600586e-04,-4.577636718750000000e-05
-1.899174302816390991e-01,2.759860992431640625e+01,-2.737045288085937500e-04,6.484985351562500000e-05
-1.901911348104476929e-01,2.759867477416992188e+01,-1.340955495834350586e-04,-1.335144042968750000e-04
-1.903252303600311279e-01,2.759854125976562500e+01,-3.332197666168212891e-04,3.051757812500000000e-05
-1.906584501266479492e-01,2.759857177734375000e+01,-3.691017627716064453e-04,7.057189941406250000e-05
-1.910275518894195557e-01,2.759864234924316406e+01,-5.284249782562255859e-04,5.531311035156250000e-05
-1.915559768676757812e-01,2.759869766235351562e+01,-3.471672534942626953e-04,-8.010864257812500000e-05
-1.919031441211700439e-01,2.759861755371093750e+01,-3.838688135147094727e-04,7.629394531250000000e-06
-1.922870129346847534e-01,2.759862518310546875e+01,-2.181828022003173828e-04,1.068115234375000000e-04
-1.925051957368850708e-01,2.759873199462890625e+01,-2.419501543045043945e-04,-4.959106445312500000e-05
-1.927471458911895752e-01,2.759868240356445312e+01,-2.205371856689453125e-05,-1.907348632812500000e-05
-1.927691996097564697e-01,2.759866333007812500e+01,1.330673694610595703e-05,-3.433227539062500000e-05
-1.927558928728103638e-01,2.759862899780273438e+01,5.564093589782714844e-05,2.670288085937500000e-05
-1.927002519369125366e-01,2.759865570068359375e+01,5.005300045013427734e-05,-6.103515625000000000e-05
-1.926501989364624023e-01,2.759859466552734375e+01,1.973956823348999023e-04,3.051757812500000000e-05
-1.924528032541275024e-01,2.759862518310546875e+01,3.524124622344970703e-05,-9.536743164062500000e-06
-1.924175620079040527e-01,2.759861564636230469e+01,9.399652481079101562e-05,-1.335144042968750000e-05
-1.923235654830932617e-01,2.759860229492187500e+01,2.128779888153076172e-04,6.103515625000000000e-05
-1.921106874942779541e-01,2.759866333007812500e+01,5.428493022918701172e-05,-2.670288085937500000e-05
-1.920564025640487671e-01,2.759863662719726562e+01,2.157986164093017578e-04,1.010894775390625000e-04
-1.918406039476394653e-01,2.759873771667480469e+01,1.900494098663330078e-04,-1.182556152343750000e-04
-1.916505545377731323e-01,2.759861946105957031e+01,2.160072326660156250e-04,4.768371582031250000e-05
-1.914345473051071167e-01,2.759866714477539062e+01,2.001076936721801758e-04,-1.525878906250000000e-05
-1.912344396114349365e-01,2.759865188598632812e+01,-2.443790435791015625e-06,6.103515625000000000e-05
-1.912368834018707275e-01,2.759871292114257812e+01,1.452714204788208008e-04,-6.484985351562500000e-05
-1.910916119813919067e-01,2.759864807128906250e+01,-1.050382852554321289e-04,-3.051757812500000000e-05
-1.911966502666473389e-01,2.759861755371093750e+01,2.993643283843994141e-05,7.247924804687500000e-05
-1.911667138338088989e-01,2.759869003295898438e+01,-8.827447891235351562e-05,-8.773803710937500000e-05
-1.912549883127212524e-01,2.759860229492187500e+01,-6.696581840515136719e-05,8.583068847656250000e-05
-1.913219541311264038e-01,2.759868812561035156e+01,-9.934604167938232422e-05,-5.149841308593750000e-05
-1.914213001728057861e-01,2.759863662719726562e+01,-4.099309444427490234e-05,-4.577636718750000000e-05
-1.914622932672500610e-01,2.759859085083007812e+01,-2.178251743316650391e-04,5.722045898437500000e-05
-1.916801184415817261e-01,2.759864807128906250e+01,-8.159875869750976562e-05,-6.103515625000000000e-05
-1.917617172002792358e-01,2.759858703613281250e+01,-8.793175220489501953e-05,6.294250488281250000e-05
-1.918496489524841309e-01,2.759864997863769531e+01,-4.024803638458251953e-05,-2.479553222656250000e-05
-1.918898969888687134e-01,2.759862518310546875e+01,-4.364550113677978516e-05,2.670288085937500000e-05
-1.919335424900054932e-01,2.759865188598632812e+01,2.801418304443359375e-06,-5.912780761718750000e-05
-1.919307410717010498e-01,2.759859275817871094e+01,3.057718276977539062e-05,1.201629638671875000e-04
-1.919001638889312744e-01,2.759871292114257812e+01,1.011788845062255859e-05,-5.340576171875000000e-05
-1.918900460004806519e-01,2.759865951538085938e+01,5.024671554565429688e-05,3.814697265625000000e-05
-1.918397992849349976e-01,2.759869766235351562e+01,3.637373447418212891e-05,-4.577636718750000000e-05
-1.918034255504608154e-01,2.759865188598632812e+01,2.864003181457519531e-05,-1.716613769531250000e-05
-1.917747855186462402e-01,2.759863471984863281e+01,-3.546476364135742188e-06,5.149841308593750000e-05
-1.917783319950103760e-01,2.759868621826171875e+01,3.585219383239746094e-05,-7.438659667968750000e-05
-1.917424798011779785e-01,2.759861183166503906e+01,6.005167961120605469e-05,1.506805419921875000e-04
-1.916824281215667725e-01,2.759876251220703125e+01,8.937716484069824219e-05,-5.340576171875000000e-05
-1.915930509567260742e-01,2.759870910644531250e+01,2.634525299072265625e-05,-1.068115234375000000e-04
-1.915667057037353516e-01,2.759860229492187500e+01,3.866851329803466797e-05,4.196166992187500000e-05
-1.915280371904373169e-01,2.759864425659179688e+01,1.475214958190917969e-05,-4.196166992187500000e-05
-1.915132850408554077e-01,2.759860229492187500e+01,5.750358104705810547e-05,4.005432128906250000e-05
-1.914557814598083496e-01,2.759864234924316406e+01,3.434717655181884766e-05,-9.536743164062500000e-06
-1.914214342832565308e-01,2.759863281250000000e+01,-7.696449756622314453e-05,-1.907348632812500000e-05
-1.914983987808227539e-01,2.759861373901367188e+01,-3.458559513092041016e-05,7.247924804687500000e-05
-1.915329843759536743e-01,2.759868621826171875e+01,1.594424247741699219e-05,-1.220703125000000000e-04
-1.915170401334762573e-01,2.759856414794921875e+01,-4.631280899047851562e-05,3.051757812500000000e-05
-1.915633529424667358e-01,2.759859466552734375e+01,-7.078051567077636719e-05,3.242492675781250000e-05
-1.916341334581375122e-01,2.759862709045410156e+01,-5.294382572174072266e-05,-3.242492675781250000e-05
-1.916870772838592529e-01,2.759859466552734375e+01,-2.287328243255615234e-05,9.536743164062500000e-06
-1.917099505662918091e-01,2.759860420227050781e+01,1.063942909240722656e-05,-4.768371582031250000e-05
-1.916993111371994019e-01,2.759855651855468750e+01,5.947053432464599609e-05,8.010864257812500000e-05
-1.916398406028747559e-01,2.759863662719726562e+01,-7.542967796325683594e-05,8.392333984375000000e-05
-1.917152702808380127e-01,2.759872055053710938e+01,-1.463294029235839844e-05,1.335144042968750000e-05
-1.917299032211303711e-01,2.759873390197753906e+01,-4.306435585021972656e-05,-1.296997070312500000e-04
-1.917729675769805908e-01,2.759860420227050781e+01,6.242096424102783203e-05,3.623962402343750000e-05
-1.917105466127395630e-01,2.759864044189453125e+01,4.376471042633056641e-05,-5.340576171875000000e-05
-1.916667819023132324e-01,2.759858703613281250e+01,1.621246337890625000e-05,6.675720214843750000e-05
-1.916505694389343262e-01,2.759865379333496094e+01,5.391240119934082031e-05,1.335144042968750000e-05
-1.915966570377349854e-01,2.759866714477539062e+01,-1.002997159957885742e-04,-1.029968261718750000e-04
-1.916969567537307739e-01,2.759856414794921875e+01,1.434683799743652344e-04,1.144409179687500000e-04
-1.915534883737564087e-01,2.759867858886718750e+01,-2.548098564147949219e-06,-7.057189941406250000e-05
-1.915560364723205566e-01,2.759860801696777344e+01,-1.578032970428466797e-05,7.438659667968750000e-05
-1.915718168020248413e-01,2.759868240356445312e+01,-5.039572715759277344e-05,-9.536743164062500000e-06
-1.916222125291824341e-01,2.759867286682128906e+01,8.046627044677734375e-06,1.716613769531250000e-05
-1.916141659021377563e-01,2.759869003295898438e+01,1.490116119384765625e-08,-2.479553222656250000e-05
-1.916141510009765625e-01,2.759866523742675781e+01,-1.767277717590332031e-05,-2.861022949218750000e-05
-1.916318237781524658e-01,2.759863662719726562e+01,-7.146596908569335938e-05,4.577636718750000000e-05
-1.917032897472381592e-01,2.759868240356445312e+01,6.230175495147705078e-05,1.907348632812500000e-06
-1.916409879922866821e-01,2.759868431091308594e+01,4.523992538452148438e-05,-5.722045898437500000e-06
-1.915957480669021606e-01,2.759867858886718750e+01,-4.313886165618896484e-05,-3.051757812500000000e-05
-1.916388869285583496e-01,2.759864807128906250e+01,1.743435859680175781e-05,-7.629394531250000000e-06
-1.916214525699615479e-01,2.759864044189453125e+01,-2.937018871307373047e-05,-1.525878906250000000e-05
-1.916508227586746216e-01,2.759862518310546875e+01,1.831352710723876953e-05,2.670288085937500000e-05
-1.916325092315673828e-01,2.759865188598632812e+01,-2.931058406829833984e-05,-6.103515625000000000e-05
-1.916618198156356812e-01,2.759859085083007812e+01,7.991492748260498047e-05,5.912780761718750000e-05
-1.915819048881530762e-01,2.759864997863769531e+01,-5.950033664703369141e-05,-8.201599121093750000e-05
-1.916414052248001099e-01,2.759856796264648438e+01,-5.894899368286132812e-05,9.155273437500000000e-05
-1.917003542184829712e-01,2.759865951538085938e+01,1.026690006256103516e-04,4.196166992187500000e-05
-1.915976852178573608e-01,2.759870147705078125e+01,8.551776409149169922e-05,-4.577636718750000000e-05
-1.915121674537658691e-01,2.759865570068359375e+01,-8.736550807952880859e-05,1.029968261718750000e-04
-1.915995329618453979e-01,2.759875869750976562e+01,2.428889274597167969e-05,-1.220703125000000000e-04
-1.915752440690994263e-01,2.759863662719726562e+01,1.496076583862304688e-05,5.149841308593750000e-05
-1.915602833032608032e-01,2.759868812561035156e+01,3.352761268615722656e-06,-7.629394531250000000e-06
-1.915569305419921875e-01,2.759868049621582031e+01,-2.372264862060546875e-05,-9.727478027343750000e-05
-1.915806531906127930e-01,2.759858322143554688e+01,2.518296241760253906e-06,8.010864257812500000e-05
-1.915781348943710327e-01,2.759866333007812500e+01,-1.677870750427246094e-05,-9.536743164062500000e-06
-1.915949136018753052e-01,2.759865379333496094e+01,9.804964065551757812e-06,5.149841308593750000e-05
-1.915851086378097534e-01,2.759870529174804688e+01,2.099573612213134766e-05,-6.866455078125000000e-05
-1.915641129016876221e-01,2.759863662719726562e+01,-3.890693187713623047e-05,5.722045898437500000e-05
-1.916030198335647583e-01,2.759869384765625000e+01,-7.390975952148437500e-06,-5.722045898437500000e-06
-1.916104108095169067e-01,2.759868812561035156e+01,4.716217517852783203e-05,-1.335144042968750000e-05
-1.915632486343383789e-01,2.759867477416992188e+01,-1.734495162963867188e-05,-1.144409179687500000e-05
-1.915805935859680176e-01,2.759866333007812500e+01,1.385807991027832031e-06,4.005432128906250000e-05
-1.915792077779769897e-01,2.759870338439941406e+01,-3.290176391601562500e-05,-7.820129394531250000e-05
-1.916121095418930054e-01,2.759862518310546875e+01,-4.489719867706298828e-05,2.670288085937500000e-05
-1.916570067405700684e-01,2.759865188598632812e+01,9.685754776000976562e-06,4.005432128906250000e-05
-1.916473209857940674e-01,2.759869194030761719e+01,4.006922245025634766e-05,-5.722045898437500000e-06
-1.916072517633438110e-01,2.759868621826171875e+01,2.217292785644531250e-05,-6.103515625000000000e-05
-1.915850788354873657e-01,2.759862518310546875e+01,-7.748603820800781250e-07,0.000000000000000000e+00
-1.915858536958694458e-01,2.759862518310546875e+01,-2.519786357879638672e-05,-4.196166992187500000e-05
-1.916110515594482422e-01,2.759858322143554688e+01,3.899633884429931641e-05,1.468658447265625000e-04
-1.915720552206039429e-01,2.759873008728027344e+01,-6.896257400512695312e-05,-3.814697265625000000e-05
-1.916410177946090698e-01,2.759869194030761719e+01,2.697110176086425781e-06,-5.531311035156250000e-05
-1.916383206844329834e-01,2.759863662719726562e+01,-5.604326725006103516e-05,2.479553222656250000e-05
-1.916943639516830444e-01,2.759866142272949219e+01,1.667290925979614258e-04,-1.907348632812500000e-06
-1.915276348590850830e-01,2.759865951538085938e+01,-1.459270715713500977e-04,-5.340576171875000000e-05
-1.916735619306564331e-01,2.759860610961914062e+01,1.981854438781738281e-05,1.068115234375000000e-04
-1.916537433862686157e-01,2.759871292114257812e+01,2.969801425933837891e-05,-1.144409179687500000e-05
-1.916240453720092773e-01,2.759870147705078125e+01,3.157556056976318359e-05,3.051757812500000000e-05
-1.915924698114395142e-01,2.759873199462890625e+01,-4.579126834869384766e-05,-1.449584960937500000e-04
-1.916382610797882080e-01,2.759858703613281250e+01,-6.808340549468994141e-05,5.722045898437500000e-05
-1.917063444852828979e-01,2.759864425659179688e+01,7.663667201995849609e-05,2.670288085937500000e-05
-1.916297078132629395e-01,2.759867095947265625e+01,3.696978092193603516e-05,-3.433227539062500000e-05
-1.915927380323410034e-01,2.759863662719726562e+01,-6.245076656341552734e-05,1.144409179687500000e-05
-1.916551887989044189e-01,2.759864807128906250e+01,6.386637687683105469e-05,-6.103515625000000000e-05
-1.915913224220275879e-01,2.759858703613281250e+01,9.760260581970214844e-06,1.907348632812500000e-05
-1.915815621614456177e-01,2.759860610961914062e+01,4.738569259643554688e-06,3.242492675781250000e-05
-1.915768235921859741e-01,2.759863853454589844e+01,-9.919703006744384766e-05,2.479553222656250000e-05
-1.916760206222534180e-01,2.759866333007812500e+01,1.183152198791503906e-05,-5.722045898437500000e-05
-1.916641891002655029e-01,2.759860610961914062e+01,7.912516593933105469e-05,9.536743164062500000e-06
-1.915850639343261719e-01,2.759861564636230469e+01,-7.519125938415527344e-05,-2.479553222656250000e-05
-1.916602551937103271e-01,2.759859085083007812e+01,3.294646739959716797e-05,1.487731933593750000e-04
-1.916273087263107300e-01,2.759873962402343750e+01,6.636977195739746094e-05,-1.163482666015625000e-04
-1.915609389543533325e-01,2.759862327575683594e+01,-5.495548248291015625e-05,-3.051757812500000000e-05
-1.916158944368362427e-01,2.759859275817871094e+01,3.392994403839111328e-05,1.716613769531250000e-05
-1.915819644927978516e-01,2.759860992431640625e+01,-4.372000694274902344e-05,3.814697265625000000e-06
-1.916256844997406006e-01,2.759861373901367188e+01,-3.263354301452636719e-05,8.392333984375000000e-05
-1.916583180427551270e-01,2.759869766235351562e+01,-1.285970211029052734e-05,-4.196166992187500000e-05
-1.916711777448654175e-01,2.759865570068359375e+01,1.519918441772460938e-05,-1.907348632812500000e-06
-1.916559785604476929e-01,2.759865379333496094e+01,9.746849536895751953e-05,8.010864257812500000e-05
-1.915585100650787354e-01,2.759873390197753906e+01,-1.083314418792724609e-05,-1.373291015625000000e-04
-1.915693432092666626e-01,2.759859657287597656e+01,-9.815394878387451172e-05,6.675720214843750000e-05
-1.916674971580505371e-01,2.759866333007812500e+01,8.648633956909179688e-05,-5.149841308593750000e-05
-1.915810108184814453e-01,2.759861183166503906e+01,-1.770257949829101562e-05,6.866455078125000000e-05
-1.915987133979797363e-01,2.759868049621582031e+01,-5.054473876953125000e-05,-2.098083496093750000e-05
-1.916492581367492676e-01,2.759865951538085938e+01,9.641051292419433594e-06,-4.959106445312500000e-05
-1.916396170854568481e-01,2.759860992431640625e+01,5.362927913665771484e-05,1.296997070312500000e-04
-1.915859878063201904e-01,2.759873962402343750e+01,2.788007259368896484e-05,7.629394531250000000e-06
-1.915581077337265015e-01,2.759874725341796875e+01,-6.479024887084960938e-05,-5.912780761718750000e-05
-1.916228979825973511e-01,2.759868812561035156e+01,-4.072487354278564453e-05,0.000000000000000000e+00
-1.916636228561401367e-01,2.759868812561035156e+01,5.778670310974121094e-05,9.536743164062500000e-06
-1.916058361530303955e-01,2.759869766235351562e+01,4.704296588897705078e-05,-3.814697265625000000e-05
-1.915587931871414185e-01,2.759865951538085938e+01,-5.570054054260253906e-05,1.525878906250000000e-05
-1.916144937276840210e-01,2.759867477416992188e+01,4.260241985321044922e-05,-3.814697265625000000e-06
-1.915718913078308105e-01,2.759867095947265625e+01,-1.725554466247558594e-05,1.144409179687500000e-05
-1.915891468524932861e-01,2.759868240356445312e+01,-1.324713230133056641e-05,3.814697265625000000e-05
-1.916023939847946167e-01,2.759872055053710938e+01,-7.015466690063476562e-05,-1.277923583984375000e-04
-1.916725486516952515e-01,2.759859275817871094e+01,-4.416704177856445312e-05,2.479553222656250000e-05
-1.917167156934738159e-01,2.759861755371093750e+01,1.344829797744750977e-04,-7.629394531250000000e-06
-1.915822327136993408e-01,2.759860992431640625e+01,-2.163648605346679688e-05,4.959106445312500000e-05
-1.916038691997528076e-01,2.759865951538085938e+01,-7.435679435729980469e-06,-8.773803710937500000e-05
-1.916113048791885376e-01,2.759857177734375000e+01,-3.966689109802246094e-05,9.155273437500000000e-05
-1.916509717702865601e-01,2.759866333007812500e+01,5.218386650085449219e-05,-1.144409179687500000e-05
-1.915987879037857056e-01,2.759865188598632812e+01,-8.106231689453125000e-06,-1.525878906250000000e-05
-1.916068941354751587e-01,2.759863662719726562e+01,-6.809830665588378906e-06,-3.814697265625000000e-06
-1.916137039661407471e-01,2.759863281250000000e+01,8.016824722290039062e-06,3.433227539062500000e-05
-1.916056871414184570e-01,2.759866714477539062e+01,-3.978610038757324219e-06,-8.010864257812500000e-05
-1.916096657514572144e-01,2.759858703613281250e+01,-3.574788570404052734e-05,8.773803710937500000e-05
-1.916454136371612549e-01,2.759867477416992188e+01,1.515597105026245117e-04,3.242492675781250000e-05
-1.914938539266586304e-01,2.759870719909667969e+01,-1.519471406936645508e-04,-7.629394531250000000e-05
-1.916458010673522949e-01,2.759863090515136719e+01,5.578994750976562500e-05,-3.623962402343750000e-05
-1.915900111198425293e-01,2.759859466552734375e+01,-5.096197128295898438e-06,8.392333984375000000e-05
-1.915951073169708252e-01,2.759867858886718750e+01,-2.333521842956542969e-05,-4.386901855468750000e-05
-1.916184425354003906e-01,2.759863471984863281e+01,4.655122756958007812e-05,1.525878906250000000e-05
-1.915718913078308105e-01,2.759864997863769531e+01,4.106760025024414062e-05,-4.196166992187500000e-05
-1.915308237075805664e-01,2.759860801696777344e+01,-7.134675979614257812e-05,6.675720214843750000e-05
-1.916021704673767090e-01,2.759867477416992188e+01,1.789629459381103516e-05,-3.814697265625000000e-06
-1.915842741727828979e-01,2.759867095947265625e+01,1.472234725952148438e-05,-2.670288085937500000e-05
-1.915695518255233765e-01,2.759864425659179688e+01,3.075599670410156250e-05,-7.629394531250000000e-06
-1.915387958288192749e-01,2.759863662719726562e+01,-3.944337368011474609e-05,-7.247924804687500000e-05
-1.915782392024993896e-01,2.759856414794921875e+01,-4.918873310089111328e-05,5.722045898437500000e-05
-1.916274279356002808e-01,2.759862136840820312e+01,1.225322484970092773e-04,-4.959106445312500000e-05
-1.915048956871032715e-01,2.759857177734375000e+01,-1.122355461120605469e-04,1.564025878906250000e-04
-1.916171312332153320e-01,2.759872817993164062e+01,-1.721084117889404297e-05,-4.577636718750000000e-05
-1.916343420743942261e-01,2.759868240356445312e+01,4.023313522338867188e-05,-4.577636718750000000e-05
-1.915941089391708374e-01,2.759863662719726562e+01,-1.000612974166870117e-04,8.010864257812500000e-05
-1.916941702365875244e-01,2.759871673583984375e+01,9.845197200775146484e-05,-1.525878906250000000e-05
-1.915957182645797729e-01,2.759870147705078125e+01,-3.598630428314208984e-05,-3.051757812500000000e-05
-1.916317045688629150e-01,2.759867095947265625e+01,2.355873584747314453e-05,-7.629394531250000000e-06
-1.916081458330154419e-01,2.759866333007812500e+01,3.099441528320312500e-06,3.433227539062500000e-05
-1.916050463914871216e-01,2.759869766235351562e+01,-7.852911949157714844e-06,1.335144042968750000e-05
-1.916128993034362793e-01,2.759871101379394531e+01,1.318752765655517578e-05,-3.623962402343750000e-05
-1.915997117757797241e-01,2.759867477416992188e+01,2.935528755187988281e-06,-5.722045898437500000e-06
-1.915967762470245361e-01,2.759866905212402344e+01,-3.159046173095703125e-05,2.288818359375000000e-05
-1.916283667087554932e-01,2.759869194030761719e+01,9.655952453613281250e-05,-2.288818359375000000e-05
-1.915318071842193604e-01,2.759866905212402344e+01,-1.217275857925415039e-04,-3.433227539062500000e-05
-1.916535347700119019e-01,2.759863471984863281e+01,1.513957977294921875e-05,1.335144042968750000e-05
-1.916383951902389526e-01,2.759864807128906250e+01,6.501376628875732422e-05,1.907348632812500000e-06
-1.915733814239501953e-01,2.759864997863769531e+01,-5.741417407989501953e-05,-5.722045898437500000e-06
-1.916307955980300903e-01,2.759864425659179688e+01,-6.273388862609863281e-06,1.907348632812500000e-05
-1.916370689868927002e-01,2.759866333007812500e+01,1.112520694732666016e-04,-1.335144042968750000e-05
-1.915258169174194336e-01,2.759864997863769531e+01,-2.186000347137451172e-05,-7.057189941406250000e-05
-1.915476769208908081e-01,2.759857940673828125e+01,-9.462237358093261719e-05,4.577636718750000000e-05
-1.916422992944717407e-01,2.759862518310546875e+01,1.405179500579833984e-05,7.629394531250000000e-06
-1.916282474994659424e-01,2.759863281250000000e+01,-3.786385059356689453e-05,5.531311035156250000e-05
-1.916661113500595093e-01,2.759868812561035156e+01,1.998245716094970703e-05,-6.103515625000000000e-05
-1.916461288928985596e-01,2.759862709045410156e+01,4.376471042633056641e-05,6.675720214843750000e-05
-1.916023641824722290e-01,2.759869384765625000e+01,-1.734495162963867188e-05,7.629394531250000000e-06
-1.916197091341018677e-01,2.759870147705078125e+01,3.775954246520996094e-05,-7.629394531250000000e-06
-1.915819495916366577e-01,2.759869384765625000e+01,-5.254149436950683594e-05,-5.340576171875000000e-05
-1.916344910860061646e-01,2.759864044189453125e+01,2.247095108032226562e-05,-4.196166992187500000e-05
-1.916120201349258423e-01,2.759859848022460938e+01,5.069375038146972656e-05,0.000000000000000000e+00
-1.915613263845443726e-01,2.759859848022460938e+01,5.915760993957519531e-06,4.196166992187500000e-05
-1.915554106235504150e-01,2.759864044189453125e+01,-5.871057510375976562e-06,6.103515625000000000e-05
-1.915612816810607910e-01,2.759870147705078125e+01,-6.663799285888671875e-05,-4.959106445312500000e-05
-1.916279196739196777e-01,2.759865188598632812e+01,3.314018249511718750e-05,9.536743164062500000e-06
-1.915947794914245605e-01,2.759866142272949219e+01,9.000301361083984375e-06,3.623962402343750000e-05
-1.915857791900634766e-01,2.759869766235351562e+01,6.946921348571777344e-05,-2.670288085937500000e-05
-1.915163099765777588e-01,2.759867095947265625e+01,-4.236400127410888672e-05,-2.479553222656250000e-05
-1.915586739778518677e-01,2.759864616394042969e+01,-2.256035804748535156e-05,4.005432128906250000e-05
-1.915812343358993530e-01,2.759868621826171875e+01,-3.251433372497558594e-05,-6.866455078125000000e-05
-1.916137486696243286e-01,2.759861755371093750e+01,8.398294448852539062e-05,8.392333984375000000e-05
-1.915297657251358032e-01,2.759870147705078125e+01,-7.684528827667236328e-05,-1.335144042968750000e-05
-1.916066110134124756e-01,2.759868812561035156e+01,-1.162290573120117188e-06,-4.577636718750000000e-05
-1.916077733039855957e-01,2.759864234924316406e+01,4.637241363525390625e-05,-9.536743164062500000e-06
-1.915614008903503418e-01,2.759863281250000000e+01,-8.834898471832275391e-05,2.288818359375000000e-05
-1.916497498750686646e-01,2.759865570068359375e+01,5.540251731872558594e-05,-1.907348632812500000e-05
-1.915943473577499390e-01,2.759863662719726562e+01,-6.431341171264648438e-05,7.247924804687500000e-05
-1.916586607694625854e-01,2.759870910644531250e+01,7.911026477813720703e-05,-8.010864257812500000e-05
-1.915795505046844482e-01,2.759862899780273438e+01,-1.682341098785400391e-05,7.247924804687500000e-05
-1.915963739156723022e-01,2.759870147705078125e+01,-5.348026752471923828e-05,-1.525878906250000000e-05
-1.916498541831970215e-01,2.759868621826171875e+01,5.753338336944580078e-05,0.000000000000000000e+00
-1.915923207998275757e-01,2.759868621826171875e+01,-2.104043960571289062e-05,-3.623962402343750000e-05
-1.916133612394332886e-01,2.759864997863769531e+01,1.173019409179687500e-04,-1.716613769531250000e-05
-1.914960592985153198e-01,2.759863281250000000e+01,-1.228600740432739258e-04,9.918212890625000000e-05
-1.916189193725585938e-01,2.759873199462890625e+01,-3.510713577270507812e-05,-8.010864257812500000e-05
-1.916540265083312988e-01,2.759865188598632812e+01,7.455050945281982422e-05,4.577636718750000000e-05
-1.915794759988784790e-01,2.759869766235351562e+01,4.641711711883544922e-05,-5.531311035156250000e-05
-1.915330588817596436e-01,2.759864234924316406e+01,-1.042038202285766602e-04,4.768371582031250000e-05
-1.916372627019882202e-01,2.759869003295898438e+01,7.896125316619873047e-05,-5.722045898437500000e-06
-1.915583014488220215e-01,2.759868431091308594e+01,2.090632915496826172e-05,-3.433227539062500000e-05
-1.915373951196670532e-01,2.759864997863769531e+01,-6.061792373657226562e-05,-9.536743164062500000e-06
-1.915980130434036255e-01,2.759864044189453125e+01,4.583597183227539062e-05,3.814697265625000000e-06
-1.915521770715713501e-01,2.759864425659179688e+01,-1.624226570129394531e-05,7.629394531250000000e-05
-1.915684193372726440e-01,2.759872055053710938e+01,-9.687244892120361328e-05,-4.577636718750000000e-05
-1.916652917861938477e-01,2.759867477416992188e+01,8.644163608551025391e-05,2.861022949218750000e-05
-1.915788501501083374e-01,2.759870338439941406e+01,-5.571544170379638672e-05,5.531311035156250000e-05
-1.916345655918121338e-01,2.759875869750976562e+01,5.529820919036865234e-05,-1.106262207031250000e-04
-1.915792673826217651e-01,2.759864807128906250e+01,-2.320110797882080078e-05,-4.196166992187500000e-05
-1.916024684906005859e-01,2.759860610961914062e+01,9.591877460479736328e-05,1.296997070312500000e-04
-1.915065497159957886e-01,2.759873580932617188e+01,-1.372694969177246094e-04,-1.449584960937500000e-04
-1.916438192129135132e-01,2.759859085083007812e+01,8.256733417510986328e-05,8.964538574218750000e-05
-1.915612518787384033e-01,2.759868049621582031e+01,-1.320242881774902344e-04,4.005432128906250000e-05
-1.916932761669158936e-01,2.759872055053710938e+01,7.139146327972412109e-05,-5.722045898437500000e-05
-1.916218847036361694e-01,2.759866333007812500e+01,2.567470073699951172e-05,-1.335144042968750000e-05
-1.915962100028991699e-01,2.759864997863769531e+01,-7.748603820800781250e-06,4.577636718750000000e-05
-1.916039586067199707e-01,2.759869575500488281e+01,7.669627666473388672e-05,7.629394531250000000e-06
-1.915272623300552368e-01,2.759870338439941406e+01,-3.591179847717285156e-05,-8.392333984375000000e-05
-1.915631741285324097e-01,2.759861946105957031e+01,-9.699165821075439453e-05,3.814697265625000000e-05
-1.916601657867431641e-01,2.759865760803222656e+01,1.072883605957031250e-04,2.288818359375000000e-05
-1.915528774261474609e-01,2.759868049621582031e+01,1.703202724456787109e-05,-4.768371582031250000e-05
-1.915358453989028931e-01,2.759863281250000000e+01,-1.396238803863525391e-05,2.288818359375000000e-05
-1.915498077869415283e-01,2.759865570068359375e+01,-5.678832530975341797e-05,0.000000000000000000e+00
-1.916065961122512817e-01,2.759865570068359375e+01,2.697110176086425781e-06,-1.525878906250000000e-05
-1.916038990020751953e-01,2.759864044189453125e+01,1.248717308044433594e-05,7.247924804687500000e-05
-1.915914118289947510e-01,2.759871292114257812e+01,5.564093589782714844e-05,1.144409179687500000e-05
-1.915357708930969238e-01,2.759872436523437500e+01,-6.695091724395751953e-05,-9.918212890625000000e-05
-1.916027218103408813e-01,2.759862518310546875e+01,2.562999725341796875e-06,5.722045898437500000e-06
-1.916001588106155396e-01,2.759863090515136719e+01,-4.470348358154296875e-06,5.149841308593750000e-05
-1.916046291589736938e-01,2.759868240356445312e+01,-2.072751522064208984e-05,-9.536743164062500000e-05
-1.916253566741943359e-01,2.759858703613281250e+01,6.090104579925537109e-05,1.373291015625000000e-04
-1.915644556283950806e-01,2.759872436523437500e+01,-4.629790782928466797e-05,-8.201599121093750000e-05
-1.916107535362243652e-01,2.759864234924316406e+01,2.968311309814453125e-05,-2.098083496093750000e-05
-1.915810704231262207e-01,2.759862136840820312e+01,1.321732997894287109e-05,-5.722045898437500000e-05
-1.915678530931472778e-01,2.759856414794921875e+01,-2.427399158477783203e-05,1.106262207031250000e-04
-1.915921270847320557e-01,2.759867477416992188e+01,-3.114342689514160156e-05,-4.577636718750000000e-05
-1.916232705116271973e-01,2.759862899780273438e+01,7.563829421997070312e-05,7.629394531250000000e-06
-1.915476322174072266e-01,2.759863662719726562e+01,-1.426041126251220703e-05,6.484985351562500000e-05
-1.915618926286697388e-01,2.759870147705078125e+01,-1.136213541030883789e-04,-1.907348632812500000e-05
-1.916755139827728271e-01,2.759868240356445312e+01,1.461505889892578125e-04,-7.438659667968750000e-05
-1.915293633937835693e-01,2.759860801696777344e+01,-8.285045623779296875e-05,7.820129394531250000e-05
-1.916122138500213623e-01,2.759868621826171875e+01,3.740191459655761719e-06,-1.525878906250000000e-05
-1.916084736585617065e-01,2.759867095947265625e+01,-1.846253871917724609e-05,2.670288085937500000e-05
-1.916269361972808838e-01,2.759869766235351562e+01,-1.028180122375488281e-06,-5.722045898437500000e-05
-1.916279643774032593e-01,2.759864044189453125e+01,6.309151649475097656e-05,-4.196166992187500000e-05
-1.915648728609085083e-01,2.759859848022460938e+01,-5.717575550079345703e-05,3.433227539062500000e-05
-1.916220486164093018e-01,2.759863281250000000e+01,-1.335144042968750000e-05,3.814697265625000000e-06
-1.916354000568389893e-01,2.759863662719726562e+01,2.607703208923339844e-05,8.392333984375000000e-05
-1.916093230247497559e-01,2.759872055053710938e+01,7.152557373046875000e-06,-3.433227539062500000e-05
-1.916021704673767090e-01,2.759868621826171875e+01,-5.128979682922363281e-05,-4.196166992187500000e-05
-1.916534602642059326e-01,2.759864425659179688e+01,4.534423351287841797e-05,1.182556152343750000e-04
-1.916081160306930542e-01,2.759876251220703125e+01,-2.205371856689453125e-06,-1.392364501953125000e-04
-1.916103214025497437e-01,2.759862327575683594e+01,8.130073547363281250e-05,7.629394531250000000e-06
-1.915290206670761108e-01,2.759863090515136719e+01,-1.125037670135498047e-05,8.773803710937500000e-05
-1.915402710437774658e-01,2.759871864318847656e+01,-5.564093589782714844e-05,0.000000000000000000e+00
-1.915959119796752930e-01,2.759871864318847656e+01,-5.856156349182128906e-05,-8.201599121093750000e-05
-1.916544735431671143e-01,2.759863662719726562e+01,1.047104597091674805e-04,-7.629394531250000000e-06
-1.915497630834579468e-01,2.759862899780273438e+01,-1.151859760284423828e-05,9.536743164062500000e-05
-1.915612816810607910e-01,2.759872436523437500e+01,8.840858936309814453e-05,-2.288818359375000000e-05
-1.914728730916976929e-01,2.759870147705078125e+01,-1.182407140731811523e-04,-8.583068847656250000e-05
-1.915911138057708740e-01,2.759861564636230469e+01,-1.272559165954589844e-05,8.201599121093750000e-05
-1.916038393974304199e-01,2.759869766235351562e+01,3.150105476379394531e-05,-5.340576171875000000e-05
-1.915723383426666260e-01,2.759864425659179688e+01,-3.224611282348632812e-05,3.814697265625000000e-06
-1.916045844554901123e-01,2.759864807128906250e+01,9.983777999877929688e-07,3.051757812500000000e-05
-1.916035860776901245e-01,2.759867858886718750e+01,2.744793891906738281e-05,2.861022949218750000e-05
-1.915761381387710571e-01,2.759870719909667969e+01,-6.771087646484375000e-05,-5.912780761718750000e-05
-1.916438490152359009e-01,2.759864807128906250e+01,7.733702659606933594e-06,-2.288818359375000000e-05
-1.916361153125762939e-01,2.759862518310546875e+01,9.541213512420654297e-05,4.196166992187500000e-05
-1.915407031774520874e-01,2.759866714477539062e+01,1.175701618194580078e-05,7.629394531250000000e-06
-1.915289461612701416e-01,2.759867477416992188e+01,-6.602704524993896484e-05,4.959106445312500000e-05
-1.915949732065200806e-01,2.759872436523437500e+01,5.185604095458984375e-06,-3.051757812500000000e-05
-1.915897876024246216e-01,2.759869384765625000e+01,5.304813385009765625e-06,-2.670288085937500000e-05
-1.915844827890396118e-01,2.759866714477539062e+01,3.413856029510498047e-05,1.907348632812500000e-05
-1.915503442287445068e-01,2.759868621826171875e+01,-1.578032970428466797e-05,-1.525878906250000000e-05
-1.915661245584487915e-01,2.759867095947265625e+01,-3.539025783538818359e-05,6.103515625000000000e-05
-1.916015148162841797e-01,2.759873199462890625e+01,-3.829598426818847656e-06,-9.918212890625000000e-05
-1.916053444147109985e-01,2.759863281250000000e+01,-3.594160079956054688e-05,5.340576171875000000e-05
-1.916412860155105591e-01,2.759868621826171875e+01,-6.631016731262207031e-06,5.722045898437500000e-05
-1.916479170322418213e-01,2.759874343872070312e+01,7.028877735137939453e-05,3.814697265625000000e-06
-1.915776282548904419e-01,2.759874725341796875e+01,5.407631397247314453e-05,-1.411437988281250000e-04
-1.915235519409179688e-01,2.759860610961914062e+01,6.094574928283691406e-06,4.577636718750000000e-05
-1.915174573659896851e-01,2.759865188598632812e+01,-5.586445331573486328e-05,-6.866455078125000000e-05
-1.915733218193054199e-01,2.759858322143554688e+01,2.710521221160888672e-05,1.144409179687500000e-04
-1.915462166070938110e-01,2.759869766235351562e+01,7.210671901702880859e-05,-4.196166992187500000e-05
-1.914741098880767822e-01,2.759865570068359375e+01,-1.474916934967041016e-04,-2.479553222656250000e-05
-1.916216015815734863e-01,2.759863090515136719e+01,1.755356788635253906e-05,1.335144042968750000e-05
-1.916040480136871338e-01,2.759864425659179688e+01,2.540647983551025391e-05,4.196166992187500000e-05
-1.915786415338516235e-01,2.759868621826171875e+01,-5.662441253662109375e-07,4.768371582031250000e-05
-1.915792077779769897e-01,2.759873390197753906e+01,5.915760993957519531e-06,-1.144409179687500000e-05
-1.915732920169830322e-01,2.759872245788574219e+01,9.432435035705566406e-06,-1.087188720703125000e-04
-1.915638595819473267e-01,2.759861373901367188e+01,1.449882984161376953e-05,1.182556152343750000e-04
-1.915493607521057129e-01,2.759873199462890625e+01,1.917779445648193359e-05,-6.484985351562500000e-05
-1.915301829576492310e-01,2.759866714477539062e+01,-5.884468555450439453e-05,-8.773803710937500000e-05
-1.915890276432037354e-01,2.759857940673828125e+01,-1.326203346252441406e-06,1.106262207031250000e-04
-1.915903538465499878e-01,2.759869003295898438e+01,2.342462539672851562e-05,-1.525878906250000000e-05
-1.915669292211532593e-01,2.759867477416992188e+01,1.148879528045654297e-05,3.433227539062500000e-05
-1.915554404258728027e-01,2.759870910644531250e+01,-8.511543273925781250e-05,-1.335144042968750000e-05
-1.916405558586120605e-01,2.759869575500488281e+01,1.600384712219238281e-05,1.335144042968750000e-05
-1.916245520114898682e-01,2.759870910644531250e+01,8.517503738403320312e-05,-7.629394531250000000e-06
-1.915393769741058350e-01,2.759870147705078125e+01,-2.737343311309814453e-05,-4.005432128906250000e-05
-1.915667504072189331e-01,2.759866142272949219e+01,-1.273453235626220703e-04,6.484985351562500000e-05
-1.916940957307815552e-01,2.759872627258300781e+01,8.217990398406982422e-05,-6.294250488281250000e-05
-1.916119158267974854e-01,2.759866333007812500e+01,6.942451000213623047e-05,1.144409179687500000e-05
-1.915424913167953491e-01,2.759867477416992188e+01,-6.631016731262207031e-06,1.907348632812500000e-06
-1.915491223335266113e-01,2.759867668151855469e+01,5.617737770080566406e-06,6.675720214843750000e-05
-1.915435045957565308e-01,2.759874343872070312e+01,-1.448243856430053711e-04,2.670288085937500000e-05
-1.916883289813995361e-01,2.759877014160156250e+01,1.124739646911621094e-04,-9.918212890625000000e-05
-1.915758550167083740e-01,2.759867095947265625e+01,4.781782627105712891e-05,2.098083496093750000e-05
-1.915280371904373169e-01,2.759869194030761719e+01,-1.780688762664794922e-05,-4.959106445312500000e-05
-1.915458440780639648e-01,2.759864234924316406e+01,2.209842205047607422e-05,1.907348632812500000e-05
-1.915237456560134888e-01,2.759866142272949219e+01,-9.971857070922851562e-05,3.623962402343750000e-05
-1.916234642267227173e-01,2.759869766235351562e+01,4.677474498748779297e-05,-5.531311035156250000e-05
-1.915766894817352295e-01,2.759864234924316406e+01,-6.264448165893554688e-05,5.912780761718750000e-05
-1.916393339633941650e-01,2.759870147705078125e+01,9.363889694213867188e-05,-5.340576171875000000e-05
-1.915456950664520264e-01,2.759864807128906250e+01,-1.207888126373291016e-04,5.722045898437500000e-05
-1.916664838790893555e-01,2.759870529174804688e+01,2.433359622955322266e-05,-3.242492675781250000e-05
-1.916421502828598022e-01,2.759867286682128906e+01,5.705654621124267578e-05,-1.907348632812500000e-06
-1.915850937366485596e-01,2.759867095947265625e+01,-5.112588405609130859e-05,-2.288818359375000000e-05
-1.916362196207046509e-01,2.759864807128906250e+01,4.069507122039794922e-05,-1.525878906250000000e-05
-1.915955245494842529e-01,2.759863281250000000e+01,-7.897615432739257812e-07,9.155273437500000000e-05
-1.915963143110275269e-01,2.759872436523437500e+01,4.555284976959228516e-05,-8.964538574218750000e-05
-1.915507614612579346e-01,2.759863471984863281e+01,8.925795555114746094e-06,-1.716613769531250000e-05
-1.915418356657028198e-01,2.759861755371093750e+01,-1.160949468612670898e-04,4.768371582031250000e-05
-1.916579306125640869e-01,2.759866523742675781e+01,1.295059919357299805e-04,4.005432128906250000e-05
-1.915284246206283569e-01,2.759870529174804688e+01,-9.763240814208984375e-05,-1.049041748046875000e-04
-1.916260570287704468e-01,2.759860038757324219e+01,8.450448513031005859e-05,6.294250488281250000e-05
-1.915415525436401367e-01,2.759866333007812500e+01,-6.802380084991455078e-05,4.577636718750000000e-05
-1.916095763444900513e-01,2.759870910644531250e+01,2.056360244750976562e-05,-5.722045898437500000e-05
-1.915890127420425415e-01,2.759865188598632812e+01,-2.996623516082763672e-05,-5.722045898437500000e-05
-1.916189789772033691e-01,2.759859466552734375e+01,6.908178329467773438e-05,-2.670288085937500000e-05
-1.915498971939086914e-01,2.759856796264648438e+01,-4.716217517852783203e-05,6.484985351562500000e-05
-1.915970593690872192e-01,2.759863281250000000e+01,-2.229213714599609375e-05,1.716613769531250000e-05
-1.916193515062332153e-01,2.759864997863769531e+01,3.805756568908691406e-05,2.098083496093750000e-05
-1.915812939405441284e-01,2.759867095947265625e+01,4.291534423828125000e-06,-5.722045898437500000e-05
-1.915770024061203003e-01,2.759861373901367188e+01,-5.912780761718750000e-05,1.525878906250000000e-05
-1.916361302137374878e-01,2.759862899780273438e+01,1.217275857925415039e-04,3.433227539062500000e-05
-1.915144026279449463e-01,2.759866333007812500e+01,-5.960464477539062500e-08,-1.525878906250000000e-05
-1.915144622325897217e-01,2.759864807128906250e+01,-7.161498069763183594e-05,1.335144042968750000e-05
-1.915860772132873535e-01,2.759866142272949219e+01,-1.582503318786621094e-05,1.907348632812500000e-06
-1.916019022464752197e-01,2.759866333007812500e+01,1.657009124755859375e-05,-3.814697265625000000e-06
-1.915853321552276611e-01,2.759865951538085938e+01,-6.301701068878173828e-05,3.433227539062500000e-05
-1.916483491659164429e-01,2.759869384765625000e+01,5.185604095458984375e-05,5.149841308593750000e-05
-1.915964931249618530e-01,2.759874534606933594e+01,4.836916923522949219e-05,-1.335144042968750000e-05
-1.915481239557266235e-01,2.759873199462890625e+01,-6.577372550964355469e-05,-3.814697265625000000e-06
-1.916138976812362671e-01,2.759872817993164062e+01,2.126395702362060547e-05,-5.722045898437500000e-05
-1.915926337242126465e-01,2.759867095947265625e+01,1.911818981170654297e-05,7.247924804687500000e-05
-1.915735155344009399e-01,2.759874343872070312e+01,8.031725883483886719e-06,-1.907348632812500000e-05
-1.915654838085174561e-01,2.759872436523437500e+01,-9.536743164062500000e-07,-1.239776611328125000e-04
-1.915664374828338623e-01,2.759860038757324219e+01,6.739795207977294922e-05,2.479553222656250000e-05
-1.914990395307540894e-01,2.759862518310546875e+01,-1.376420259475708008e-04,4.386901855468750000e-05
-1.916366815567016602e-01,2.759866905212402344e+01,1.393407583236694336e-04,-7.438659667968750000e-05
-1.914973407983779907e-01,2.759859466552734375e+01,-9.509921073913574219e-05,2.670288085937500000e-05
-1.915924400091171265e-01,2.759862136840820312e+01,-8.895993232727050781e-06,-2.288818359375000000e-05
-1.916013360023498535e-01,2.759859848022460938e+01,9.489059448242187500e-05,1.144409179687500000e-05
-1.915064454078674316e-01,2.759860992431640625e+01,-1.487582921981811523e-04,1.907348632812500000e-05
-1.916552037000656128e-01,2.759862899780273438e+01,5.806982517242431641e-05,-3.814697265625000000e-06
-1.915971338748931885e-01,2.759862518310546875e+01,-5.096197128295898438e-06,6.103515625000000000e-05
-1.916022300720214844e-01,2.759868621826171875e+01,3.252923488616943359e-05,4.959106445312500000e-05
-1.915697008371353149e-01,2.759873580932617188e+01,-2.507865428924560547e-05,-1.564025878906250000e-04
-1.915947794914245605e-01,2.759857940673828125e+01,2.400577068328857422e-05,5.912780761718750000e-05
-1.915707737207412720e-01,2.759863853454589844e+01,3.622472286224365234e-05,-1.907348632812500000e-06
-1.915345489978790283e-01,2.759863662719726562e+01,-2.041459083557128906e-06,7.629394531250000000e-06
-1.915365904569625854e-01,2.759864425659179688e+01,-7.753074169158935547e-05,3.814697265625000000e-06
-1.916141211986541748e-01,2.759864807128906250e+01,-1.519918441772460938e-05,8.773803710937500000e-05
-1.916293203830718994e-01,2.759873580932617188e+01,-3.020465373992919922e-05,-5.912780761718750000e-05
-1.916595250368118286e-01,2.759867668151855469e+01,5.029141902923583984e-05,-9.536743164062500000e-06
-1.916092336177825928e-01,2.759866714477539062e+01,1.104325056076049805e-04,-4.768371582031250000e-05
-1.914988011121749878e-01,2.759861946105957031e+01,-5.412101745605468750e-05,3.623962402343750000e-05
-1.915529221296310425e-01,2.759865570068359375e+01,-5.081295967102050781e-06,-3.814697265625000000e-05
-1.915580034255981445e-01,2.759861755371093750e+01,-4.525482654571533203e-05,1.907348632812500000e-06
-1.916032582521438599e-01,2.759861946105957031e+01,6.479024887084960938e-05,5.149841308593750000e-05
-1.915384680032730103e-01,2.759867095947265625e+01,-5.909800529479980469e-05,-1.144409179687500000e-05
-1.915975660085678101e-01,2.759865951538085938e+01,2.062320709228515625e-05,9.536743164062500000e-05
-1.915769428014755249e-01,2.759875488281250000e+01,2.261996269226074219e-05,-4.577636718750000000e-05
-1.915543228387832642e-01,2.759870910644531250e+01,6.358325481414794922e-05,-5.722045898437500000e-05
-1.914907395839691162e-01,2.759865188598632812e+01,-5.948543548583984375e-05,-2.098083496093750000e-05
-1.915502250194549561e-01,2.759863090515136719e+01,-1.398622989654541016e-04,3.242492675781250000e-05
-1.916900873184204102e-01,2.759866333007812500e+01,1.194030046463012695e-04,3.623962402343750000e-05
-1.915706843137741089e-01,2.759869956970214844e+01,-3.223121166229248047e-05,-9.727478027343750000e-05
-1.916029155254364014e-01,2.759860229492187500e+01,6.213784217834472656e-05,2.861022949218750000e-05
-1.915407776832580566e-01,2.759863090515136719e+01,-4.097819328308105469e-05,4.005432128906250000e-05
-1.915817558765411377e-01,2.759867095947265625e+01,3.339350223541259766e-05,-1.144409179687500000e-05
-1.915483623743057251e-01,2.759865951538085938e+01,-4.000961780548095703e-05,5.722045898437500000e-05
-1.915883719921112061e-01,2.759871673583984375e+01,-7.605552673339843750e-05,-2.479553222656250000e-05
-1.916644275188446045e-01,2.759869194030761719e+01,1.406669616699218750e-04,-7.629394531250000000e-06
-1.915237605571746826e-01,2.759868431091308594e+01,-1.352727413177490234e-04,-4.005432128906250000e-05
-1.916590332984924316e-01,2.759864425659179688e+01,6.271898746490478516e-05,2.288818359375000000e-05
-1.915963143110275269e-01,2.759866714477539062e+01,2.191960811614990234e-05,-9.346008300781250000e-05
-1.915743947029113770e-01,2.759857368469238281e+01,-3.054738044738769531e-06,1.258850097656250000e-04
-1.915774494409561157e-01,2.759869956970214844e+01,7.130205631256103516e-05,-4.386901855468750000e-05
-1.915061473846435547e-01,2.759865570068359375e+01,-1.251697540283203125e-06,2.670288085937500000e-05
-1.915073990821838379e-01,2.759868240356445312e+01,-8.572638034820556641e-05,-5.722045898437500000e-06
-1.915931254625320435e-01,2.759867668151855469e+01,1.260638236999511719e-05,-7.057189941406250000e-05
-1.915805190801620483e-01,2.759860610961914062e+01,-1.117587089538574219e-05,9.727478027343750000e-05
-1.915916949510574341e-01,2.759870338439941406e+01,-4.285573959350585938e-05,-1.907348632812500000e-06
-1.916345506906509399e-01,2.759870147705078125e+01,-4.480779170989990234e-05,-6.103515625000000000e-05
-1.916793584823608398e-01,2.759864044189453125e+01,7.408857345581054688e-05,5.340576171875000000e-05
-1.916052699089050293e-01,2.759869384765625000e+01,1.482665538787841797e-05,-2.288818359375000000e-05
-1.915904432535171509e-01,2.759867095947265625e+01,-2.470612525939941406e-05,6.866455078125000000e-05
-1.916151493787765503e-01,2.759873962402343750e+01,1.640617847442626953e-05,-4.959106445312500000e-05
-1.915987432003021240e-01,2.759869003295898438e+01,1.971423625946044922e-05,1.907348632812500000e-05
-1.915790289640426636e-01,2.759870910644531250e+01,-2.810359001159667969e-05,3.433227539062500000e-05
-1.916071325540542603e-01,2.759874343872070312e+01,5.719065666198730469e-05,-1.163482666015625000e-04
-1.915499418973922729e-01,2.759862709045410156e+01,-2.096593379974365234e-05,7.057189941406250000e-05
-1.915709078311920166e-01,2.759869766235351562e+01,6.489455699920654297e-05,1.144409179687500000e-05
-1.915060132741928101e-01,2.759870910644531250e+01,-2.706050872802734375e-05,-1.564025878906250000e-04
-1.915330737829208374e-01,2.759855270385742188e+01,-7.791817188262939453e-05,1.449584960937500000e-04
-1.916109919548034668e-01,2.759869766235351562e+01,7.496774196624755859e-05,-7.247924804687500000e-05
-1.915360242128372192e-01,2.759862518310546875e+01,-2.154707908630371094e-05,6.484985351562500000e-05
-1.915575712919235229e-01,2.759869003295898438e+01,-6.660819053649902344e-05,3.814697265625000000e-05
-1.916241794824600220e-01,2.759872817993164062e+01,1.113861799240112305e-04,-5.340576171875000000e-05
-1.915127933025360107e-01,2.759867477416992188e+01,-5.127489566802978516e-05,-2.288818359375000000e-05
-1.915640681982040405e-01,2.759865188598632812e+01,1.627206802368164062e-05,4.577636718750000000e-05
-1.915477961301803589e-01,2.759869766235351562e+01,-2.765655517578125000e-05,-1.335144042968750000e-05
-1.915754526853561401e-01,2.759868431091308594e+01,-8.340179920196533203e-05,-3.623962402343750000e-05
-1.916588544845581055e-01,2.759864807128906250e+01,4.589557647705078125e-05,4.196166992187500000e-05
-1.916129589080810547e-01,2.759869003295898438e+01,3.458559513092041016e-05,0.000000000000000000e+00
-1.915783733129501343e-01,2.759869003295898438e+01,4.476308822631835938e-05,6.103515625000000000e-05
-1.915336102247238159e-01,2.759875106811523438e+01,-7.310509681701660156e-05,-1.068115234375000000e-04
-1.916067153215408325e-01,2.759864425659179688e+01,1.534819602966308594e-06,-2.861022949218750000e-05
-1.916051805019378662e-01,2.759861564636230469e+01,1.016408205032348633e-04,1.907348632812500000e-06
-1.915035396814346313e-01,2.759861755371093750e+01,-3.379583358764648438e-05,9.536743164062500000e-05
-1.915373355150222778e-01,2.759871292114257812e+01,-4.889070987701416016e-05,-6.866455078125000000e-05
-1.915862262248992920e-01,2.759864425659179688e+01,2.978742122650146484e-05,1.239776611328125000e-04
-1.915564388036727905e-01,2.759876823425292969e+01,-3.941357135772705078e-05,-1.068115234375000000e-04
-1.915958523750305176e-01,2.759866142272949219e+01,2.582371234893798828e-05,-4.768371582031250000e-05
-1.915700286626815796e-01,2.759861373901367188e+01,4.659593105316162109e-05,5.340576171875000000e-05
-1.915234327316284180e-01,2.759866714477539062e+01,-2.579391002655029297e-05,1.525878906250000000e-05
-1.915492266416549683e-01,2.759868240356445312e+01,-7.766485214233398438e-05,-1.106262207031250000e-04
-1.916268914937973022e-01,2.759857177734375000e+01,7.227063179016113281e-05,1.335144042968750000e-04
-1.915546208620071411e-01,2.759870529174804688e+01,-8.727610111236572266e-05,-2.098083496093750000e-05
-1.916418969631195068e-01,2.759868431091308594e+01,4.537403583526611328e-05,-2.098083496093750000e-05
-1.915965229272842407e-01,2.759866333007812500e+01,-3.038346767425537109e-05,-6.103515625000000000e-05
-1.916269063949584961e-01,2.759860229492187500e+01,2.531707286834716797e-05,3.051757812500000000e-05
-1.916015893220901489e-01,2.759863281250000000e+01,6.078183650970458984e-05,1.525878906250000000e-05
-1.915408074855804443e-01,2.759864807128906250e+01,-4.746019840240478516e-05,-3.814697265625000000e-06
-1.915882676839828491e-01,2.759864425659179688e+01,8.447468280792236328e-05,-4.959106445312500000e-05
-1.915037930011749268e-01,2.759859466552734375e+01,-9.185075759887695312e-05,1.335144042968750000e-04
-1.915956437587738037e-01,2.759872817993164062e+01,1.507997512817382812e-05,-3.433227539062500000e-05
-1.915805637836456299e-01,2.759869384765625000e+01,4.169344902038574219e-05,3.433227539062500000e-05
-1.915388703346252441e-01,2.759872817993164062e+01,-5.173683166503906250e-05,-7.629394531250000000e-05
-1.915906071662902832e-01,2.759865188598632812e+01,7.334351539611816406e-05,-1.907348632812500000e-06
-1.915172636508941650e-01,2.759864997863769531e+01,2.075731754302978516e-05,3.814697265625000000e-06
-1.914965063333511353e-01,2.759865379333496094e+01,-1.220256090164184570e-04,4.768371582031250000e-05
-1.916185319423675537e-01,2.759870147705078125e+01,7.344782352447509766e-05,-4.959106445312500000e-05
-1.915450841188430786e-01,2.759865188598632812e+01,2.339482307434082031e-06,2.861022949218750000e-05
-1.915427446365356445e-01,2.759868049621582031e+01,-7.398426532745361328e-05,-1.907348632812500000e-06
-1.916167289018630981e-01,2.759867858886718750e+01,8.285045623779296875e-05,3.814697265625000000e-05
-1.915338784456253052e-01,2.759871673583984375e+01,5.616247653961181641e-05,-4.196166992187500000e-05
-1.914777159690856934e-01,2.759867477416992188e+01,-9.010732173919677734e-05,2.288818359375000000e-05
-1.915678232908248901e-01,2.759869766235351562e+01,6.717443466186523438e-05,-4.005432128906250000e-05
-1.915006488561630249e-01,2.759865760803222656e+01,-5.930662155151367188e-05,-4.005432128906250000e-05
-1.915599554777145386e-01,2.759861755371093750e+01,-8.125603199005126953e-05,6.484985351562500000e-05
-1.916412115097045898e-01,2.759868240356445312e+01,6.315112113952636719e-05,-1.335144042968750000e-05
-1.915780603885650635e-01,2.759866905212402344e+01,3.978610038757324219e-05,-4.005432128906250000e-05
-1.915382742881774902e-01,2.759862899780273438e+01,-7.037818431854248047e-05,2.288818359375000000e-05
-1.916086524724960327e-01,2.759865188598632812e+01,3.978610038757324219e-05,-1.144409179687500000e-05
-1.915688663721084595e-01,2.759864044189453125e+01,-1.503527164459228516e-05,2.670288085937500000e-05
-1.915839016437530518e-01,2.759866714477539062e+01,-3.232061862945556641e-05,-5.340576171875000000e-05
-1.916162222623825073e-01,2.759861373901367188e+01,5.257129669189453125e-05,9.727478027343750000e-05
-1.915636509656906128e-01,2.759871101379394531e+01,-9.663403034210205078e-05,4.005432128906250000e-05
-1.916602849960327148e-01,2.759875106811523438e+01,1.326799392700195312e-04,-6.484985351562500000e-05
-1.915276050567626953e-01,2.759868621826171875e+01,-5.413591861724853516e-05,-3.814697265625000000e-06
-1.915817409753799438e-01,2.759868240356445312e+01,4.947185516357421875e-06,-2.670288085937500000e-05
-1.915767937898635864e-01,2.759865570068359375e+01,9.806454181671142578e-05,1.525878906250000000e-05
-1.914787292480468750e-01,2.759867095947265625e+01,-7.663667201995849609e-05,-3.242492675781250000e-05
-1.915553659200668335e-01,2.759863853454589844e+01,-1.090764999389648438e-05,5.149841308593750000e-05
-1.915662735700607300e-01,2.759869003295898438e+01,2.135336399078369141e-05,-2.861022949218750000e-05
-1.915449202060699463e-01,2.759866142272949219e+01,9.481608867645263672e-05,-6.294250488281250000e-05
-1.914501041173934937e-01,2.759859848022460938e+01,-1.313239336013793945e-04,4.577636718750000000e-05
-1.915814280509948730e-01,2.759864425659179688e+01,-2.279877662658691406e-06,7.820129394531250000e-05
-1.915837079286575317e-01,2.759872245788574219e+01,-2.044439315795898438e-05,3.242492675781250000e-05
-1.916041523218154907e-01,2.759875488281250000e+01,1.050531864166259766e-05,-5.912780761718750000e-05
-1.915936470031738281e-01,2.759869575500488281e+01,2.250075340270996094e-05,-6.103515625000000000e-05
-1.915711462497711182e-01,2.759863471984863281e+01,-2.564489841461181641e-05,8.583068847656250000e-05
-1.915967911481857300e-01,2.759872055053710938e+01,3.814697265625000000e-06,-4.577636718750000000e-05
-1.915929764509201050e-01,2.759867477416992188e+01,1.564621925354003906e-05,-7.247924804687500000e-05
-1.915773302316665649e-01,2.759860229492187500e+01,1.914799213409423828e-05,6.294250488281250000e-05
-1.915581822395324707e-01,2.759866523742675781e+01,3.306567668914794922e-05,-1.335144042968750000e-05
-1.915251165628433228e-01,2.759865188598632812e+01,3.159046173095703125e-05,1.525878906250000000e-05
-1.914935261011123657e-01,2.759866714477539062e+01,-2.206861972808837891e-05,4.577636718750000000e-05
-1.915155947208404541e-01,2.759871292114257812e+01,-7.574260234832763672e-05,-7.629394531250000000e-05
-1.915913373231887817e-01,2.759863662719726562e+01,3.364682197570800781e-05,1.907348632812500000e-06
-1.915576905012130737e-01,2.759863853454589844e+01,1.572072505950927734e-05,-2.670288085937500000e-05
-1.915419697761535645e-01,2.759861183166503906e+01,-6.707012653350830078e-05,7.820129394531250000e-05
-1.916090399026870728e-01,2.759869003295898438e+01,-9.348988533020019531e-05,-5.912780761718750000e-05
-1.917025297880172729e-01,2.759863090515136719e+01,1.502782106399536133e-04,-9.536743164062500000e-06
-1.915522515773773193e-01,2.759862136840820312e+01,-3.488361835479736328e-05,3.433227539062500000e-05
-1.915871351957321167e-01,2.759865570068359375e+01,-1.087784767150878906e-05,4.386901855468750000e-05
-1.915980130434036255e-01,2.759869956970214844e+01,-3.357231616973876953e-05,-4.386901855468750000e-05
-1.916315853595733643e-01,2.759865570068359375e+01,2.990663051605224609e-05,-1.525878906250000000e-05
-1.916016787290573120e-01,2.759864044189453125e+01,1.170337200164794922e-04,-1.716613769531250000e-05
-1.914846450090408325e-01,2.759862327575683594e+01,-8.507072925567626953e-05,4.768371582031250000e-05
-1.915697157382965088e-01,2.759867095947265625e+01,-3.063678741455078125e-05,-7.629394531250000000e-06
-1.916003525257110596e-01,2.759866333007812500e+01,7.487833499908447266e-05,3.814697265625000000e-06
-1.915254741907119751e-01,2.759866714477539062e+01,-1.087039709091186523e-04,-1.716613769531250000e-05
-1.916341781616210938e-01,2.759864997863769531e+01,5.289912223815917969e-06,-5.531311035156250000e-05
-1.916288882493972778e-01,2.759859466552734375e+01,3.637373447418212891e-05,1.068115234375000000e-04
-1.915925145149230957e-01,2.759870147705078125e+01,3.939867019653320312e-05,-1.907348632812500000e-05
-1.915531158447265625e-01,2.759868240356445312e+01,-7.557868957519531250e-05,-7.629394531250000000e-06
-1.916286945343017578e-01,2.759867477416992188e+01,-4.872679710388183594e-06,0.000000000000000000e+00
-1.916335672140121460e-01,2.759867477416992188e+01,6.283819675445556641e-05,-4.005432128906250000e-05
-1.915707290172576904e-01,2.759863471984863281e+01,6.891787052154541016e-05,-9.536743164062500000e-06
-1.915018111467361450e-01,2.759862518310546875e+01,-4.601478576660156250e-05,5.722045898437500000e-05
-1.915478259325027466e-01,2.759868240356445312e+01,-2.175569534301757812e-05,-1.125335693359375000e-04
-1.915695816278457642e-01,2.759856986999511719e+01,1.156330108642578125e-05,1.583099365234375000e-04
-1.915580183267593384e-01,2.759872817993164062e+01,-2.098083496093750000e-05,-9.155273437500000000e-05
-1.915789991617202759e-01,2.759863662719726562e+01,2.171099185943603516e-05,2.670288085937500000e-05
-1.915572881698608398e-01,2.759866333007812500e+01,-4.178285598754882812e-05,3.433227539062500000e-05
-1.915990710258483887e-01,2.759869766235351562e+01,8.077919483184814453e-05,3.814697265625000000e-06
-1.915182918310165405e-01,2.759870147705078125e+01,-1.877546310424804688e-05,3.242492675781250000e-05
-1.915370672941207886e-01,2.759873390197753906e+01,7.838010787963867188e-06,-6.103515625000000000e-05
-1.915292292833328247e-01,2.759867286682128906e+01,4.677474498748779297e-05,9.536743164062500000e-06
-1.914824545383453369e-01,2.759868240356445312e+01,-1.190751791000366211e-04,1.144409179687500000e-05
-1.916015297174453735e-01,2.759869384765625000e+01,7.684528827667236328e-05,-6.484985351562500000e-05
-1.915246844291687012e-01,2.759862899780273438e+01,-9.471178054809570312e-05,-7.629394531250000000e-06
-1.916193962097167969e-01,2.759862136840820312e+01,8.009374141693115234e-05,6.484985351562500000e-05
-1.915393024682998657e-01,2.759868621826171875e+01,2.144277095794677734e-05,-7.629394531250000000e-06
-1.915178596973419189e-01,2.759867858886718750e+01,4.082918167114257812e-06,-1.907348632812500000e-06
-1.915137767791748047e-01,2.759867668151855469e+01,-5.869567394256591797e-05,7.629394531250000000e-06
-1.915724724531173706e-01,2.759868431091308594e+01,6.070733070373535156e-05,-5.722045898437500000e-06
-1.915117651224136353e-01,2.759867858886718750e+01,-1.276433467864990234e-04,-2.479553222656250000e-05
-1.916394084692001343e-01,2.759865379333496094e+01,-3.010034561157226562e-06,-4.577636718750000000e-05
-1.916424185037612915e-01,2.759860801696777344e+01,1.186877489089965820e-04,7.629394531250000000e-06
-1.915237307548522949e-01,2.759861564636230469e+01,-6.723403930664062500e-05,8.201599121093750000e-05
-1.915909647941589355e-01,2.759869766235351562e+01,-3.725290298461914062e-07,3.623962402343750000e-05
-1.915913373231887817e-01,2.759873390197753906e+01,2.136826515197753906e-05,-2.098083496093750000e-05
-1.915699690580368042e-01,2.759871292114257812e+01,-1.832842826843261719e-05,-4.577636718750000000e-05
-1.915882974863052368e-01,2.759866714477539062e+01,7.201731204986572266e-05,-3.814697265625000000e-05
-1.915162801742553711e-01,2.759862899780273438e+01,6.586313247680664062e-06,1.907348632812500000e-05
-1.915096938610076904e-01,2.759864807128906250e+01,-2.838671207427978516e-05,-6.294250488281250000e-05
-1.915380805730819702e-01,2.759858512878417969e+01,3.217160701751708984e-05,5.912780761718750000e-05
-1.915059089660644531e-01,2.759864425659179688e+01,-1.832842826843261719e-05,6.484985351562500000e-05
-1.915242373943328857e-01,2.759870910644531250e+01,-6.134808063507080078e-05,-7.629394531250000000e-06
-1.915855854749679565e-01,2.759870147705078125e+01,-4.008412361145019531e-05,-3.814697265625000000e-05
-1.916256695985794067e-01,2.759866333007812500e+01,6.729364395141601562e-05,0.000000000000000000e+00
-1.915583759546279907e-01,2.759866333007812500e+01,-2.962350845336914062e-05,7.629394531250000000e-06
-1.915879994630813599e-01,2.759867095947265625e+01,2.796947956085205078e-05,-7.629394531250000000e-05
-1.915600299835205078e-01,2.759859466552734375e+01,-4.495680332183837891e-05,9.155273437500000000e-05
-1.916049867868423462e-01,2.759868621826171875e+01,-4.076957702636718750e-05,-4.959106445312500000e-05
-1.916457563638687134e-01,2.759863662719726562e+01,1.082420349121093750e-04,4.196166992187500000e-05
-1.915375143289566040e-01,2.759867858886718750e+01,-1.434981822967529297e-05,-2.288818359375000000e-05
-1.915518641471862793e-01,2.759865570068359375e+01,-2.656877040863037109e-05,3.814697265625000000e-05
-1.915784329175949097e-01,2.759869384765625000e+01,3.421306610107421875e-05,-2.479553222656250000e-05
-1.915442198514938354e-01,2.759866905212402344e+01,-2.464652061462402344e-05,5.912780761718750000e-05
-1.915688663721084595e-01,2.759872817993164062e+01,1.041591167449951172e-04,-9.536743164062500000e-05
-1.914647072553634644e-01,2.759863281250000000e+01,-9.247660636901855469e-05,-1.907348632812500000e-06
-1.915571838617324829e-01,2.759863090515136719e+01,6.838142871856689453e-05,5.531311035156250000e-05
-1.914888024330139160e-01,2.759868621826171875e+01,-1.209676265716552734e-04,1.716613769531250000e-05
-1.916097700595855713e-01,2.759870338439941406e+01,1.122653484344482422e-04,9.536743164062500000e-06
-1.914975047111511230e-01,2.759871292114257812e+01,-9.949505329132080078e-05,-9.536743164062500000e-06
-1.915969997644424438e-01,2.759870338439941406e+01,4.220008850097656250e-05,-7.057189941406250000e-05
-1.915547996759414673e-01,2.759863281250000000e+01,3.339350223541259766e-05,1.907348632812500000e-05
-1.915214061737060547e-01,2.759865188598632812e+01,-4.141032695770263672e-05,7.247924804687500000e-05
-1.915628165006637573e-01,2.759872436523437500e+01,5.148351192474365234e-05,-1.335144042968750000e-05
-1.915113329887390137e-01,2.759871101379394531e+01,-6.669759750366210938e-05,-3.242492675781250000e-05
-1.915780305862426758e-01,2.759867858886718750e+01,9.924173355102539062e-06,-7.629394531250000000e-06
-1.915681064128875732e-01,2.759867095947265625e+01,2.406537532806396484e-05,3.814697265625000000e-06
-1.915440410375595093e-01,2.759867477416992188e+01,-6.869435310363769531e-05,-5.340576171875000000e-05
-1.916127353906631470e-01,2.759862136840820312e+01,2.612173557281494141e-05,4.196166992187500000e-05
-1.915866136550903320e-01,2.759866333007812500e+01,-9.566545486450195312e-06,-2.670288085937500000e-05
-1.915961802005767822e-01,2.759863662719726562e+01,-4.763901233673095703e-05,9.918212890625000000e-05
-1.916438192129135132e-01,2.759873580932617188e+01,5.052983760833740234e-05,-6.103515625000000000e-05
-1.915932893753051758e-01,2.759867477416992188e+01,1.151859760284423828e-05,-9.155273437500000000e-05
-1.915817707777023315e-01,2.759858322143554688e+01,6.777048110961914062e-05,1.182556152343750000e-04
-1.915140002965927124e-01,2.759870147705078125e+01,-9.950995445251464844e-05,-2.670288085937500000e-05
-1.916135102510452271e-01,2.759867477416992188e+01,1.060664653778076172e-04,6.866455078125000000e-05
-1.915074437856674194e-01,2.759874343872070312e+01,-2.592802047729492188e-06,-3.433227539062500000e-05
-1.915100365877151489e-01,2.759870910644531250e+01,-3.273785114288330078e-05,1.335144042968750000e-05
-1.915427744388580322e-01,2.759872245788574219e+01,-3.023445606231689453e-05,-8.201599121093750000e-05
-1.915730088949203491e-01,2.759864044189453125e+01,1.049041748046875000e-05,4.768371582031250000e-05
-1.915625184774398804e-01,2.759868812561035156e+01,-9.924173355102539062e-06,2.670288085937500000e-05
-1.915724426507949829e-01,2.759871482849121094e+01,4.494190216064453125e-05,-4.005432128906250000e-05
-1.915275007486343384e-01,2.759867477416992188e+01,-7.976591587066650391e-05,-2.670288085937500000e-05
-1.916072666645050049e-01,2.759864807128906250e+01,2.962350845336914062e-05,0.000000000000000000e+00
-1.915776431560516357e-01,2.759864807128906250e+01,3.132224082946777344e-05,6.484985351562500000e-05
-1.915463209152221680e-01,2.759871292114257812e+01,-2.399086952209472656e-05,-1.907348632812500000e-05
-1.915703117847442627e-01,2.759869384765625000e+01,-2.668797969818115234e-05,-7.247924804687500000e-05
-1.915969997644424438e-01,2.759862136840820312e+01,6.690621376037597656e-05,3.051757812500000000e-05
-1.915300935506820679e-01,2.759865188598632812e+01,-9.024143218994140625e-05,1.716613769531250000e-05
-1.916203349828720093e-01,2.759866905212402344e+01,9.839236736297607422e-05,5.340576171875000000e-05
-1.915219426155090332e-01,2.759872245788574219e+01,-8.481740951538085938e-05,-2.861022949218750000e-05
-1.916067600250244141e-01,2.759869384765625000e+01,9.660422801971435547e-05,0.000000000000000000e+00
-1.915101557970046997e-01,2.759869384765625000e+01,-1.028180122375488281e-05,-4.196166992187500000e-05
-1.915204375982284546e-01,2.759865188598632812e+01,-9.220838546752929688e-05,-4.577636718750000000e-05
-1.916126459836959839e-01,2.759860610961914062e+01,9.635090827941894531e-05,2.288818359375000000e-05
-1.915162950754165649e-01,2.759862899780273438e+01,-3.370642662048339844e-05,1.335144042968750000e-05
-1.915500015020370483e-01,2.759864234924316406e+01,-3.407895565032958984e-05,0.000000000000000000e+00
-1.915840804576873779e-01,2.759864234924316406e+01,3.658235073089599609e-05,7.247924804687500000e-05
-1.915474981069564819e-01,2.759871482849121094e+01,4.808604717254638672e-05,3.242492675781250000e-05
-1.914994120597839355e-01,2.759874725341796875e+01,-9.341537952423095703e-05,-1.029968261718750000e-04
-1.915928274393081665e-01,2.759864425659179688e+01,9.983777999877929688e-06,7.629394531250000000e-06
-1.915828436613082886e-01,2.759865188598632812e+01,7.411837577819824219e-05,3.814697265625000000e-06
-1.915087252855300903e-01,2.759865570068359375e+01,-6.198883056640625000e-06,-3.433227539062500000e-05
-1.915149241685867310e-01,2.759862136840820312e+01,-9.205937385559082031e-05,3.051757812500000000e-05
-1.916069835424423218e-01,2.759865188598632812e+01,1.925230026245117188e-05,6.103515625000000000e-05
-1.915877312421798706e-01,2.759871292114257812e+01,6.274878978729248047e-05,3.433227539062500000e-05
-1.915249824523925781e-01,2.759874725341796875e+01,-4.038214683532714844e-06,-1.258850097656250000e-04
-1.915290206670761108e-01,2.759862136840820312e+01,-3.308057785034179688e-06,-5.722045898437500000e-06
-1.915323287248611450e-01,2.759861564636230469e+01,-4.462897777557373047e-05,-1.907348632812500000e-06
-1.915769577026367188e-01,2.759861373901367188e+01,1.569092273712158203e-05,2.288818359375000000e-05
-1.915612667798995972e-01,2.759863662719726562e+01,-3.956258296966552734e-05,7.629394531250000000e-05
-1.916008293628692627e-01,2.759871292114257812e+01,7.206201553344726562e-05,-3.814697265625000000e-06
-1.915287673473358154e-01,2.759870910644531250e+01,7.212162017822265625e-06,-6.103515625000000000e-05
-1.915215551853179932e-01,2.759864807128906250e+01,-5.073845386505126953e-05,-1.907348632812500000e-06
-1.915722936391830444e-01,2.759864616394042969e+01,-5.841255187988281250e-06,1.335144042968750000e-05
-1.915781348943710327e-01,2.759865951538085938e+01,-2.634525299072265625e-05,-1.525878906250000000e-05
-1.916044801473617554e-01,2.759864425659179688e+01,4.325807094573974609e-05,3.051757812500000000e-05
-1.915612220764160156e-01,2.759867477416992188e+01,-4.759430885314941406e-05,-1.144409179687500000e-05
-1.916088163852691650e-01,2.759866333007812500e+01,5.428493022918701172e-05,-3.242492675781250000e-05
-1.915545314550399780e-01,2.759863090515136719e+01,5.409121513366699219e-06,6.103515625000000000e-05
-1.915491223335266113e-01,2.759869194030761719e+01,-5.610287189483642578e-05,-7.438659667968750000e-05
-1.916052252054214478e-01,2.759861755371093750e+01,7.458031177520751953e-05,2.288818359375000000e-05
-1.915306448936462402e-01,2.759864044189453125e+01,-2.475082874298095703e-05,1.335144042968750000e-05
-1.915553957223892212e-01,2.759865379333496094e+01,-3.093481063842773438e-05,4.005432128906250000e-05
-1.915863305330276489e-01,2.759869384765625000e+01,2.187490463256835938e-05,-2.670288085937500000e-05
-1.915644556283950806e-01,2.759866714477539062e+01,1.937150955200195312e-06,1.716613769531250000e-05
-1.915625184774398804e-01,2.759868431091308594e+01,-2.959370613098144531e-05,9.727478027343750000e-05
-1.915921121835708618e-01,2.759878158569335938e+01,2.056360244750976562e-06,-1.373291015625000000e-04
-1.915900558233261108e-01,2.759864425659179688e+01,1.045614480972290039e-04,8.392333984375000000e-05
-1.914854943752288818e-01,2.759872817993164062e+01,-1.077353954315185547e-05,-3.433227539062500000e-05
-1.914962679147720337e-01,2.759869384765625000e+01,-8.824467658996582031e-05,2.288818359375000000e-05
-1.915845125913619995e-01,2.759871673583984375e+01,1.296401023864746094e-05,-3.814697265625000000e-05
-1.915715485811233521e-01,2.759867858886718750e+01,-8.007884025573730469e-05,-2.098083496093750000e-05
-1.916516274213790894e-01,2.759865760803222656e+01,1.223385334014892578e-04,9.727478027343750000e-05
-1.915292888879776001e-01,2.759875488281250000e+01,2.115964889526367188e-06,-4.768371582031250000e-05
-1.915271729230880737e-01,2.759870719909667969e+01,2.364814281463623047e-05,4.768371582031250000e-05
-1.915035247802734375e-01,2.759875488281250000e+01,-6.137788295745849609e-05,-7.438659667968750000e-05
-1.915649026632308960e-01,2.759868049621582031e+01,-3.086030483245849609e-05,-2.288818359375000000e-05
-1.915957629680633545e-01,2.759865760803222656e+01,6.547570228576660156e-05,5.340576171875000000e-05
-1.915302872657775879e-01,2.759871101379394531e+01,-3.495812416076660156e-05,-1.335144042968750000e-05
-1.915652453899383545e-01,2.759869766235351562e+01,6.486475467681884766e-05,-2.670288085937500000e-05
-1.915003806352615356e-01,2.759867095947265625e+01,-4.379451274871826172e-05,-8.392333984375000000e-05
-1.915441751480102539e-01,2.759858703613281250e+01,-8.869171142578125000e-05,6.484985351562500000e-05
-1.916328668594360352e-01,2.759865188598632812e+01,1.183003187179565430e-04,1.907348632812500000e-05
-1.915145665407180786e-01,2.759867095947265625e+01,-3.613531589508056641e-05,-7.057189941406250000e-05
-1.915507018566131592e-01,2.759860038757324219e+01,-1.198202371597290039e-04,5.531311035156250000e-05
-1.916705220937728882e-01,2.759865570068359375e+01,1.257210969924926758e-04,1.907348632812500000e-05
-1.915448009967803955e-01,2.759867477416992188e+01,-2.601742744445800781e-05,2.098083496093750000e-05
-1.915708184242248535e-01,2.759869575500488281e+01,-3.159046173095703125e-06,-9.536743164062500000e-06
-1.915739774703979492e-01,2.759868621826171875e+01,-6.616115570068359375e-06,-1.144409179687500000e-05
-1.915805935859680176e-01,2.759867477416992188e+01,2.467632293701171875e-05,-5.149841308593750000e-05
-1.915559172630310059e-01,2.759862327575683594e+01,9.194016456604003906e-06,1.087188720703125000e-04
-1.915467232465744019e-01,2.759873199462890625e+01,-8.431077003479003906e-05,-7.247924804687500000e-05
-1.916310340166091919e-01,2.759865951538085938e+01,1.044869422912597656e-04,-2.288818359375000000e-05
-1.915265470743179321e-01,2.759863662719726562e+01,-4.212558269500732422e-05,-9.536743164062500000e-06
-1.915686726570129395e-01,2.759862709045410156e+01,3.479421138763427734e-05,-3.242492675781250000e-05
-1.915338784456253052e-01,2.759859466552734375e+01,-1.525878906250000000e-04,1.144409179687500000e-04
-1.916864663362503052e-01,2.759870910644531250e+01,1.636892557144165039e-04,-1.525878906250000000e-05
-1.915227770805358887e-01,2.759869384765625000e+01,3.558397293090820312e-05,0.000000000000000000e+00
-1.914871931076049805e-01,2.759869384765625000e+01,-6.228685379028320312e-05,-2.288818359375000000e-05
-1.915494799613952637e-01,2.759867095947265625e+01,-4.705786705017089844e-05,-1.525878906250000000e-05
-1.915965378284454346e-01,2.759865570068359375e+01,4.053115844726562500e-06,9.346008300781250000e-05
-1.915924847126007080e-01,2.759874916076660156e+01,6.248056888580322266e-05,-2.861022949218750000e-05
-1.915300041437149048e-01,2.759872055053710938e+01,2.495944499969482422e-05,-4.959106445312500000e-05
-1.915050446987152100e-01,2.759867095947265625e+01,-1.088976860046386719e-04,3.051757812500000000e-05
-1.916139423847198486e-01,2.759870147705078125e+01,2.026557922363281250e-06,-7.629394531250000000e-05
-1.916119158267974854e-01,2.759862518310546875e+01,7.364153861999511719e-05,-3.814697265625000000e-06
-1.915382742881774902e-01,2.759862136840820312e+01,-2.187490463256835938e-05,5.722045898437500000e-06
-1.915601491928100586e-01,2.759862709045410156e+01,1.817941665649414062e-05,6.866455078125000000e-05
-1.915419697761535645e-01,2.759869575500488281e+01,-1.215934753417968750e-05,-3.242492675781250000e-05
-1.915541291236877441e-01,2.759866333007812500e+01,5.562603473663330078e-05,3.814697265625000000e-05
-1.914985030889511108e-01,2.759870147705078125e+01,-7.691979408264160156e-05,-1.296997070312500000e-04
-1.915754228830337524e-01,2.759857177734375000e+01,9.967386722564697266e-05,7.820129394531250000e-05
-1.914757490158081055e-01,2.759864997863769531e+01,-3.857910633087158203e-05,2.861022949218750000e-05
-1.915143281221389771e-01,2.759867858886718750e+01,-1.045316457748413086e-04,4.959106445312500000e-05
-1.916188597679138184e-01,2.759872817993164062e+01,1.169294118881225586e-04,-1.258850097656250000e-04
-1.915019303560256958e-01,2.759860229492187500e+01,-1.294314861297607422e-04,1.907348632812500000e-05
-1.916313618421554565e-01,2.759862136840820312e+01,1.005530357360839844e-04,8.392333984375000000e-05
-1.915308088064193726e-01,2.759870529174804688e+01,-7.256865501403808594e-05,-2.861022949218750000e-05
-1.916033774614334106e-01,2.759867668151855469e+01,1.024305820465087891e-04,7.057189941406250000e-05
-1.915009468793869019e-01,2.759874725341796875e+01,-8.279085159301757812e-05,-8.773803710937500000e-05
-1.915837377309799194e-01,2.759865951538085938e+01,8.821487426757812500e-05,4.196166992187500000e-05
-1.914955228567123413e-01,2.759870147705078125e+01,-1.149028539657592773e-04,-3.051757812500000000e-05
-1.916104257106781006e-01,2.759867095947265625e+01,4.406273365020751953e-05,0.000000000000000000e+00
-1.915663629770278931e-01,2.759867095947265625e+01,1.014769077301025391e-05,-8.773803710937500000e-05
-1.915562152862548828e-01,2.759858322143554688e+01,-2.659857273101806641e-05,7.629394531250000000e-06
-1.915828138589859009e-01,2.759859085083007812e+01,3.345310688018798828e-05,1.525878906250000000e-05
-1.915493607521057129e-01,2.759860610961914062e+01,-3.060698509216308594e-05,1.239776611328125000e-04
-1.915799677371978760e-01,2.759873008728027344e+01,-3.491342067718505859e-05,-4.577636718750000000e-05
-1.916148811578750610e-01,2.759868431091308594e+01,9.968876838684082031e-06,9.536743164062500000e-06
-1.916049122810363770e-01,2.759869384765625000e+01,4.181265830993652344e-05,7.629394531250000000e-06
-1.915630996227264404e-01,2.759870147705078125e+01,1.461803913116455078e-05,2.098083496093750000e-05
-1.915484815835952759e-01,2.759872245788574219e+01,-4.222989082336425781e-05,-9.727478027343750000e-05
-1.915907114744186401e-01,2.759862518310546875e+01,2.248585224151611328e-05,5.149841308593750000e-05
-1.915682256221771240e-01,2.759867668151855469e+01,4.082918167114257812e-05,-2.479553222656250000e-05
-1.915273964405059814e-01,2.759865188598632812e+01,-1.073777675628662109e-04,4.577636718750000000e-05
-1.916347742080688477e-01,2.759869766235351562e+01,4.458427429199218750e-05,3.433227539062500000e-05
-1.915901899337768555e-01,2.759873199462890625e+01,-2.060830593109130859e-05,-9.918212890625000000e-05
-1.916107982397079468e-01,2.759863281250000000e+01,-1.473724842071533203e-05,-3.814697265625000000e-06
-1.916255354881286621e-01,2.759862899780273438e+01,6.705522537231445312e-07,4.005432128906250000e-05
-1.916248649358749390e-01,2.759866905212402344e+01,9.560585021972656250e-05,1.716613769531250000e-05
-1.915292590856552124e-01,2.759868621826171875e+01,-6.745755672454833984e-05,-1.525878906250000000e-05
-1.915967166423797607e-01,2.759867095947265625e+01,5.020201206207275391e-05,-2.861022949218750000e-05
-1.915465146303176880e-01,2.759864234924316406e+01,-3.947317600250244141e-05,-1.144409179687500000e-05
-1.915859878063201904e-01,2.759863090515136719e+01,8.995831012725830078e-05,8.583068847656250000e-05
-1.914960294961929321e-01,2.759871673583984375e+01,-1.928210258483886719e-05,-3.051757812500000000e-05
-1.915153115987777710e-01,2.759868621826171875e+01,-4.529953002929687500e-05,0.000000000000000000e+00
-1.915606111288070679e-01,2.759868621826171875e+01,2.013146877288818359e-05,-9.536743164062500000e-05
-1.915404796600341797e-01,2.759859085083007812e+01,-2.907216548919677734e-05,1.144409179687500000e-04
-1.915695518255233765e-01,2.759870529174804688e+01,-2.895295619964599609e-05,-7.629394531250000000e-05
-1.915985047817230225e-01,2.759862899780273438e+01,-2.817809581756591797e-05,-1.335144042968750000e-05
-1.916266828775405884e-01,2.759861564636230469e+01,2.948939800262451172e-05,4.386901855468750000e-05
-1.915971934795379639e-01,2.759865951538085938e+01,7.081031799316406250e-05,-1.525878906250000000e-05
-1.915263831615447998e-01,2.759864425659179688e+01,-7.244944572448730469e-05,2.288818359375000000e-05
-1.915988326072692871e-01,2.759866714477539062e+01,4.698336124420166016e-05,5.149841308593750000e-05
-1.915518492460250854e-01,2.759871864318847656e+01,-3.024935722351074219e-06,-1.049041748046875000e-04
-1.915548741817474365e-01,2.759861373901367188e+01,4.276633262634277344e-05,3.051757812500000000e-05
-1.915121078491210938e-01,2.759864425659179688e+01,-4.668533802032470703e-05,3.814697265625000000e-06
-1.915587931871414185e-01,2.759864807128906250e+01,2.565979957580566406e-05,5.722045898437500000e-05
-1.915331333875656128e-01,2.759870529174804688e+01,5.707144737243652344e-06,-8.773803710937500000e-05
-1.915274262428283691e-01,2.759861755371093750e+01,-3.471970558166503906e-06,1.182556152343750000e-04
-1.915308982133865356e-01,2.759873580932617188e+01,-1.178681850433349609e-05,-6.103515625000000000e-05
-1.915426850318908691e-01,2.759867477416992188e+01,8.498132228851318359e-05,-2.098083496093750000e-05
-1.914577037096023560e-01,2.759865379333496094e+01,-4.827976226806640625e-05,6.103515625000000000e-05
-1.915059834718704224e-01,2.759871482849121094e+01,-1.152902841567993164e-04,-1.716613769531250000e-05
-1.916212737560272217e-01,2.759869766235351562e+01,8.106231689453125000e-06,3.623962402343750000e-05
-1.916131675243377686e-01,2.759873390197753906e+01,4.868209362030029297e-05,-1.010894775390625000e-04
-1.915644854307174683e-01,2.759863281250000000e+01,3.463029861450195312e-05,8.010864257812500000e-05
-1.915298551321029663e-01,2.759871292114257812e+01,-1.151859760284423828e-05,-6.866455078125000000e-05
-1.915413737297058105e-01,2.759864425659179688e+01,-3.886222839355468750e-05,2.670288085937500000e-05
-1.915802359580993652e-01,2.759867095947265625e+01,7.957220077514648438e-05,8.010864257812500000e-05
-1.915006637573242188e-01,2.759875106811523438e+01,-6.054341793060302734e-05,-3.051757812500000000e-05
-1.915612071752548218e-01,2.759872055053710938e+01,1.803040504455566406e-06,-1.029968261718750000e-04
-1.915594041347503662e-01,2.759861755371093750e+01,-2.154707908630371094e-05,3.242492675781250000e-05
-1.915809512138366699e-01,2.759864997863769531e+01,9.655952453613281250e-05,5.722045898437500000e-06
-1.914843916893005371e-01,2.759865570068359375e+01,-6.149709224700927734e-05,1.525878906250000000e-05
-1.915458887815475464e-01,2.759867095947265625e+01,-9.629130363464355469e-05,1.525878906250000000e-05
-1.916421800851821899e-01,2.759868621826171875e+01,7.608532905578613281e-05,8.773803710937500000e-05
-1.915660947561264038e-01,2.759877395629882812e+01,-5.930662155151367188e-06,1.907348632812500000e-06
-1.915720254182815552e-01,2.759877586364746094e+01,-8.237361907958984375e-05,-9.346008300781250000e-05
-1.916543990373611450e-01,2.759868240356445312e+01,8.895993232727050781e-05,-2.288818359375000000e-05
-1.915654391050338745e-01,2.759865951538085938e+01,1.339614391326904297e-05,8.201599121093750000e-05
-1.915520429611206055e-01,2.759874153137207031e+01,3.342330455780029297e-05,-9.727478027343750000e-05
-1.915186196565628052e-01,2.759864425659179688e+01,-6.188452243804931641e-05,4.196166992187500000e-05
-1.915805041790008545e-01,2.759868621826171875e+01,-1.384317874908447266e-05,-3.433227539062500000e-05
-1.915943473577499390e-01,2.759865188598632812e+01,-1.770257949829101562e-05,6.294250488281250000e-05
-1.916120499372482300e-01,2.759871482849121094e+01,9.866058826446533203e-05,-4.196166992187500000e-05
-1.915133893489837646e-01,2.759867286682128906e+01,-8.170306682586669922e-05,3.433227539062500000e-05
-1.915950924158096313e-01,2.759870719909667969e+01,-1.572072505950927734e-05,-1.354217529296875000e-04
-1.916108131408691406e-01,2.759857177734375000e+01,5.279481410980224609e-05,1.258850097656250000e-04
-1.915580183267593384e-01,2.759869766235351562e+01,-1.150369644165039062e-05,-5.722045898437500000e-05
-1.915695220232009888e-01,2.759864044189453125e+01,5.048513412475585938e-05,3.242492675781250000e-05
-1.915190368890762329e-01,2.759867286682128906e+01,1.700222492218017578e-05,4.005432128906250000e-05
-1.915020346641540527e-01,2.759871292114257812e+01,-1.201033592224121094e-05,-6.866455078125000000e-05
-1.915140450000762939e-01,2.759864425659179688e+01,-6.626546382904052734e-05,3.242492675781250000e-05
-1.915803104639053345e-01,2.759867668151855469e+01,5.979835987091064453e-05,-5.531311035156250000e-05
-1.915205121040344238e-01,2.759862136840820312e+01,-1.204460859298706055e-04,4.196166992187500000e-05
-1.916409581899642944e-01,2.759866333007812500e+01,9.913742542266845703e-05,-2.479553222656250000e-05
-1.915418207645416260e-01,2.759863853454589844e+01,2.451241016387939453e-05,1.907348632812500000e-06
-1.915173083543777466e-01,2.759864044189453125e+01,-3.257393836975097656e-05,5.722045898437500000e-05
-1.915498822927474976e-01,2.759869766235351562e+01,7.130205631256103516e-05,-8.010864257812500000e-05
-1.914785802364349365e-01,2.759861755371093750e+01,-1.441836357116699219e-04,7.247924804687500000e-05
-1.916227638721466064e-01,2.759869003295898438e+01,5.757808685302734375e-05,-8.010864257812500000e-05
-1.915651857852935791e-01,2.759860992431640625e+01,-2.719461917877197266e-05,8.392333984375000000e-05
-1.915923804044723511e-01,2.759869384765625000e+01,-1.339614391326904297e-05,-9.918212890625000000e-05
-1.916057765483856201e-01,2.759859466552734375e+01,4.634261131286621094e-05,3.433227539062500000e-05
-1.915594339370727539e-01,2.759862899780273438e+01,6.738305091857910156e-05,1.525878906250000000e-05
-1.914920508861541748e-01,2.759864425659179688e+01,-5.160272121429443359e-05,-4.386901855468750000e-05
-1.915436536073684692e-01,2.759860038757324219e+01,5.704164505004882812e-05,3.433227539062500000e-05
